rebalance_date,theme,ticker,weight
2021-12-31,AI Infrastructure,FNWD,0.03333333333333333
2021-12-31,AI Infrastructure,BOTJ,0.03333333333333333
2021-12-31,AI Infrastructure,WSBF,0.03333333333333333
2021-12-31,AI Infrastructure,HCKT,0.03333333333333333
2021-12-31,AI Infrastructure,SILC,0.03333333333333333
2021-12-31,AI Infrastructure,OXM,0.03333333333333333
2021-12-31,AI Infrastructure,KRNY,0.03333333333333333
2021-12-31,AI Infrastructure,FEIM,0.03333333333333333
2021-12-31,AI Infrastructure,LAND,0.03333333333333333
2021-12-31,AI Infrastructure,VREX,0.03333333333333333
2021-12-31,AI Infrastructure,JMSB,0.03333333333333333
2021-12-31,AI Infrastructure,CCOI,0.03333333333333333
2021-12-31,AI Infrastructure,TRAK,0.03333333333333333
2021-12-31,AI Infrastructure,ERII,0.03333333333333333
2021-12-31,AI Infrastructure,KVHI,0.03333333333333333
2021-12-31,AI Infrastructure,CTO,0.03333333333333333
2021-12-31,AI Infrastructure,FRD,0.03333333333333333
2021-12-31,AI Infrastructure,TG,0.03333333333333333
2021-12-31,AI Infrastructure,SSTK,0.03333333333333333
2021-12-31,AI Infrastructure,MOMO,0.03333333333333333
2021-12-31,AI Infrastructure,SSBI,0.03333333333333333
2021-12-31,AI Infrastructure,MX,0.03333333333333333
2021-12-31,AI Infrastructure,DLHC,0.03333333333333333
2021-12-31,AI Infrastructure,GPRO,0.03333333333333333
2021-12-31,AI Infrastructure,BOOM,0.03333333333333333
2021-12-31,AI Infrastructure,ARQ,0.03333333333333333
2021-12-31,AI Infrastructure,ASYS,0.03333333333333333
2021-12-31,AI Infrastructure,EGAN,0.03333333333333333
2021-12-31,AI Infrastructure,MITK,0.03333333333333333
2021-12-31,AI Infrastructure,DWSN,0.03333333333333333
2021-12-31,Agribusiness,EBF,0.03333333333333333
2021-12-31,Agribusiness,FRPH,0.03333333333333333
2021-12-31,Agribusiness,CZFS,0.03333333333333333
2021-12-31,Agribusiness,ULH,0.03333333333333333
2021-12-31,Agribusiness,FNLC,0.03333333333333333
2021-12-31,Agribusiness,HURC,0.03333333333333333
2021-12-31,Agribusiness,HWBK,0.03333333333333333
2021-12-31,Agribusiness,LARK,0.03333333333333333
2021-12-31,Agribusiness,MAGN,0.03333333333333333
2021-12-31,Agribusiness,VLGEA,0.03333333333333333
2021-12-31,Agribusiness,SPOK,0.03333333333333333
2021-12-31,Agribusiness,NUS,0.03333333333333333
2021-12-31,Agribusiness,SELF,0.03333333333333333
2021-12-31,Agribusiness,FCCO,0.03333333333333333
2021-12-31,Agribusiness,EVO,0.03333333333333333
2021-12-31,Agribusiness,AVD,0.03333333333333333
2021-12-31,Agribusiness,TCX,0.03333333333333333
2021-12-31,Agribusiness,OPBK,0.03333333333333333
2021-12-31,Agribusiness,GLRE,0.03333333333333333
2021-12-31,Agribusiness,FDBC,0.03333333333333333
2021-12-31,Agribusiness,UNB,0.03333333333333333
2021-12-31,Agribusiness,ERII,0.03333333333333333
2021-12-31,Agribusiness,KVHI,0.03333333333333333
2021-12-31,Agribusiness,JMSB,0.03333333333333333
2021-12-31,Agribusiness,ISBA,0.03333333333333333
2021-12-31,Agribusiness,CLMB,0.03333333333333333
2021-12-31,Agribusiness,ULBI,0.03333333333333333
2021-12-31,Agribusiness,UEIC,0.03333333333333333
2021-12-31,Agribusiness,CTO,0.03333333333333333
2021-12-31,Agribusiness,HAIN,0.03333333333333333
2021-12-31,Clean Energy,PPIH,0.03333333333333333
2021-12-31,Clean Energy,TTEC,0.03333333333333333
2021-12-31,Clean Energy,WSBF,0.03333333333333333
2021-12-31,Clean Energy,BBDC,0.03333333333333333
2021-12-31,Clean Energy,CDZI,0.03333333333333333
2021-12-31,Clean Energy,NECB,0.03333333333333333
2021-12-31,Clean Energy,ITIC,0.03333333333333333
2021-12-31,Clean Energy,WILC,0.03333333333333333
2021-12-31,Clean Energy,DGICA,0.03333333333333333
2021-12-31,Clean Energy,CBNK,0.03333333333333333
2021-12-31,Clean Energy,MRBK,0.03333333333333333
2021-12-31,Clean Energy,CSV,0.03333333333333333
2021-12-31,Clean Energy,APOG,0.03333333333333333
2021-12-31,Clean Energy,ARTNA,0.03333333333333333
2021-12-31,Clean Energy,NAVI,0.03333333333333333
2021-12-31,Clean Energy,SILC,0.03333333333333333
2021-12-31,Clean Energy,PERI,0.03333333333333333
2021-12-31,Clean Energy,FRAF,0.03333333333333333
2021-12-31,Clean Energy,HCKT,0.03333333333333333
2021-12-31,Clean Energy,TAYD,0.03333333333333333
2021-12-31,Clean Energy,PDLB,0.03333333333333333
2021-12-31,Clean Energy,MATV,0.03333333333333333
2021-12-31,Clean Energy,FISI,0.03333333333333333
2021-12-31,Clean Energy,BOTJ,0.03333333333333333
2021-12-31,Clean Energy,BRT,0.03333333333333333
2021-12-31,Clean Energy,OFLX,0.03333333333333333
2021-12-31,Clean Energy,GWRS,0.03333333333333333
2021-12-31,Clean Energy,WNEB,0.03333333333333333
2021-12-31,Clean Energy,RBB,0.03333333333333333
2021-12-31,Clean Energy,FEIM,0.03333333333333333
2021-12-31,Critical Minerals,AVD,0.03333333333333333
2021-12-31,Critical Minerals,ALRS,0.03333333333333333
2021-12-31,Critical Minerals,FNLC,0.03333333333333333
2021-12-31,Critical Minerals,GWRS,0.03333333333333333
2021-12-31,Critical Minerals,HCKT,0.03333333333333333
2021-12-31,Critical Minerals,GSBC,0.03333333333333333
2021-12-31,Critical Minerals,OPBK,0.03333333333333333
2021-12-31,Critical Minerals,USNA,0.03333333333333333
2021-12-31,Critical Minerals,CBAN,0.03333333333333333
2021-12-31,Critical Minerals,FRBA,0.03333333333333333
2021-12-31,Critical Minerals,FVCB,0.03333333333333333
2021-12-31,Critical Minerals,FDBC,0.03333333333333333
2021-12-31,Critical Minerals,RGCO,0.03333333333333333
2021-12-31,Critical Minerals,WNEB,0.03333333333333333
2021-12-31,Critical Minerals,MATV,0.03333333333333333
2021-12-31,Critical Minerals,SHBI,0.03333333333333333
2021-12-31,Critical Minerals,UNB,0.03333333333333333
2021-12-31,Critical Minerals,CSIQ,0.03333333333333333
2021-12-31,Critical Minerals,TTEC,0.03333333333333333
2021-12-31,Critical Minerals,OVLY,0.03333333333333333
2021-12-31,Critical Minerals,MRBK,0.03333333333333333
2021-12-31,Critical Minerals,FLXS,0.03333333333333333
2021-12-31,Critical Minerals,PACK,0.03333333333333333
2021-12-31,Critical Minerals,FF,0.03333333333333333
2021-12-31,Critical Minerals,BRT,0.03333333333333333
2021-12-31,Critical Minerals,MSC,0.03333333333333333
2021-12-31,Critical Minerals,RPAY,0.03333333333333333
2021-12-31,Critical Minerals,MITK,0.03333333333333333
2021-12-31,Critical Minerals,PAMT,0.03333333333333333
2021-12-31,Critical Minerals,VHI,0.03333333333333333
2021-12-31,Cybersecurity,EBMT,0.03333333333333333
2021-12-31,Cybersecurity,CABO,0.03333333333333333
2021-12-31,Cybersecurity,CHSCO,0.03333333333333333
2021-12-31,Cybersecurity,EBF,0.03333333333333333
2021-12-31,Cybersecurity,CBAN,0.03333333333333333
2021-12-31,Cybersecurity,FNRN,0.03333333333333333
2021-12-31,Cybersecurity,CFFI,0.03333333333333333
2021-12-31,Cybersecurity,TSBK,0.03333333333333333
2021-12-31,Cybersecurity,CFBK,0.03333333333333333
2021-12-31,Cybersecurity,RBB,0.03333333333333333
2021-12-31,Cybersecurity,LARK,0.03333333333333333
2021-12-31,Cybersecurity,SELF,0.03333333333333333
2021-12-31,Cybersecurity,OFIX,0.03333333333333333
2021-12-31,Cybersecurity,ULH,0.03333333333333333
2021-12-31,Cybersecurity,EVO,0.03333333333333333
2021-12-31,Cybersecurity,WSBF,0.03333333333333333
2021-12-31,Cybersecurity,RPD,0.03333333333333333
2021-12-31,Cybersecurity,VLGEA,0.03333333333333333
2021-12-31,Cybersecurity,HELE,0.03333333333333333
2021-12-31,Cybersecurity,EGHT,0.03333333333333333
2021-12-31,Cybersecurity,HWBK,0.03333333333333333
2021-12-31,Cybersecurity,SPOK,0.03333333333333333
2021-12-31,Cybersecurity,FEIM,0.03333333333333333
2021-12-31,Cybersecurity,FCCO,0.03333333333333333
2021-12-31,Cybersecurity,INTG,0.03333333333333333
2021-12-31,Cybersecurity,PDLB,0.03333333333333333
2021-12-31,Cybersecurity,BOC,0.03333333333333333
2021-12-31,Cybersecurity,JOUT,0.03333333333333333
2021-12-31,Cybersecurity,MNSB,0.03333333333333333
2021-12-31,Cybersecurity,MLAB,0.03333333333333333
2021-12-31,Defense,BBDC,0.03333333333333333
2021-12-31,Defense,FBIZ,0.03333333333333333
2021-12-31,Defense,CBFV,0.03333333333333333
2021-12-31,Defense,OFIX,0.03333333333333333
2021-12-31,Defense,SELF,0.03333333333333333
2021-12-31,Defense,CABO,0.03333333333333333
2021-12-31,Defense,DGICA,0.03333333333333333
2021-12-31,Defense,LARK,0.03333333333333333
2021-12-31,Defense,BCAL,0.03333333333333333
2021-12-31,Defense,BBSI,0.03333333333333333
2021-12-31,Defense,CASS,0.03333333333333333
2021-12-31,Defense,NECB,0.03333333333333333
2021-12-31,Defense,WSBF,0.03333333333333333
2021-12-31,Defense,APOG,0.03333333333333333
2021-12-31,Defense,JMSB,0.03333333333333333
2021-12-31,Defense,EBF,0.03333333333333333
2021-12-31,Defense,HCKT,0.03333333333333333
2021-12-31,Defense,ISBA,0.03333333333333333
2021-12-31,Defense,NFBK,0.03333333333333333
2021-12-31,Defense,FCCO,0.03333333333333333
2021-12-31,Defense,CBNK,0.03333333333333333
2021-12-31,Defense,GHI,0.03333333333333333
2021-12-31,Defense,MHLA,0.03333333333333333
2021-12-31,Defense,TSBK,0.03333333333333333
2021-12-31,Defense,GLRE,0.03333333333333333
2021-12-31,Defense,FISI,0.03333333333333333
2021-12-31,Defense,DAVA,0.03333333333333333
2021-12-31,Defense,HELE,0.03333333333333333
2021-12-31,Defense,CFBK,0.03333333333333333
2021-12-31,Defense,CBAN,0.03333333333333333
2021-12-31,Fintech,BCAL,0.03333333333333333
2021-12-31,Fintech,SELF,0.03333333333333333
2021-12-31,Fintech,CBAN,0.03333333333333333
2021-12-31,Fintech,LPRO,0.03333333333333333
2021-12-31,Fintech,HELE,0.03333333333333333
2021-12-31,Fintech,NECB,0.03333333333333333
2021-12-31,Fintech,CABO,0.03333333333333333
2021-12-31,Fintech,HY,0.03333333333333333
2021-12-31,Fintech,BBDC,0.03333333333333333
2021-12-31,Fintech,PDLB,0.03333333333333333
2021-12-31,Fintech,SMBK,0.03333333333333333
2021-12-31,Fintech,FEIM,0.03333333333333333
2021-12-31,Fintech,TAYD,0.03333333333333333
2021-12-31,Fintech,NAVI,0.03333333333333333
2021-12-31,Fintech,JOUT,0.03333333333333333
2021-12-31,Fintech,YEXT,0.03333333333333333
2021-12-31,Fintech,INTG,0.03333333333333333
2021-12-31,Fintech,RPD,0.03333333333333333
2021-12-31,Fintech,CZWI,0.03333333333333333
2021-12-31,Fintech,DAVA,0.03333333333333333
2021-12-31,Fintech,SFST,0.03333333333333333
2021-12-31,Fintech,GILT,0.03333333333333333
2021-12-31,Fintech,FRD,0.03333333333333333
2021-12-31,Fintech,TRAK,0.03333333333333333
2021-12-31,Fintech,GTN,0.03333333333333333
2021-12-31,Fintech,LOCO,0.03333333333333333
2021-12-31,Fintech,HOFT,0.03333333333333333
2021-12-31,Fintech,NC,0.03333333333333333
2021-12-31,Fintech,MED,0.03333333333333333
2021-12-31,Fintech,RPAY,0.03333333333333333
2021-12-31,Robotics & AI,MAGN,0.03333333333333333
2021-12-31,Robotics & AI,EBF,0.03333333333333333
2021-12-31,Robotics & AI,FRPH,0.03333333333333333
2021-12-31,Robotics & AI,TSBK,0.03333333333333333
2021-12-31,Robotics & AI,HY,0.03333333333333333
2021-12-31,Robotics & AI,CMCO,0.03333333333333333
2021-12-31,Robotics & AI,ULH,0.03333333333333333
2021-12-31,Robotics & AI,PCYO,0.03333333333333333
2021-12-31,Robotics & AI,MEI,0.03333333333333333
2021-12-31,Robotics & AI,PROV,0.03333333333333333
2021-12-31,Robotics & AI,WEYS,0.03333333333333333
2021-12-31,Robotics & AI,EVO,0.03333333333333333
2021-12-31,Robotics & AI,NUS,0.03333333333333333
2021-12-31,Robotics & AI,NWFL,0.03333333333333333
2021-12-31,Robotics & AI,BSET,0.03333333333333333
2021-12-31,Robotics & AI,TG,0.03333333333333333
2021-12-31,Robotics & AI,MAYS,0.03333333333333333
2021-12-31,Robotics & AI,CABO,0.03333333333333333
2021-12-31,Robotics & AI,AVD,0.03333333333333333
2021-12-31,Robotics & AI,ETD,0.03333333333333333
2021-12-31,Robotics & AI,HOFT,0.03333333333333333
2021-12-31,Robotics & AI,KVHI,0.03333333333333333
2021-12-31,Robotics & AI,OEC,0.03333333333333333
2021-12-31,Robotics & AI,ERII,0.03333333333333333
2021-12-31,Robotics & AI,VREX,0.03333333333333333
2021-12-31,Robotics & AI,KRO,0.03333333333333333
2021-12-31,Robotics & AI,OVLY,0.03333333333333333
2021-12-31,Robotics & AI,WNC,0.03333333333333333
2021-12-31,Robotics & AI,SHBI,0.03333333333333333
2021-12-31,Robotics & AI,JMSB,0.03333333333333333
2021-12-31,Timber & Forestry,EBF,0.03333333333333333
2021-12-31,Timber & Forestry,FRPH,0.03333333333333333
2021-12-31,Timber & Forestry,MAGN,0.03333333333333333
2021-12-31,Timber & Forestry,FWRD,0.03333333333333333
2021-12-31,Timber & Forestry,ULH,0.03333333333333333
2021-12-31,Timber & Forestry,TCX,0.03333333333333333
2021-12-31,Timber & Forestry,KFRC,0.03333333333333333
2021-12-31,Timber & Forestry,AVD,0.03333333333333333
2021-12-31,Timber & Forestry,FNLC,0.03333333333333333
2021-12-31,Timber & Forestry,FNRN,0.03333333333333333
2021-12-31,Timber & Forestry,PCYO,0.03333333333333333
2021-12-31,Timber & Forestry,NUS,0.03333333333333333
2021-12-31,Timber & Forestry,ERII,0.03333333333333333
2021-12-31,Timber & Forestry,HURC,0.03333333333333333
2021-12-31,Timber & Forestry,HY,0.03333333333333333
2021-12-31,Timber & Forestry,EVO,0.03333333333333333
2021-12-31,Timber & Forestry,HWBK,0.03333333333333333
2021-12-31,Timber & Forestry,PROV,0.03333333333333333
2021-12-31,Timber & Forestry,VLGEA,0.03333333333333333
2021-12-31,Timber & Forestry,SPOK,0.03333333333333333
2021-12-31,Timber & Forestry,MEI,0.03333333333333333
2021-12-31,Timber & Forestry,SELF,0.03333333333333333
2021-12-31,Timber & Forestry,NWFL,0.03333333333333333
2021-12-31,Timber & Forestry,JOUT,0.03333333333333333
2021-12-31,Timber & Forestry,CMCO,0.03333333333333333
2021-12-31,Timber & Forestry,VREX,0.03333333333333333
2021-12-31,Timber & Forestry,OEC,0.03333333333333333
2021-12-31,Timber & Forestry,OPBK,0.03333333333333333
2021-12-31,Timber & Forestry,KVHI,0.03333333333333333
2021-12-31,Timber & Forestry,UNB,0.03333333333333333
2021-12-31,US Infrastructure,EBF,0.03333333333333333
2021-12-31,US Infrastructure,FRPH,0.03333333333333333
2021-12-31,US Infrastructure,DGICA,0.03333333333333333
2021-12-31,US Infrastructure,TRST,0.03333333333333333
2021-12-31,US Infrastructure,ATLO,0.03333333333333333
2021-12-31,US Infrastructure,FWRD,0.03333333333333333
2021-12-31,US Infrastructure,GSBC,0.03333333333333333
2021-12-31,US Infrastructure,KFRC,0.03333333333333333
2021-12-31,US Infrastructure,GBLI,0.03333333333333333
2021-12-31,US Infrastructure,FRBA,0.03333333333333333
2021-12-31,US Infrastructure,LARK,0.03333333333333333
2021-12-31,US Infrastructure,HCKT,0.03333333333333333
2021-12-31,US Infrastructure,MHLA,0.03333333333333333
2021-12-31,US Infrastructure,FNLC,0.03333333333333333
2021-12-31,US Infrastructure,BMRC,0.03333333333333333
2021-12-31,US Infrastructure,FRAF,0.03333333333333333
2021-12-31,US Infrastructure,CIVB,0.03333333333333333
2021-12-31,US Infrastructure,HURC,0.03333333333333333
2021-12-31,US Infrastructure,WTBA,0.03333333333333333
2021-12-31,US Infrastructure,FISI,0.03333333333333333
2021-12-31,US Infrastructure,HRTG,0.03333333333333333
2021-12-31,US Infrastructure,CSV,0.03333333333333333
2021-12-31,US Infrastructure,IIIN,0.03333333333333333
2021-12-31,US Infrastructure,ACNB,0.03333333333333333
2021-12-31,US Infrastructure,TTEC,0.03333333333333333
2021-12-31,US Infrastructure,AVD,0.03333333333333333
2021-12-31,US Infrastructure,MRBK,0.03333333333333333
2021-12-31,US Infrastructure,GLRE,0.03333333333333333
2021-12-31,US Infrastructure,PKE,0.03333333333333333
2021-12-31,US Infrastructure,SHBI,0.03333333333333333
2021-12-31,Water,EBF,0.03333333333333333
2021-12-31,Water,NFBK,0.03333333333333333
2021-12-31,Water,FNLC,0.03333333333333333
2021-12-31,Water,CIVB,0.03333333333333333
2021-12-31,Water,PCYO,0.03333333333333333
2021-12-31,Water,TRST,0.03333333333333333
2021-12-31,Water,DGICA,0.03333333333333333
2021-12-31,Water,FWRD,0.03333333333333333
2021-12-31,Water,GSBC,0.03333333333333333
2021-12-31,Water,NKSH,0.03333333333333333
2021-12-31,Water,GWRS,0.03333333333333333
2021-12-31,Water,GBLI,0.03333333333333333
2021-12-31,Water,ATLO,0.03333333333333333
2021-12-31,Water,KFRC,0.03333333333333333
2021-12-31,Water,HCKT,0.03333333333333333
2021-12-31,Water,HRTG,0.03333333333333333
2021-12-31,Water,TTEC,0.03333333333333333
2021-12-31,Water,WTBA,0.03333333333333333
2021-12-31,Water,FRBA,0.03333333333333333
2021-12-31,Water,PROV,0.03333333333333333
2021-12-31,Water,BPRN,0.03333333333333333
2021-12-31,Water,WNEB,0.03333333333333333
2021-12-31,Water,EIG,0.03333333333333333
2021-12-31,Water,HURC,0.03333333333333333
2021-12-31,Water,GLRE,0.03333333333333333
2021-12-31,Water,CSV,0.03333333333333333
2021-12-31,Water,HIFS,0.03333333333333333
2021-12-31,Water,RVSB,0.03333333333333333
2021-12-31,Water,FDBC,0.03333333333333333
2021-12-31,Water,RGCO,0.03333333333333333
2022-01-28,AI Infrastructure,WSBF,0.03333333333333333
2022-01-28,AI Infrastructure,RBB,0.03333333333333333
2022-01-28,AI Infrastructure,FWRD,0.03333333333333333
2022-01-28,AI Infrastructure,PPIH,0.03333333333333333
2022-01-28,AI Infrastructure,KRNY,0.03333333333333333
2022-01-28,AI Infrastructure,OXM,0.03333333333333333
2022-01-28,AI Infrastructure,RELL,0.03333333333333333
2022-01-28,AI Infrastructure,OSG,0.03333333333333333
2022-01-28,AI Infrastructure,VREX,0.03333333333333333
2022-01-28,AI Infrastructure,CCNE,0.03333333333333333
2022-01-28,AI Infrastructure,SILC,0.03333333333333333
2022-01-28,AI Infrastructure,CCOI,0.03333333333333333
2022-01-28,AI Infrastructure,ERII,0.03333333333333333
2022-01-28,AI Infrastructure,CTO,0.03333333333333333
2022-01-28,AI Infrastructure,PDLB,0.03333333333333333
2022-01-28,AI Infrastructure,TG,0.03333333333333333
2022-01-28,AI Infrastructure,CSTE,0.03333333333333333
2022-01-28,AI Infrastructure,STRS,0.03333333333333333
2022-01-28,AI Infrastructure,TRAK,0.03333333333333333
2022-01-28,AI Infrastructure,SSTK,0.03333333333333333
2022-01-28,AI Infrastructure,FRD,0.03333333333333333
2022-01-28,AI Infrastructure,FEIM,0.03333333333333333
2022-01-28,AI Infrastructure,MOMO,0.03333333333333333
2022-01-28,AI Infrastructure,CSIQ,0.03333333333333333
2022-01-28,AI Infrastructure,CLFD,0.03333333333333333
2022-01-28,AI Infrastructure,ASYS,0.03333333333333333
2022-01-28,AI Infrastructure,MX,0.03333333333333333
2022-01-28,AI Infrastructure,CERS,0.03333333333333333
2022-01-28,AI Infrastructure,MITK,0.03333333333333333
2022-01-28,AI Infrastructure,FPH,0.03333333333333333
2022-01-28,Agribusiness,EBF,0.03333333333333333
2022-01-28,Agribusiness,FRPH,0.03333333333333333
2022-01-28,Agribusiness,HURC,0.03333333333333333
2022-01-28,Agribusiness,CZFS,0.03333333333333333
2022-01-28,Agribusiness,FNLC,0.03333333333333333
2022-01-28,Agribusiness,ULH,0.03333333333333333
2022-01-28,Agribusiness,HWBK,0.03333333333333333
2022-01-28,Agribusiness,DSWL,0.03333333333333333
2022-01-28,Agribusiness,SPOK,0.03333333333333333
2022-01-28,Agribusiness,VLGEA,0.03333333333333333
2022-01-28,Agribusiness,TCX,0.03333333333333333
2022-01-28,Agribusiness,MAGN,0.03333333333333333
2022-01-28,Agribusiness,AVD,0.03333333333333333
2022-01-28,Agribusiness,OPBK,0.03333333333333333
2022-01-28,Agribusiness,GLRE,0.03333333333333333
2022-01-28,Agribusiness,ERII,0.03333333333333333
2022-01-28,Agribusiness,EVO,0.03333333333333333
2022-01-28,Agribusiness,UNB,0.03333333333333333
2022-01-28,Agribusiness,NUS,0.03333333333333333
2022-01-28,Agribusiness,CSTE,0.03333333333333333
2022-01-28,Agribusiness,KVHI,0.03333333333333333
2022-01-28,Agribusiness,ISBA,0.03333333333333333
2022-01-28,Agribusiness,VREX,0.03333333333333333
2022-01-28,Agribusiness,JMSB,0.03333333333333333
2022-01-28,Agribusiness,UEIC,0.03333333333333333
2022-01-28,Agribusiness,GASS,0.03333333333333333
2022-01-28,Agribusiness,ULBI,0.03333333333333333
2022-01-28,Agribusiness,DGICB,0.03333333333333333
2022-01-28,Agribusiness,CTO,0.03333333333333333
2022-01-28,Agribusiness,OEC,0.03333333333333333
2022-01-28,Clean Energy,PPIH,0.03333333333333333
2022-01-28,Clean Energy,TTEC,0.03333333333333333
2022-01-28,Clean Energy,WILC,0.03333333333333333
2022-01-28,Clean Energy,SILC,0.03333333333333333
2022-01-28,Clean Energy,BOTJ,0.03333333333333333
2022-01-28,Clean Energy,NECB,0.03333333333333333
2022-01-28,Clean Energy,HCKT,0.03333333333333333
2022-01-28,Clean Energy,DGICA,0.03333333333333333
2022-01-28,Clean Energy,ITIC,0.03333333333333333
2022-01-28,Clean Energy,CBNK,0.03333333333333333
2022-01-28,Clean Energy,GLRE,0.03333333333333333
2022-01-28,Clean Energy,CSV,0.03333333333333333
2022-01-28,Clean Energy,CFFI,0.03333333333333333
2022-01-28,Clean Energy,CIVB,0.03333333333333333
2022-01-28,Clean Energy,FRBA,0.03333333333333333
2022-01-28,Clean Energy,GWRS,0.03333333333333333
2022-01-28,Clean Energy,MRBK,0.03333333333333333
2022-01-28,Clean Energy,NAVI,0.03333333333333333
2022-01-28,Clean Energy,BPRN,0.03333333333333333
2022-01-28,Clean Energy,FNLC,0.03333333333333333
2022-01-28,Clean Energy,ARTNA,0.03333333333333333
2022-01-28,Clean Energy,WNEB,0.03333333333333333
2022-01-28,Clean Energy,PERI,0.03333333333333333
2022-01-28,Clean Energy,ANGO,0.03333333333333333
2022-01-28,Clean Energy,PDLB,0.03333333333333333
2022-01-28,Clean Energy,TAYD,0.03333333333333333
2022-01-28,Clean Energy,CDZI,0.03333333333333333
2022-01-28,Clean Energy,FISI,0.03333333333333333
2022-01-28,Clean Energy,PAMT,0.03333333333333333
2022-01-28,Clean Energy,MVBF,0.03333333333333333
2022-01-28,Critical Minerals,ERII,0.03333333333333333
2022-01-28,Critical Minerals,AVD,0.03333333333333333
2022-01-28,Critical Minerals,ALRS,0.03333333333333333
2022-01-28,Critical Minerals,FRPH,0.03333333333333333
2022-01-28,Critical Minerals,MAGN,0.03333333333333333
2022-01-28,Critical Minerals,CSTE,0.03333333333333333
2022-01-28,Critical Minerals,FNLC,0.03333333333333333
2022-01-28,Critical Minerals,WTBA,0.03333333333333333
2022-01-28,Critical Minerals,OPBK,0.03333333333333333
2022-01-28,Critical Minerals,EBF,0.03333333333333333
2022-01-28,Critical Minerals,TCX,0.03333333333333333
2022-01-28,Critical Minerals,UNB,0.03333333333333333
2022-01-28,Critical Minerals,HIFS,0.03333333333333333
2022-01-28,Critical Minerals,ACNB,0.03333333333333333
2022-01-28,Critical Minerals,FNWD,0.03333333333333333
2022-01-28,Critical Minerals,KRO,0.03333333333333333
2022-01-28,Critical Minerals,DJCO,0.03333333333333333
2022-01-28,Critical Minerals,CZFS,0.03333333333333333
2022-01-28,Critical Minerals,MBWM,0.03333333333333333
2022-01-28,Critical Minerals,OEC,0.03333333333333333
2022-01-28,Critical Minerals,WNC,0.03333333333333333
2022-01-28,Critical Minerals,USNA,0.03333333333333333
2022-01-28,Critical Minerals,GSBC,0.03333333333333333
2022-01-28,Critical Minerals,FVCB,0.03333333333333333
2022-01-28,Critical Minerals,OVLY,0.03333333333333333
2022-01-28,Critical Minerals,VHI,0.03333333333333333
2022-01-28,Critical Minerals,GWRS,0.03333333333333333
2022-01-28,Critical Minerals,HCKT,0.03333333333333333
2022-01-28,Critical Minerals,FLXS,0.03333333333333333
2022-01-28,Critical Minerals,SSTK,0.03333333333333333
2022-01-28,Cybersecurity,EBMT,0.03333333333333333
2022-01-28,Cybersecurity,CABO,0.03333333333333333
2022-01-28,Cybersecurity,EBF,0.03333333333333333
2022-01-28,Cybersecurity,FNRN,0.03333333333333333
2022-01-28,Cybersecurity,CFFI,0.03333333333333333
2022-01-28,Cybersecurity,OFIX,0.03333333333333333
2022-01-28,Cybersecurity,LARK,0.03333333333333333
2022-01-28,Cybersecurity,SELF,0.03333333333333333
2022-01-28,Cybersecurity,CASS,0.03333333333333333
2022-01-28,Cybersecurity,CBAN,0.03333333333333333
2022-01-28,Cybersecurity,TSBK,0.03333333333333333
2022-01-28,Cybersecurity,BCAL,0.03333333333333333
2022-01-28,Cybersecurity,CFBK,0.03333333333333333
2022-01-28,Cybersecurity,SPOK,0.03333333333333333
2022-01-28,Cybersecurity,EGHT,0.03333333333333333
2022-01-28,Cybersecurity,WSBF,0.03333333333333333
2022-01-28,Cybersecurity,VLGEA,0.03333333333333333
2022-01-28,Cybersecurity,RPD,0.03333333333333333
2022-01-28,Cybersecurity,HWBK,0.03333333333333333
2022-01-28,Cybersecurity,MLAB,0.03333333333333333
2022-01-28,Cybersecurity,HURC,0.03333333333333333
2022-01-28,Cybersecurity,FCCO,0.03333333333333333
2022-01-28,Cybersecurity,ULH,0.03333333333333333
2022-01-28,Cybersecurity,EVO,0.03333333333333333
2022-01-28,Cybersecurity,JOUT,0.03333333333333333
2022-01-28,Cybersecurity,HELE,0.03333333333333333
2022-01-28,Cybersecurity,PDLB,0.03333333333333333
2022-01-28,Cybersecurity,MNSB,0.03333333333333333
2022-01-28,Cybersecurity,CBFV,0.03333333333333333
2022-01-28,Cybersecurity,EGBN,0.03333333333333333
2022-01-28,Defense,BBDC,0.03333333333333333
2022-01-28,Defense,FBIZ,0.03333333333333333
2022-01-28,Defense,APOG,0.03333333333333333
2022-01-28,Defense,SELF,0.03333333333333333
2022-01-28,Defense,WSBF,0.03333333333333333
2022-01-28,Defense,CBFV,0.03333333333333333
2022-01-28,Defense,CABO,0.03333333333333333
2022-01-28,Defense,OFIX,0.03333333333333333
2022-01-28,Defense,GHI,0.03333333333333333
2022-01-28,Defense,FISI,0.03333333333333333
2022-01-28,Defense,NECB,0.03333333333333333
2022-01-28,Defense,CASS,0.03333333333333333
2022-01-28,Defense,LARK,0.03333333333333333
2022-01-28,Defense,JMSB,0.03333333333333333
2022-01-28,Defense,ISBA,0.03333333333333333
2022-01-28,Defense,ARQ,0.03333333333333333
2022-01-28,Defense,EBF,0.03333333333333333
2022-01-28,Defense,FRAF,0.03333333333333333
2022-01-28,Defense,CTO,0.03333333333333333
2022-01-28,Defense,FCCO,0.03333333333333333
2022-01-28,Defense,TSBK,0.03333333333333333
2022-01-28,Defense,NRIM,0.03333333333333333
2022-01-28,Defense,GILT,0.03333333333333333
2022-01-28,Defense,CBAN,0.03333333333333333
2022-01-28,Defense,PGC,0.03333333333333333
2022-01-28,Defense,SMBK,0.03333333333333333
2022-01-28,Defense,SHBI,0.03333333333333333
2022-01-28,Defense,AFBI,0.03333333333333333
2022-01-28,Defense,CWCO,0.03333333333333333
2022-01-28,Defense,CFBK,0.03333333333333333
2022-01-28,Fintech,BCAL,0.03333333333333333
2022-01-28,Fintech,CBAN,0.03333333333333333
2022-01-28,Fintech,WSBF,0.03333333333333333
2022-01-28,Fintech,CABO,0.03333333333333333
2022-01-28,Fintech,DSWL,0.03333333333333333
2022-01-28,Fintech,NECB,0.03333333333333333
2022-01-28,Fintech,HELE,0.03333333333333333
2022-01-28,Fintech,BBSI,0.03333333333333333
2022-01-28,Fintech,LPRO,0.03333333333333333
2022-01-28,Fintech,NAVI,0.03333333333333333
2022-01-28,Fintech,CBFV,0.03333333333333333
2022-01-28,Fintech,CFFI,0.03333333333333333
2022-01-28,Fintech,OXM,0.03333333333333333
2022-01-28,Fintech,SMBK,0.03333333333333333
2022-01-28,Fintech,PDLB,0.03333333333333333
2022-01-28,Fintech,BBDC,0.03333333333333333
2022-01-28,Fintech,HY,0.03333333333333333
2022-01-28,Fintech,TAYD,0.03333333333333333
2022-01-28,Fintech,CZWI,0.03333333333333333
2022-01-28,Fintech,YEXT,0.03333333333333333
2022-01-28,Fintech,CCBG,0.03333333333333333
2022-01-28,Fintech,LOCO,0.03333333333333333
2022-01-28,Fintech,RPD,0.03333333333333333
2022-01-28,Fintech,SFST,0.03333333333333333
2022-01-28,Fintech,OFLX,0.03333333333333333
2022-01-28,Fintech,NODK,0.03333333333333333
2022-01-28,Fintech,RPAY,0.03333333333333333
2022-01-28,Fintech,TRAK,0.03333333333333333
2022-01-28,Fintech,DAVA,0.03333333333333333
2022-01-28,Fintech,MED,0.03333333333333333
2022-01-28,Robotics & AI,EBF,0.03333333333333333
2022-01-28,Robotics & AI,FRPH,0.03333333333333333
2022-01-28,Robotics & AI,MAGN,0.03333333333333333
2022-01-28,Robotics & AI,TSBK,0.03333333333333333
2022-01-28,Robotics & AI,HY,0.03333333333333333
2022-01-28,Robotics & AI,TCX,0.03333333333333333
2022-01-28,Robotics & AI,FWRD,0.03333333333333333
2022-01-28,Robotics & AI,CSTE,0.03333333333333333
2022-01-28,Robotics & AI,WEYS,0.03333333333333333
2022-01-28,Robotics & AI,ULH,0.03333333333333333
2022-01-28,Robotics & AI,TG,0.03333333333333333
2022-01-28,Robotics & AI,SILC,0.03333333333333333
2022-01-28,Robotics & AI,CMCO,0.03333333333333333
2022-01-28,Robotics & AI,MEI,0.03333333333333333
2022-01-28,Robotics & AI,CABO,0.03333333333333333
2022-01-28,Robotics & AI,VLGEA,0.03333333333333333
2022-01-28,Robotics & AI,EVO,0.03333333333333333
2022-01-28,Robotics & AI,ERII,0.03333333333333333
2022-01-28,Robotics & AI,AVD,0.03333333333333333
2022-01-28,Robotics & AI,NUS,0.03333333333333333
2022-01-28,Robotics & AI,KVHI,0.03333333333333333
2022-01-28,Robotics & AI,HOFT,0.03333333333333333
2022-01-28,Robotics & AI,USNA,0.03333333333333333
2022-01-28,Robotics & AI,JMSB,0.03333333333333333
2022-01-28,Robotics & AI,SHBI,0.03333333333333333
2022-01-28,Robotics & AI,OEC,0.03333333333333333
2022-01-28,Robotics & AI,KRO,0.03333333333333333
2022-01-28,Robotics & AI,VREX,0.03333333333333333
2022-01-28,Robotics & AI,APOG,0.03333333333333333
2022-01-28,Robotics & AI,BSET,0.03333333333333333
2022-01-28,Timber & Forestry,EBF,0.03333333333333333
2022-01-28,Timber & Forestry,FRPH,0.03333333333333333
2022-01-28,Timber & Forestry,CHSCO,0.03333333333333333
2022-01-28,Timber & Forestry,MAGN,0.03333333333333333
2022-01-28,Timber & Forestry,FWRD,0.03333333333333333
2022-01-28,Timber & Forestry,ULH,0.03333333333333333
2022-01-28,Timber & Forestry,FNRN,0.03333333333333333
2022-01-28,Timber & Forestry,AVD,0.03333333333333333
2022-01-28,Timber & Forestry,TCX,0.03333333333333333
2022-01-28,Timber & Forestry,HY,0.03333333333333333
2022-01-28,Timber & Forestry,ERII,0.03333333333333333
2022-01-28,Timber & Forestry,EVO,0.03333333333333333
2022-01-28,Timber & Forestry,SELF,0.03333333333333333
2022-01-28,Timber & Forestry,CZFS,0.03333333333333333
2022-01-28,Timber & Forestry,DSWL,0.03333333333333333
2022-01-28,Timber & Forestry,HWBK,0.03333333333333333
2022-01-28,Timber & Forestry,CSTE,0.03333333333333333
2022-01-28,Timber & Forestry,JOUT,0.03333333333333333
2022-01-28,Timber & Forestry,MEI,0.03333333333333333
2022-01-28,Timber & Forestry,PCB,0.03333333333333333
2022-01-28,Timber & Forestry,CMCO,0.03333333333333333
2022-01-28,Timber & Forestry,TSBK,0.03333333333333333
2022-01-28,Timber & Forestry,NWFL,0.03333333333333333
2022-01-28,Timber & Forestry,NUS,0.03333333333333333
2022-01-28,Timber & Forestry,WEYS,0.03333333333333333
2022-01-28,Timber & Forestry,SPOK,0.03333333333333333
2022-01-28,Timber & Forestry,UNB,0.03333333333333333
2022-01-28,Timber & Forestry,VLGEA,0.03333333333333333
2022-01-28,Timber & Forestry,FCCO,0.03333333333333333
2022-01-28,Timber & Forestry,OEC,0.03333333333333333
2022-01-28,US Infrastructure,EBF,0.03333333333333333
2022-01-28,US Infrastructure,DGICA,0.03333333333333333
2022-01-28,US Infrastructure,ATLO,0.03333333333333333
2022-01-28,US Infrastructure,TRST,0.03333333333333333
2022-01-28,US Infrastructure,FWRD,0.03333333333333333
2022-01-28,US Infrastructure,GSBC,0.03333333333333333
2022-01-28,US Infrastructure,KFRC,0.03333333333333333
2022-01-28,US Infrastructure,HCKT,0.03333333333333333
2022-01-28,US Infrastructure,FRBA,0.03333333333333333
2022-01-28,US Infrastructure,MHLA,0.03333333333333333
2022-01-28,US Infrastructure,FRAF,0.03333333333333333
2022-01-28,US Infrastructure,LARK,0.03333333333333333
2022-01-28,US Infrastructure,BMRC,0.03333333333333333
2022-01-28,US Infrastructure,FISI,0.03333333333333333
2022-01-28,US Infrastructure,HURC,0.03333333333333333
2022-01-28,US Infrastructure,FNLC,0.03333333333333333
2022-01-28,US Infrastructure,WTBA,0.03333333333333333
2022-01-28,US Infrastructure,GLRE,0.03333333333333333
2022-01-28,US Infrastructure,TBRG,0.03333333333333333
2022-01-28,US Infrastructure,AVD,0.03333333333333333
2022-01-28,US Infrastructure,MLAB,0.03333333333333333
2022-01-28,US Infrastructure,PKE,0.03333333333333333
2022-01-28,US Infrastructure,ERII,0.03333333333333333
2022-01-28,US Infrastructure,ACNB,0.03333333333333333
2022-01-28,US Infrastructure,SHBI,0.03333333333333333
2022-01-28,US Infrastructure,CSV,0.03333333333333333
2022-01-28,US Infrastructure,SILC,0.03333333333333333
2022-01-28,US Infrastructure,EGBN,0.03333333333333333
2022-01-28,US Infrastructure,MATV,0.03333333333333333
2022-01-28,US Infrastructure,ANGO,0.03333333333333333
2022-01-28,Water,EBF,0.03333333333333333
2022-01-28,Water,NFBK,0.03333333333333333
2022-01-28,Water,FNLC,0.03333333333333333
2022-01-28,Water,CIVB,0.03333333333333333
2022-01-28,Water,KFRC,0.03333333333333333
2022-01-28,Water,FWRD,0.03333333333333333
2022-01-28,Water,PCYO,0.03333333333333333
2022-01-28,Water,RBB,0.03333333333333333
2022-01-28,Water,WTBA,0.03333333333333333
2022-01-28,Water,NKSH,0.03333333333333333
2022-01-28,Water,GBLI,0.03333333333333333
2022-01-28,Water,CABO,0.03333333333333333
2022-01-28,Water,BPRN,0.03333333333333333
2022-01-28,Water,MLAB,0.03333333333333333
2022-01-28,Water,TTEC,0.03333333333333333
2022-01-28,Water,WNEB,0.03333333333333333
2022-01-28,Water,PROV,0.03333333333333333
2022-01-28,Water,HCKT,0.03333333333333333
2022-01-28,Water,EIG,0.03333333333333333
2022-01-28,Water,ARTNA,0.03333333333333333
2022-01-28,Water,HURC,0.03333333333333333
2022-01-28,Water,EVO,0.03333333333333333
2022-01-28,Water,HWBK,0.03333333333333333
2022-01-28,Water,FDBC,0.03333333333333333
2022-01-28,Water,GWRS,0.03333333333333333
2022-01-28,Water,HIFS,0.03333333333333333
2022-01-28,Water,WILC,0.03333333333333333
2022-01-28,Water,CFFI,0.03333333333333333
2022-01-28,Water,AVD,0.03333333333333333
2022-01-28,Water,RGCO,0.03333333333333333
2022-02-25,AI Infrastructure,FWRD,0.03333333333333333
2022-02-25,AI Infrastructure,WSBF,0.03333333333333333
2022-02-25,AI Infrastructure,CASS,0.03333333333333333
2022-02-25,AI Infrastructure,CBAN,0.03333333333333333
2022-02-25,AI Infrastructure,HAFC,0.03333333333333333
2022-02-25,AI Infrastructure,KRNY,0.03333333333333333
2022-02-25,AI Infrastructure,WEYS,0.03333333333333333
2022-02-25,AI Infrastructure,RELL,0.03333333333333333
2022-02-25,AI Infrastructure,CCNE,0.03333333333333333
2022-02-25,AI Infrastructure,HCKT,0.03333333333333333
2022-02-25,AI Infrastructure,ARTNA,0.03333333333333333
2022-02-25,AI Infrastructure,HWBK,0.03333333333333333
2022-02-25,AI Infrastructure,OXM,0.03333333333333333
2022-02-25,AI Infrastructure,VREX,0.03333333333333333
2022-02-25,AI Infrastructure,CCOI,0.03333333333333333
2022-02-25,AI Infrastructure,CTO,0.03333333333333333
2022-02-25,AI Infrastructure,PDLB,0.03333333333333333
2022-02-25,AI Infrastructure,FEIM,0.03333333333333333
2022-02-25,AI Infrastructure,MTRX,0.03333333333333333
2022-02-25,AI Infrastructure,INGN,0.03333333333333333
2022-02-25,AI Infrastructure,CLFD,0.03333333333333333
2022-02-25,AI Infrastructure,MX,0.03333333333333333
2022-02-25,AI Infrastructure,MITK,0.03333333333333333
2022-02-25,AI Infrastructure,ELME,0.03333333333333333
2022-02-25,AI Infrastructure,MOMO,0.03333333333333333
2022-02-25,AI Infrastructure,FPH,0.03333333333333333
2022-02-25,AI Infrastructure,DLHC,0.03333333333333333
2022-02-25,AI Infrastructure,LND,0.03333333333333333
2022-02-25,AI Infrastructure,ASYS,0.03333333333333333
2022-02-25,AI Infrastructure,CMTV,0.03333333333333333
2022-02-25,Agribusiness,FRPH,0.03333333333333333
2022-02-25,Agribusiness,EBF,0.03333333333333333
2022-02-25,Agribusiness,ULH,0.03333333333333333
2022-02-25,Agribusiness,CZFS,0.03333333333333333
2022-02-25,Agribusiness,FNLC,0.03333333333333333
2022-02-25,Agribusiness,OFIX,0.03333333333333333
2022-02-25,Agribusiness,SPOK,0.03333333333333333
2022-02-25,Agribusiness,HWBK,0.03333333333333333
2022-02-25,Agribusiness,VLGEA,0.03333333333333333
2022-02-25,Agribusiness,MAGN,0.03333333333333333
2022-02-25,Agribusiness,AVD,0.03333333333333333
2022-02-25,Agribusiness,ERII,0.03333333333333333
2022-02-25,Agribusiness,TCX,0.03333333333333333
2022-02-25,Agribusiness,GLRE,0.03333333333333333
2022-02-25,Agribusiness,OPBK,0.03333333333333333
2022-02-25,Agribusiness,CSTE,0.03333333333333333
2022-02-25,Agribusiness,FDBC,0.03333333333333333
2022-02-25,Agribusiness,UNB,0.03333333333333333
2022-02-25,Agribusiness,LEGH,0.03333333333333333
2022-02-25,Agribusiness,USNA,0.03333333333333333
2022-02-25,Agribusiness,EVO,0.03333333333333333
2022-02-25,Agribusiness,ISBA,0.03333333333333333
2022-02-25,Agribusiness,KVHI,0.03333333333333333
2022-02-25,Agribusiness,NUS,0.03333333333333333
2022-02-25,Agribusiness,CLMB,0.03333333333333333
2022-02-25,Agribusiness,JMSB,0.03333333333333333
2022-02-25,Agribusiness,GASS,0.03333333333333333
2022-02-25,Agribusiness,VREX,0.03333333333333333
2022-02-25,Agribusiness,NC,0.03333333333333333
2022-02-25,Agribusiness,TATT,0.03333333333333333
2022-02-25,Clean Energy,HCKT,0.03333333333333333
2022-02-25,Clean Energy,PPIH,0.03333333333333333
2022-02-25,Clean Energy,TTEC,0.03333333333333333
2022-02-25,Clean Energy,NECB,0.03333333333333333
2022-02-25,Clean Energy,GLRE,0.03333333333333333
2022-02-25,Clean Energy,PCYO,0.03333333333333333
2022-02-25,Clean Energy,WILC,0.03333333333333333
2022-02-25,Clean Energy,CBNK,0.03333333333333333
2022-02-25,Clean Energy,EBMT,0.03333333333333333
2022-02-25,Clean Energy,GBLI,0.03333333333333333
2022-02-25,Clean Energy,PERI,0.03333333333333333
2022-02-25,Clean Energy,SILC,0.03333333333333333
2022-02-25,Clean Energy,MRBK,0.03333333333333333
2022-02-25,Clean Energy,NAVI,0.03333333333333333
2022-02-25,Clean Energy,ITIC,0.03333333333333333
2022-02-25,Clean Energy,BOTJ,0.03333333333333333
2022-02-25,Clean Energy,GWRS,0.03333333333333333
2022-02-25,Clean Energy,CIVB,0.03333333333333333
2022-02-25,Clean Energy,FRBA,0.03333333333333333
2022-02-25,Clean Energy,LPRO,0.03333333333333333
2022-02-25,Clean Energy,ARTNA,0.03333333333333333
2022-02-25,Clean Energy,BBSI,0.03333333333333333
2022-02-25,Clean Energy,MVBF,0.03333333333333333
2022-02-25,Clean Energy,ANGO,0.03333333333333333
2022-02-25,Clean Energy,CSV,0.03333333333333333
2022-02-25,Clean Energy,TAYD,0.03333333333333333
2022-02-25,Clean Energy,BPRN,0.03333333333333333
2022-02-25,Clean Energy,DAVA,0.03333333333333333
2022-02-25,Clean Energy,OXM,0.03333333333333333
2022-02-25,Clean Energy,FWRD,0.03333333333333333
2022-02-25,Critical Minerals,LEGH,0.03333333333333333
2022-02-25,Critical Minerals,ERII,0.03333333333333333
2022-02-25,Critical Minerals,AVD,0.03333333333333333
2022-02-25,Critical Minerals,ALRS,0.03333333333333333
2022-02-25,Critical Minerals,ULH,0.03333333333333333
2022-02-25,Critical Minerals,FRPH,0.03333333333333333
2022-02-25,Critical Minerals,FNLC,0.03333333333333333
2022-02-25,Critical Minerals,OPBK,0.03333333333333333
2022-02-25,Critical Minerals,WTBA,0.03333333333333333
2022-02-25,Critical Minerals,CSTE,0.03333333333333333
2022-02-25,Critical Minerals,ALCO,0.03333333333333333
2022-02-25,Critical Minerals,FNWD,0.03333333333333333
2022-02-25,Critical Minerals,NUS,0.03333333333333333
2022-02-25,Critical Minerals,UNB,0.03333333333333333
2022-02-25,Critical Minerals,KRO,0.03333333333333333
2022-02-25,Critical Minerals,USNA,0.03333333333333333
2022-02-25,Critical Minerals,TATT,0.03333333333333333
2022-02-25,Critical Minerals,OEC,0.03333333333333333
2022-02-25,Critical Minerals,GSBC,0.03333333333333333
2022-02-25,Critical Minerals,BBSI,0.03333333333333333
2022-02-25,Critical Minerals,CSIQ,0.03333333333333333
2022-02-25,Critical Minerals,HCKT,0.03333333333333333
2022-02-25,Critical Minerals,GWRS,0.03333333333333333
2022-02-25,Critical Minerals,MATV,0.03333333333333333
2022-02-25,Critical Minerals,CLMB,0.03333333333333333
2022-02-25,Critical Minerals,AMSF,0.03333333333333333
2022-02-25,Critical Minerals,FF,0.03333333333333333
2022-02-25,Critical Minerals,SHBI,0.03333333333333333
2022-02-25,Critical Minerals,ANGO,0.03333333333333333
2022-02-25,Critical Minerals,PACK,0.03333333333333333
2022-02-25,Cybersecurity,EBMT,0.03333333333333333
2022-02-25,Cybersecurity,CABO,0.03333333333333333
2022-02-25,Cybersecurity,EBF,0.03333333333333333
2022-02-25,Cybersecurity,GPJA,0.03333333333333333
2022-02-25,Cybersecurity,FNRN,0.03333333333333333
2022-02-25,Cybersecurity,CFFI,0.03333333333333333
2022-02-25,Cybersecurity,CBAN,0.03333333333333333
2022-02-25,Cybersecurity,ULH,0.03333333333333333
2022-02-25,Cybersecurity,CASS,0.03333333333333333
2022-02-25,Cybersecurity,BCAL,0.03333333333333333
2022-02-25,Cybersecurity,CFBK,0.03333333333333333
2022-02-25,Cybersecurity,LARK,0.03333333333333333
2022-02-25,Cybersecurity,SELF,0.03333333333333333
2022-02-25,Cybersecurity,SPOK,0.03333333333333333
2022-02-25,Cybersecurity,TSBK,0.03333333333333333
2022-02-25,Cybersecurity,VLGEA,0.03333333333333333
2022-02-25,Cybersecurity,JOUT,0.03333333333333333
2022-02-25,Cybersecurity,WSBF,0.03333333333333333
2022-02-25,Cybersecurity,HWBK,0.03333333333333333
2022-02-25,Cybersecurity,FCCO,0.03333333333333333
2022-02-25,Cybersecurity,EGHT,0.03333333333333333
2022-02-25,Cybersecurity,RPD,0.03333333333333333
2022-02-25,Cybersecurity,MLAB,0.03333333333333333
2022-02-25,Cybersecurity,HELE,0.03333333333333333
2022-02-25,Cybersecurity,MNSB,0.03333333333333333
2022-02-25,Cybersecurity,EVO,0.03333333333333333
2022-02-25,Cybersecurity,PDLB,0.03333333333333333
2022-02-25,Cybersecurity,EGBN,0.03333333333333333
2022-02-25,Cybersecurity,HY,0.03333333333333333
2022-02-25,Cybersecurity,MAGN,0.03333333333333333
2022-02-25,Defense,BBDC,0.03333333333333333
2022-02-25,Defense,FBIZ,0.03333333333333333
2022-02-25,Defense,GPJA,0.03333333333333333
2022-02-25,Defense,DGICA,0.03333333333333333
2022-02-25,Defense,SELF,0.03333333333333333
2022-02-25,Defense,APOG,0.03333333333333333
2022-02-25,Defense,WSBF,0.03333333333333333
2022-02-25,Defense,OFIX,0.03333333333333333
2022-02-25,Defense,FISI,0.03333333333333333
2022-02-25,Defense,GHI,0.03333333333333333
2022-02-25,Defense,CABO,0.03333333333333333
2022-02-25,Defense,CASS,0.03333333333333333
2022-02-25,Defense,CBFV,0.03333333333333333
2022-02-25,Defense,LARK,0.03333333333333333
2022-02-25,Defense,JMSB,0.03333333333333333
2022-02-25,Defense,EBF,0.03333333333333333
2022-02-25,Defense,FCCO,0.03333333333333333
2022-02-25,Defense,ISBA,0.03333333333333333
2022-02-25,Defense,ITIC,0.03333333333333333
2022-02-25,Defense,TBRG,0.03333333333333333
2022-02-25,Defense,TSBK,0.03333333333333333
2022-02-25,Defense,NRIM,0.03333333333333333
2022-02-25,Defense,NECB,0.03333333333333333
2022-02-25,Defense,CWCO,0.03333333333333333
2022-02-25,Defense,PGC,0.03333333333333333
2022-02-25,Defense,SHBI,0.03333333333333333
2022-02-25,Defense,ALLT,0.03333333333333333
2022-02-25,Defense,NC,0.03333333333333333
2022-02-25,Defense,ARTNA,0.03333333333333333
2022-02-25,Defense,ARQ,0.03333333333333333
2022-02-25,Fintech,CHSCO,0.03333333333333333
2022-02-25,Fintech,GPJA,0.03333333333333333
2022-02-25,Fintech,BCAL,0.03333333333333333
2022-02-25,Fintech,SELF,0.03333333333333333
2022-02-25,Fintech,CBAN,0.03333333333333333
2022-02-25,Fintech,DSWL,0.03333333333333333
2022-02-25,Fintech,CABO,0.03333333333333333
2022-02-25,Fintech,WSBF,0.03333333333333333
2022-02-25,Fintech,HELE,0.03333333333333333
2022-02-25,Fintech,CFBK,0.03333333333333333
2022-02-25,Fintech,LPRO,0.03333333333333333
2022-02-25,Fintech,BBSI,0.03333333333333333
2022-02-25,Fintech,BBDC,0.03333333333333333
2022-02-25,Fintech,OXM,0.03333333333333333
2022-02-25,Fintech,ULH,0.03333333333333333
2022-02-25,Fintech,SMBK,0.03333333333333333
2022-02-25,Fintech,CFFI,0.03333333333333333
2022-02-25,Fintech,HY,0.03333333333333333
2022-02-25,Fintech,CBFV,0.03333333333333333
2022-02-25,Fintech,ISBA,0.03333333333333333
2022-02-25,Fintech,CZWI,0.03333333333333333
2022-02-25,Fintech,NC,0.03333333333333333
2022-02-25,Fintech,JOUT,0.03333333333333333
2022-02-25,Fintech,CCBG,0.03333333333333333
2022-02-25,Fintech,TAYD,0.03333333333333333
2022-02-25,Fintech,YEXT,0.03333333333333333
2022-02-25,Fintech,FEIM,0.03333333333333333
2022-02-25,Fintech,HOFT,0.03333333333333333
2022-02-25,Fintech,RPD,0.03333333333333333
2022-02-25,Fintech,RPAY,0.03333333333333333
2022-02-25,Robotics & AI,HY,0.03333333333333333
2022-02-25,Robotics & AI,TSBK,0.03333333333333333
2022-02-25,Robotics & AI,CMCO,0.03333333333333333
2022-02-25,Robotics & AI,WEYS,0.03333333333333333
2022-02-25,Robotics & AI,ITIC,0.03333333333333333
2022-02-25,Robotics & AI,FWRD,0.03333333333333333
2022-02-25,Robotics & AI,SILC,0.03333333333333333
2022-02-25,Robotics & AI,MAGN,0.03333333333333333
2022-02-25,Robotics & AI,MEI,0.03333333333333333
2022-02-25,Robotics & AI,HOFT,0.03333333333333333
2022-02-25,Robotics & AI,CSTE,0.03333333333333333
2022-02-25,Robotics & AI,ERII,0.03333333333333333
2022-02-25,Robotics & AI,USNA,0.03333333333333333
2022-02-25,Robotics & AI,OEC,0.03333333333333333
2022-02-25,Robotics & AI,EVO,0.03333333333333333
2022-02-25,Robotics & AI,ETD,0.03333333333333333
2022-02-25,Robotics & AI,TG,0.03333333333333333
2022-02-25,Robotics & AI,BSET,0.03333333333333333
2022-02-25,Robotics & AI,APOG,0.03333333333333333
2022-02-25,Robotics & AI,NUS,0.03333333333333333
2022-02-25,Robotics & AI,FLXS,0.03333333333333333
2022-02-25,Robotics & AI,VREX,0.03333333333333333
2022-02-25,Robotics & AI,TROX,0.03333333333333333
2022-02-25,Robotics & AI,KRO,0.03333333333333333
2022-02-25,Robotics & AI,NL,0.03333333333333333
2022-02-25,Robotics & AI,GOOS,0.03333333333333333
2022-02-25,Robotics & AI,EAF,0.03333333333333333
2022-02-25,Robotics & AI,MITK,0.03333333333333333
2022-02-25,Robotics & AI,FF,0.03333333333333333
2022-02-25,Robotics & AI,NX,0.03333333333333333
2022-02-25,Timber & Forestry,EBF,0.03333333333333333
2022-02-25,Timber & Forestry,FRPH,0.03333333333333333
2022-02-25,Timber & Forestry,CHSCO,0.03333333333333333
2022-02-25,Timber & Forestry,MAGN,0.03333333333333333
2022-02-25,Timber & Forestry,ERII,0.03333333333333333
2022-02-25,Timber & Forestry,ULH,0.03333333333333333
2022-02-25,Timber & Forestry,CHSCL,0.03333333333333333
2022-02-25,Timber & Forestry,CSTE,0.03333333333333333
2022-02-25,Timber & Forestry,AVD,0.03333333333333333
2022-02-25,Timber & Forestry,FNRN,0.03333333333333333
2022-02-25,Timber & Forestry,FNLC,0.03333333333333333
2022-02-25,Timber & Forestry,TCX,0.03333333333333333
2022-02-25,Timber & Forestry,HY,0.03333333333333333
2022-02-25,Timber & Forestry,SELF,0.03333333333333333
2022-02-25,Timber & Forestry,MEI,0.03333333333333333
2022-02-25,Timber & Forestry,CMCO,0.03333333333333333
2022-02-25,Timber & Forestry,LEGH,0.03333333333333333
2022-02-25,Timber & Forestry,VLGEA,0.03333333333333333
2022-02-25,Timber & Forestry,SPOK,0.03333333333333333
2022-02-25,Timber & Forestry,JOUT,0.03333333333333333
2022-02-25,Timber & Forestry,EVO,0.03333333333333333
2022-02-25,Timber & Forestry,UNB,0.03333333333333333
2022-02-25,Timber & Forestry,OEC,0.03333333333333333
2022-02-25,Timber & Forestry,HSTM,0.03333333333333333
2022-02-25,Timber & Forestry,WNC,0.03333333333333333
2022-02-25,Timber & Forestry,KMDA,0.03333333333333333
2022-02-25,Timber & Forestry,NUS,0.03333333333333333
2022-02-25,Timber & Forestry,MATV,0.03333333333333333
2022-02-25,Timber & Forestry,KE,0.03333333333333333
2022-02-25,Timber & Forestry,KVHI,0.03333333333333333
2022-02-25,US Infrastructure,EBF,0.03333333333333333
2022-02-25,US Infrastructure,DGICA,0.03333333333333333
2022-02-25,US Infrastructure,FRPH,0.03333333333333333
2022-02-25,US Infrastructure,ATLO,0.03333333333333333
2022-02-25,US Infrastructure,TRST,0.03333333333333333
2022-02-25,US Infrastructure,FWRD,0.03333333333333333
2022-02-25,US Infrastructure,KFRC,0.03333333333333333
2022-02-25,US Infrastructure,FRBA,0.03333333333333333
2022-02-25,US Infrastructure,HCKT,0.03333333333333333
2022-02-25,US Infrastructure,GSBC,0.03333333333333333
2022-02-25,US Infrastructure,BMRC,0.03333333333333333
2022-02-25,US Infrastructure,LARK,0.03333333333333333
2022-02-25,US Infrastructure,MHLA,0.03333333333333333
2022-02-25,US Infrastructure,HURC,0.03333333333333333
2022-02-25,US Infrastructure,FISI,0.03333333333333333
2022-02-25,US Infrastructure,FRAF,0.03333333333333333
2022-02-25,US Infrastructure,TBRG,0.03333333333333333
2022-02-25,US Infrastructure,GLRE,0.03333333333333333
2022-02-25,US Infrastructure,WTBA,0.03333333333333333
2022-02-25,US Infrastructure,FNLC,0.03333333333333333
2022-02-25,US Infrastructure,ERII,0.03333333333333333
2022-02-25,US Infrastructure,AVD,0.03333333333333333
2022-02-25,US Infrastructure,PKE,0.03333333333333333
2022-02-25,US Infrastructure,RGCO,0.03333333333333333
2022-02-25,US Infrastructure,HRTG,0.03333333333333333
2022-02-25,US Infrastructure,USNA,0.03333333333333333
2022-02-25,US Infrastructure,CBNK,0.03333333333333333
2022-02-25,US Infrastructure,ACNB,0.03333333333333333
2022-02-25,US Infrastructure,SILC,0.03333333333333333
2022-02-25,US Infrastructure,SHBI,0.03333333333333333
2022-02-25,Water,EBF,0.03333333333333333
2022-02-25,Water,NFBK,0.03333333333333333
2022-02-25,Water,FRPH,0.03333333333333333
2022-02-25,Water,PCYO,0.03333333333333333
2022-02-25,Water,CIVB,0.03333333333333333
2022-02-25,Water,KFRC,0.03333333333333333
2022-02-25,Water,FNLC,0.03333333333333333
2022-02-25,Water,FWRD,0.03333333333333333
2022-02-25,Water,TRST,0.03333333333333333
2022-02-25,Water,NKSH,0.03333333333333333
2022-02-25,Water,WTBA,0.03333333333333333
2022-02-25,Water,GBLI,0.03333333333333333
2022-02-25,Water,HCKT,0.03333333333333333
2022-02-25,Water,TTEC,0.03333333333333333
2022-02-25,Water,BPRN,0.03333333333333333
2022-02-25,Water,PROV,0.03333333333333333
2022-02-25,Water,EIG,0.03333333333333333
2022-02-25,Water,HRTG,0.03333333333333333
2022-02-25,Water,OFIX,0.03333333333333333
2022-02-25,Water,ULH,0.03333333333333333
2022-02-25,Water,WNEB,0.03333333333333333
2022-02-25,Water,HURC,0.03333333333333333
2022-02-25,Water,FDBC,0.03333333333333333
2022-02-25,Water,BBSI,0.03333333333333333
2022-02-25,Water,RGCO,0.03333333333333333
2022-02-25,Water,HIFS,0.03333333333333333
2022-02-25,Water,GLRE,0.03333333333333333
2022-02-25,Water,HWBK,0.03333333333333333
2022-02-25,Water,GWRS,0.03333333333333333
2022-02-25,Water,CSV,0.03333333333333333
2022-03-25,AI Infrastructure,FWRD,0.03333333333333333
2022-03-25,AI Infrastructure,KFRC,0.03333333333333333
2022-03-25,AI Infrastructure,CASS,0.03333333333333333
2022-03-25,AI Infrastructure,TSBK,0.03333333333333333
2022-03-25,AI Infrastructure,SILC,0.03333333333333333
2022-03-25,AI Infrastructure,TG,0.03333333333333333
2022-03-25,AI Infrastructure,HCKT,0.03333333333333333
2022-03-25,AI Infrastructure,OXM,0.03333333333333333
2022-03-25,AI Infrastructure,KRNT,0.03333333333333333
2022-03-25,AI Infrastructure,FEIM,0.03333333333333333
2022-03-25,AI Infrastructure,PDLB,0.03333333333333333
2022-03-25,AI Infrastructure,JMSB,0.03333333333333333
2022-03-25,AI Infrastructure,RCKY,0.03333333333333333
2022-03-25,AI Infrastructure,EIG,0.03333333333333333
2022-03-25,AI Infrastructure,MX,0.03333333333333333
2022-03-25,AI Infrastructure,CTO,0.03333333333333333
2022-03-25,AI Infrastructure,VREX,0.03333333333333333
2022-03-25,AI Infrastructure,EAF,0.03333333333333333
2022-03-25,AI Infrastructure,GTN,0.03333333333333333
2022-03-25,AI Infrastructure,EGHT,0.03333333333333333
2022-03-25,AI Infrastructure,ARQ,0.03333333333333333
2022-03-25,AI Infrastructure,MITK,0.03333333333333333
2022-03-25,AI Infrastructure,EGAN,0.03333333333333333
2022-03-25,AI Infrastructure,CATO,0.03333333333333333
2022-03-25,AI Infrastructure,DLHC,0.03333333333333333
2022-03-25,AI Infrastructure,SB,0.03333333333333333
2022-03-25,AI Infrastructure,ASYS,0.03333333333333333
2022-03-25,AI Infrastructure,LND,0.03333333333333333
2022-03-25,AI Infrastructure,GSIT,0.03333333333333333
2022-03-25,AI Infrastructure,RICK,0.03333333333333333
2022-03-25,Agribusiness,FRPH,0.03333333333333333
2022-03-25,Agribusiness,OBT,0.03333333333333333
2022-03-25,Agribusiness,FNLC,0.03333333333333333
2022-03-25,Agribusiness,GLRE,0.03333333333333333
2022-03-25,Agribusiness,PROV,0.03333333333333333
2022-03-25,Agribusiness,HWBK,0.03333333333333333
2022-03-25,Agribusiness,OFIX,0.03333333333333333
2022-03-25,Agribusiness,HCKT,0.03333333333333333
2022-03-25,Agribusiness,BPRN,0.03333333333333333
2022-03-25,Agribusiness,AVD,0.03333333333333333
2022-03-25,Agribusiness,ERII,0.03333333333333333
2022-03-25,Agribusiness,ANGO,0.03333333333333333
2022-03-25,Agribusiness,UNB,0.03333333333333333
2022-03-25,Agribusiness,EIG,0.03333333333333333
2022-03-25,Agribusiness,MNSB,0.03333333333333333
2022-03-25,Agribusiness,TG,0.03333333333333333
2022-03-25,Agribusiness,LEGH,0.03333333333333333
2022-03-25,Agribusiness,FDBC,0.03333333333333333
2022-03-25,Agribusiness,CSIQ,0.03333333333333333
2022-03-25,Agribusiness,MX,0.03333333333333333
2022-03-25,Agribusiness,EGAN,0.03333333333333333
2022-03-25,Agribusiness,LND,0.03333333333333333
2022-03-25,Agribusiness,CTMX,0.03333333333333333
2022-03-25,Agribusiness,HFBL,0.03333333333333333
2022-03-25,Agribusiness,CRESY,0.03333333333333333
2022-03-25,Agribusiness,ACNT,0.03333333333333333
2022-03-25,Agribusiness,VHI,0.03333333333333333
2022-03-25,Agribusiness,METC,0.03333333333333333
2022-03-25,Agribusiness,BSIN,0.03333333333333333
2022-03-25,Agribusiness,SXC,0.03333333333333333
2022-03-25,Clean Energy,CSV,0.03333333333333333
2022-03-25,Clean Energy,CBNK,0.03333333333333333
2022-03-25,Clean Energy,TTEC,0.03333333333333333
2022-03-25,Clean Energy,BOTJ,0.03333333333333333
2022-03-25,Clean Energy,SILC,0.03333333333333333
2022-03-25,Clean Energy,ANGO,0.03333333333333333
2022-03-25,Clean Energy,PPIH,0.03333333333333333
2022-03-25,Clean Energy,ARTNA,0.03333333333333333
2022-03-25,Clean Energy,WILC,0.03333333333333333
2022-03-25,Clean Energy,ITIC,0.03333333333333333
2022-03-25,Clean Energy,HCKT,0.03333333333333333
2022-03-25,Clean Energy,CIVB,0.03333333333333333
2022-03-25,Clean Energy,GWRS,0.03333333333333333
2022-03-25,Clean Energy,FRBA,0.03333333333333333
2022-03-25,Clean Energy,OBT,0.03333333333333333
2022-03-25,Clean Energy,LAND,0.03333333333333333
2022-03-25,Clean Energy,NECB,0.03333333333333333
2022-03-25,Clean Energy,SMID,0.03333333333333333
2022-03-25,Clean Energy,KFRC,0.03333333333333333
2022-03-25,Clean Energy,GLRE,0.03333333333333333
2022-03-25,Clean Energy,PDLB,0.03333333333333333
2022-03-25,Clean Energy,FNLC,0.03333333333333333
2022-03-25,Clean Energy,LPRO,0.03333333333333333
2022-03-25,Clean Energy,PERI,0.03333333333333333
2022-03-25,Clean Energy,FRAF,0.03333333333333333
2022-03-25,Clean Energy,BPRN,0.03333333333333333
2022-03-25,Clean Energy,FMAO,0.03333333333333333
2022-03-25,Clean Energy,MRBK,0.03333333333333333
2022-03-25,Clean Energy,TRC,0.03333333333333333
2022-03-25,Clean Energy,FWRD,0.03333333333333333
2022-03-25,Critical Minerals,FRPH,0.03333333333333333
2022-03-25,Critical Minerals,LEGH,0.03333333333333333
2022-03-25,Critical Minerals,ERII,0.03333333333333333
2022-03-25,Critical Minerals,OBT,0.03333333333333333
2022-03-25,Critical Minerals,HCKT,0.03333333333333333
2022-03-25,Critical Minerals,SILC,0.03333333333333333
2022-03-25,Critical Minerals,ALRS,0.03333333333333333
2022-03-25,Critical Minerals,FNWD,0.03333333333333333
2022-03-25,Critical Minerals,TG,0.03333333333333333
2022-03-25,Critical Minerals,AVD,0.03333333333333333
2022-03-25,Critical Minerals,USNA,0.03333333333333333
2022-03-25,Critical Minerals,BBSI,0.03333333333333333
2022-03-25,Critical Minerals,FNLC,0.03333333333333333
2022-03-25,Critical Minerals,ACNB,0.03333333333333333
2022-03-25,Critical Minerals,WTBA,0.03333333333333333
2022-03-25,Critical Minerals,GLRE,0.03333333333333333
2022-03-25,Critical Minerals,CSIQ,0.03333333333333333
2022-03-25,Critical Minerals,OEC,0.03333333333333333
2022-03-25,Critical Minerals,RGCO,0.03333333333333333
2022-03-25,Critical Minerals,MRBK,0.03333333333333333
2022-03-25,Critical Minerals,LND,0.03333333333333333
2022-03-25,Critical Minerals,PACK,0.03333333333333333
2022-03-25,Critical Minerals,OVLY,0.03333333333333333
2022-03-25,Critical Minerals,MX,0.03333333333333333
2022-03-25,Critical Minerals,AFBI,0.03333333333333333
2022-03-25,Critical Minerals,MITK,0.03333333333333333
2022-03-25,Critical Minerals,TIPT,0.03333333333333333
2022-03-25,Critical Minerals,VHI,0.03333333333333333
2022-03-25,Critical Minerals,STRT,0.03333333333333333
2022-03-25,Critical Minerals,ASYS,0.03333333333333333
2022-03-25,Cybersecurity,EBF,0.03333333333333333
2022-03-25,Cybersecurity,CABO,0.03333333333333333
2022-03-25,Cybersecurity,FNRN,0.03333333333333333
2022-03-25,Cybersecurity,MLAB,0.03333333333333333
2022-03-25,Cybersecurity,LARK,0.03333333333333333
2022-03-25,Cybersecurity,BCAL,0.03333333333333333
2022-03-25,Cybersecurity,TSBK,0.03333333333333333
2022-03-25,Cybersecurity,RBB,0.03333333333333333
2022-03-25,Cybersecurity,CBAN,0.03333333333333333
2022-03-25,Cybersecurity,HWBK,0.03333333333333333
2022-03-25,Cybersecurity,OFIX,0.03333333333333333
2022-03-25,Cybersecurity,PROV,0.03333333333333333
2022-03-25,Cybersecurity,SPOK,0.03333333333333333
2022-03-25,Cybersecurity,FEIM,0.03333333333333333
2022-03-25,Cybersecurity,CFFI,0.03333333333333333
2022-03-25,Cybersecurity,WSBF,0.03333333333333333
2022-03-25,Cybersecurity,HURC,0.03333333333333333
2022-03-25,Cybersecurity,SILC,0.03333333333333333
2022-03-25,Cybersecurity,CFBK,0.03333333333333333
2022-03-25,Cybersecurity,JOUT,0.03333333333333333
2022-03-25,Cybersecurity,VLGEA,0.03333333333333333
2022-03-25,Cybersecurity,CBFV,0.03333333333333333
2022-03-25,Cybersecurity,EGHT,0.03333333333333333
2022-03-25,Cybersecurity,ULH,0.03333333333333333
2022-03-25,Cybersecurity,RPD,0.03333333333333333
2022-03-25,Cybersecurity,ARTNA,0.03333333333333333
2022-03-25,Cybersecurity,MNSB,0.03333333333333333
2022-03-25,Cybersecurity,PDLB,0.03333333333333333
2022-03-25,Cybersecurity,MAGN,0.03333333333333333
2022-03-25,Cybersecurity,RCKY,0.03333333333333333
2022-03-25,Defense,BBDC,0.03333333333333333
2022-03-25,Defense,FBIZ,0.03333333333333333
2022-03-25,Defense,DGICA,0.03333333333333333
2022-03-25,Defense,GPJA,0.03333333333333333
2022-03-25,Defense,CBFV,0.03333333333333333
2022-03-25,Defense,CASS,0.03333333333333333
2022-03-25,Defense,EBF,0.03333333333333333
2022-03-25,Defense,BBSI,0.03333333333333333
2022-03-25,Defense,FISI,0.03333333333333333
2022-03-25,Defense,APOG,0.03333333333333333
2022-03-25,Defense,CABO,0.03333333333333333
2022-03-25,Defense,TSBK,0.03333333333333333
2022-03-25,Defense,ITIC,0.03333333333333333
2022-03-25,Defense,GHI,0.03333333333333333
2022-03-25,Defense,NECB,0.03333333333333333
2022-03-25,Defense,CTO,0.03333333333333333
2022-03-25,Defense,OFIX,0.03333333333333333
2022-03-25,Defense,DSWL,0.03333333333333333
2022-03-25,Defense,GILT,0.03333333333333333
2022-03-25,Defense,ARQ,0.03333333333333333
2022-03-25,Defense,NX,0.03333333333333333
2022-03-25,Defense,FCCO,0.03333333333333333
2022-03-25,Defense,ISBA,0.03333333333333333
2022-03-25,Defense,NRIM,0.03333333333333333
2022-03-25,Defense,CBAN,0.03333333333333333
2022-03-25,Defense,OXM,0.03333333333333333
2022-03-25,Defense,FWRD,0.03333333333333333
2022-03-25,Defense,ARTNA,0.03333333333333333
2022-03-25,Defense,FEIM,0.03333333333333333
2022-03-25,Defense,BCML,0.03333333333333333
2022-03-25,Fintech,GPJA,0.03333333333333333
2022-03-25,Fintech,BCAL,0.03333333333333333
2022-03-25,Fintech,DSWL,0.03333333333333333
2022-03-25,Fintech,NFBK,0.03333333333333333
2022-03-25,Fintech,WSBF,0.03333333333333333
2022-03-25,Fintech,CBAN,0.03333333333333333
2022-03-25,Fintech,CBFV,0.03333333333333333
2022-03-25,Fintech,CABO,0.03333333333333333
2022-03-25,Fintech,LPRO,0.03333333333333333
2022-03-25,Fintech,SMBK,0.03333333333333333
2022-03-25,Fintech,HELE,0.03333333333333333
2022-03-25,Fintech,OXM,0.03333333333333333
2022-03-25,Fintech,MSBI,0.03333333333333333
2022-03-25,Fintech,HY,0.03333333333333333
2022-03-25,Fintech,RCKY,0.03333333333333333
2022-03-25,Fintech,BBDC,0.03333333333333333
2022-03-25,Fintech,CFBK,0.03333333333333333
2022-03-25,Fintech,NECB,0.03333333333333333
2022-03-25,Fintech,ISBA,0.03333333333333333
2022-03-25,Fintech,CZWI,0.03333333333333333
2022-03-25,Fintech,KRNY,0.03333333333333333
2022-03-25,Fintech,CPF,0.03333333333333333
2022-03-25,Fintech,SGA,0.03333333333333333
2022-03-25,Fintech,CCBG,0.03333333333333333
2022-03-25,Fintech,FUNC,0.03333333333333333
2022-03-25,Fintech,JOUT,0.03333333333333333
2022-03-25,Fintech,NODK,0.03333333333333333
2022-03-25,Fintech,SFST,0.03333333333333333
2022-03-25,Fintech,INBK,0.03333333333333333
2022-03-25,Fintech,ULH,0.03333333333333333
2022-03-25,Robotics & AI,FRPH,0.03333333333333333
2022-03-25,Robotics & AI,TSBK,0.03333333333333333
2022-03-25,Robotics & AI,MAGN,0.03333333333333333
2022-03-25,Robotics & AI,SILC,0.03333333333333333
2022-03-25,Robotics & AI,WEYS,0.03333333333333333
2022-03-25,Robotics & AI,HY,0.03333333333333333
2022-03-25,Robotics & AI,CMCO,0.03333333333333333
2022-03-25,Robotics & AI,ERII,0.03333333333333333
2022-03-25,Robotics & AI,TG,0.03333333333333333
2022-03-25,Robotics & AI,USNA,0.03333333333333333
2022-03-25,Robotics & AI,HOFT,0.03333333333333333
2022-03-25,Robotics & AI,MEI,0.03333333333333333
2022-03-25,Robotics & AI,OEC,0.03333333333333333
2022-03-25,Robotics & AI,NUS,0.03333333333333333
2022-03-25,Robotics & AI,CLFD,0.03333333333333333
2022-03-25,Robotics & AI,KVHI,0.03333333333333333
2022-03-25,Robotics & AI,BRID,0.03333333333333333
2022-03-25,Robotics & AI,APOG,0.03333333333333333
2022-03-25,Robotics & AI,KRO,0.03333333333333333
2022-03-25,Robotics & AI,TROX,0.03333333333333333
2022-03-25,Robotics & AI,MX,0.03333333333333333
2022-03-25,Robotics & AI,FF,0.03333333333333333
2022-03-25,Robotics & AI,MED,0.03333333333333333
2022-03-25,Robotics & AI,VREX,0.03333333333333333
2022-03-25,Robotics & AI,FLXS,0.03333333333333333
2022-03-25,Robotics & AI,MITK,0.03333333333333333
2022-03-25,Robotics & AI,EAF,0.03333333333333333
2022-03-25,Robotics & AI,EGAN,0.03333333333333333
2022-03-25,Robotics & AI,CERS,0.03333333333333333
2022-03-25,Robotics & AI,ARQ,0.03333333333333333
2022-03-25,Timber & Forestry,EBF,0.03333333333333333
2022-03-25,Timber & Forestry,FRPH,0.03333333333333333
2022-03-25,Timber & Forestry,MAGN,0.03333333333333333
2022-03-25,Timber & Forestry,CHSCO,0.03333333333333333
2022-03-25,Timber & Forestry,CHSCL,0.03333333333333333
2022-03-25,Timber & Forestry,GPJA,0.03333333333333333
2022-03-25,Timber & Forestry,FNRN,0.03333333333333333
2022-03-25,Timber & Forestry,AVD,0.03333333333333333
2022-03-25,Timber & Forestry,NFBK,0.03333333333333333
2022-03-25,Timber & Forestry,ULH,0.03333333333333333
2022-03-25,Timber & Forestry,TSBK,0.03333333333333333
2022-03-25,Timber & Forestry,ERII,0.03333333333333333
2022-03-25,Timber & Forestry,FNLC,0.03333333333333333
2022-03-25,Timber & Forestry,CHSCN,0.03333333333333333
2022-03-25,Timber & Forestry,HURC,0.03333333333333333
2022-03-25,Timber & Forestry,PROV,0.03333333333333333
2022-03-25,Timber & Forestry,MEI,0.03333333333333333
2022-03-25,Timber & Forestry,HY,0.03333333333333333
2022-03-25,Timber & Forestry,LEGH,0.03333333333333333
2022-03-25,Timber & Forestry,TCX,0.03333333333333333
2022-03-25,Timber & Forestry,MATV,0.03333333333333333
2022-03-25,Timber & Forestry,HWBK,0.03333333333333333
2022-03-25,Timber & Forestry,TG,0.03333333333333333
2022-03-25,Timber & Forestry,CMCO,0.03333333333333333
2022-03-25,Timber & Forestry,SHBI,0.03333333333333333
2022-03-25,Timber & Forestry,DJCO,0.03333333333333333
2022-03-25,Timber & Forestry,FCCO,0.03333333333333333
2022-03-25,Timber & Forestry,OEC,0.03333333333333333
2022-03-25,Timber & Forestry,MHLA,0.03333333333333333
2022-03-25,Timber & Forestry,WNC,0.03333333333333333
2022-03-25,US Infrastructure,EBF,0.03333333333333333
2022-03-25,US Infrastructure,FRPH,0.03333333333333333
2022-03-25,US Infrastructure,DGICA,0.03333333333333333
2022-03-25,US Infrastructure,HURC,0.03333333333333333
2022-03-25,US Infrastructure,KFRC,0.03333333333333333
2022-03-25,US Infrastructure,ATLO,0.03333333333333333
2022-03-25,US Infrastructure,FWRD,0.03333333333333333
2022-03-25,US Infrastructure,TRST,0.03333333333333333
2022-03-25,US Infrastructure,PCYO,0.03333333333333333
2022-03-25,US Infrastructure,HCKT,0.03333333333333333
2022-03-25,US Infrastructure,FRBA,0.03333333333333333
2022-03-25,US Infrastructure,GLRE,0.03333333333333333
2022-03-25,US Infrastructure,FISI,0.03333333333333333
2022-03-25,US Infrastructure,FNLC,0.03333333333333333
2022-03-25,US Infrastructure,MLAB,0.03333333333333333
2022-03-25,US Infrastructure,BMRC,0.03333333333333333
2022-03-25,US Infrastructure,ACNB,0.03333333333333333
2022-03-25,US Infrastructure,MHLA,0.03333333333333333
2022-03-25,US Infrastructure,ERII,0.03333333333333333
2022-03-25,US Infrastructure,FRAF,0.03333333333333333
2022-03-25,US Infrastructure,WTBA,0.03333333333333333
2022-03-25,US Infrastructure,AVD,0.03333333333333333
2022-03-25,US Infrastructure,SILC,0.03333333333333333
2022-03-25,US Infrastructure,PKE,0.03333333333333333
2022-03-25,US Infrastructure,ULH,0.03333333333333333
2022-03-25,US Infrastructure,MAGN,0.03333333333333333
2022-03-25,US Infrastructure,ANGO,0.03333333333333333
2022-03-25,US Infrastructure,HRTG,0.03333333333333333
2022-03-25,US Infrastructure,TTEC,0.03333333333333333
2022-03-25,US Infrastructure,VLGEA,0.03333333333333333
2022-03-25,Water,EBF,0.03333333333333333
2022-03-25,Water,FRPH,0.03333333333333333
2022-03-25,Water,FWRD,0.03333333333333333
2022-03-25,Water,NFBK,0.03333333333333333
2022-03-25,Water,KFRC,0.03333333333333333
2022-03-25,Water,FNLC,0.03333333333333333
2022-03-25,Water,PCYO,0.03333333333333333
2022-03-25,Water,TRST,0.03333333333333333
2022-03-25,Water,HURC,0.03333333333333333
2022-03-25,Water,CIVB,0.03333333333333333
2022-03-25,Water,AVD,0.03333333333333333
2022-03-25,Water,WTBA,0.03333333333333333
2022-03-25,Water,ULH,0.03333333333333333
2022-03-25,Water,EIG,0.03333333333333333
2022-03-25,Water,RGCO,0.03333333333333333
2022-03-25,Water,HCKT,0.03333333333333333
2022-03-25,Water,GLRE,0.03333333333333333
2022-03-25,Water,MAGN,0.03333333333333333
2022-03-25,Water,OBT,0.03333333333333333
2022-03-25,Water,HWBK,0.03333333333333333
2022-03-25,Water,BPRN,0.03333333333333333
2022-03-25,Water,BBSI,0.03333333333333333
2022-03-25,Water,HIFS,0.03333333333333333
2022-03-25,Water,HRTG,0.03333333333333333
2022-03-25,Water,ARTNA,0.03333333333333333
2022-03-25,Water,PROV,0.03333333333333333
2022-03-25,Water,ACNB,0.03333333333333333
2022-03-25,Water,ERII,0.03333333333333333
2022-03-25,Water,VLGEA,0.03333333333333333
2022-03-25,Water,TTEC,0.03333333333333333
2022-04-29,AI Infrastructure,FWRD,0.03333333333333333
2022-04-29,AI Infrastructure,CASS,0.03333333333333333
2022-04-29,AI Infrastructure,SILC,0.03333333333333333
2022-04-29,AI Infrastructure,TSBK,0.03333333333333333
2022-04-29,AI Infrastructure,EBMT,0.03333333333333333
2022-04-29,AI Infrastructure,FBIZ,0.03333333333333333
2022-04-29,AI Infrastructure,CBNK,0.03333333333333333
2022-04-29,AI Infrastructure,CBAN,0.03333333333333333
2022-04-29,AI Infrastructure,MAGN,0.03333333333333333
2022-04-29,AI Infrastructure,BOTJ,0.03333333333333333
2022-04-29,AI Infrastructure,RDCM,0.03333333333333333
2022-04-29,AI Infrastructure,HCKT,0.03333333333333333
2022-04-29,AI Infrastructure,TG,0.03333333333333333
2022-04-29,AI Infrastructure,OXM,0.03333333333333333
2022-04-29,AI Infrastructure,LARK,0.03333333333333333
2022-04-29,AI Infrastructure,FEIM,0.03333333333333333
2022-04-29,AI Infrastructure,JMSB,0.03333333333333333
2022-04-29,AI Infrastructure,MX,0.03333333333333333
2022-04-29,AI Infrastructure,KRNT,0.03333333333333333
2022-04-29,AI Infrastructure,MNSB,0.03333333333333333
2022-04-29,AI Infrastructure,CTO,0.03333333333333333
2022-04-29,AI Infrastructure,BRID,0.03333333333333333
2022-04-29,AI Infrastructure,EIG,0.03333333333333333
2022-04-29,AI Infrastructure,VREX,0.03333333333333333
2022-04-29,AI Infrastructure,SSTK,0.03333333333333333
2022-04-29,AI Infrastructure,GASS,0.03333333333333333
2022-04-29,AI Infrastructure,SSBI,0.03333333333333333
2022-04-29,AI Infrastructure,EGHT,0.03333333333333333
2022-04-29,AI Infrastructure,EAF,0.03333333333333333
2022-04-29,AI Infrastructure,MITK,0.03333333333333333
2022-04-29,Agribusiness,EBF,0.03333333333333333
2022-04-29,Agribusiness,FRPH,0.03333333333333333
2022-04-29,Agribusiness,KFRC,0.03333333333333333
2022-04-29,Agribusiness,OBT,0.03333333333333333
2022-04-29,Agribusiness,HCKT,0.03333333333333333
2022-04-29,Agribusiness,HWBK,0.03333333333333333
2022-04-29,Agribusiness,OFIX,0.03333333333333333
2022-04-29,Agribusiness,ACNB,0.03333333333333333
2022-04-29,Agribusiness,GLRE,0.03333333333333333
2022-04-29,Agribusiness,SILC,0.03333333333333333
2022-04-29,Agribusiness,RGCO,0.03333333333333333
2022-04-29,Agribusiness,ERII,0.03333333333333333
2022-04-29,Agribusiness,KMDA,0.03333333333333333
2022-04-29,Agribusiness,NRC,0.03333333333333333
2022-04-29,Agribusiness,JMSB,0.03333333333333333
2022-04-29,Agribusiness,UNB,0.03333333333333333
2022-04-29,Agribusiness,EIG,0.03333333333333333
2022-04-29,Agribusiness,MNSB,0.03333333333333333
2022-04-29,Agribusiness,UTMD,0.03333333333333333
2022-04-29,Agribusiness,FDBC,0.03333333333333333
2022-04-29,Agribusiness,TG,0.03333333333333333
2022-04-29,Agribusiness,NUS,0.03333333333333333
2022-04-29,Agribusiness,OVLY,0.03333333333333333
2022-04-29,Agribusiness,MX,0.03333333333333333
2022-04-29,Agribusiness,CSIQ,0.03333333333333333
2022-04-29,Agribusiness,LND,0.03333333333333333
2022-04-29,Agribusiness,MITK,0.03333333333333333
2022-04-29,Agribusiness,EGAN,0.03333333333333333
2022-04-29,Agribusiness,TATT,0.03333333333333333
2022-04-29,Agribusiness,PERI,0.03333333333333333
2022-04-29,Clean Energy,HCKT,0.03333333333333333
2022-04-29,Clean Energy,CBNK,0.03333333333333333
2022-04-29,Clean Energy,NECB,0.03333333333333333
2022-04-29,Clean Energy,PERI,0.03333333333333333
2022-04-29,Clean Energy,WSBF,0.03333333333333333
2022-04-29,Clean Energy,TTEC,0.03333333333333333
2022-04-29,Clean Energy,EBMT,0.03333333333333333
2022-04-29,Clean Energy,ARTNA,0.03333333333333333
2022-04-29,Clean Energy,SILC,0.03333333333333333
2022-04-29,Clean Energy,CSV,0.03333333333333333
2022-04-29,Clean Energy,GLRE,0.03333333333333333
2022-04-29,Clean Energy,TAYD,0.03333333333333333
2022-04-29,Clean Energy,ITIC,0.03333333333333333
2022-04-29,Clean Energy,BBSI,0.03333333333333333
2022-04-29,Clean Energy,MRBK,0.03333333333333333
2022-04-29,Clean Energy,BOTJ,0.03333333333333333
2022-04-29,Clean Energy,GBLI,0.03333333333333333
2022-04-29,Clean Energy,WILC,0.03333333333333333
2022-04-29,Clean Energy,LPRO,0.03333333333333333
2022-04-29,Clean Energy,FRBA,0.03333333333333333
2022-04-29,Clean Energy,NAVI,0.03333333333333333
2022-04-29,Clean Energy,OBT,0.03333333333333333
2022-04-29,Clean Energy,GWRS,0.03333333333333333
2022-04-29,Clean Energy,MITK,0.03333333333333333
2022-04-29,Clean Energy,ANGO,0.03333333333333333
2022-04-29,Clean Energy,CIVB,0.03333333333333333
2022-04-29,Clean Energy,NRC,0.03333333333333333
2022-04-29,Clean Energy,OFIX,0.03333333333333333
2022-04-29,Clean Energy,AMSF,0.03333333333333333
2022-04-29,Clean Energy,ERII,0.03333333333333333
2022-04-29,Critical Minerals,FRPH,0.03333333333333333
2022-04-29,Critical Minerals,SILC,0.03333333333333333
2022-04-29,Critical Minerals,HCKT,0.03333333333333333
2022-04-29,Critical Minerals,LEGH,0.03333333333333333
2022-04-29,Critical Minerals,ERII,0.03333333333333333
2022-04-29,Critical Minerals,USNA,0.03333333333333333
2022-04-29,Critical Minerals,ALRS,0.03333333333333333
2022-04-29,Critical Minerals,FNWD,0.03333333333333333
2022-04-29,Critical Minerals,TG,0.03333333333333333
2022-04-29,Critical Minerals,BBSI,0.03333333333333333
2022-04-29,Critical Minerals,OEC,0.03333333333333333
2022-04-29,Critical Minerals,AVD,0.03333333333333333
2022-04-29,Critical Minerals,MHLA,0.03333333333333333
2022-04-29,Critical Minerals,NUS,0.03333333333333333
2022-04-29,Critical Minerals,LND,0.03333333333333333
2022-04-29,Critical Minerals,CSIQ,0.03333333333333333
2022-04-29,Critical Minerals,GWRS,0.03333333333333333
2022-04-29,Critical Minerals,MRBK,0.03333333333333333
2022-04-29,Critical Minerals,KRO,0.03333333333333333
2022-04-29,Critical Minerals,RGCO,0.03333333333333333
2022-04-29,Critical Minerals,MITK,0.03333333333333333
2022-04-29,Critical Minerals,OVLY,0.03333333333333333
2022-04-29,Critical Minerals,MX,0.03333333333333333
2022-04-29,Critical Minerals,FF,0.03333333333333333
2022-04-29,Critical Minerals,TIPT,0.03333333333333333
2022-04-29,Critical Minerals,VHI,0.03333333333333333
2022-04-29,Critical Minerals,PACK,0.03333333333333333
2022-04-29,Critical Minerals,EGAN,0.03333333333333333
2022-04-29,Critical Minerals,CRESY,0.03333333333333333
2022-04-29,Critical Minerals,DLHC,0.03333333333333333
2022-04-29,Cybersecurity,EBMT,0.03333333333333333
2022-04-29,Cybersecurity,EBF,0.03333333333333333
2022-04-29,Cybersecurity,FNRN,0.03333333333333333
2022-04-29,Cybersecurity,CBAN,0.03333333333333333
2022-04-29,Cybersecurity,GPJA,0.03333333333333333
2022-04-29,Cybersecurity,BCAL,0.03333333333333333
2022-04-29,Cybersecurity,CABO,0.03333333333333333
2022-04-29,Cybersecurity,OFIX,0.03333333333333333
2022-04-29,Cybersecurity,LARK,0.03333333333333333
2022-04-29,Cybersecurity,TSBK,0.03333333333333333
2022-04-29,Cybersecurity,MLAB,0.03333333333333333
2022-04-29,Cybersecurity,FEIM,0.03333333333333333
2022-04-29,Cybersecurity,CFBK,0.03333333333333333
2022-04-29,Cybersecurity,CFFI,0.03333333333333333
2022-04-29,Cybersecurity,WSBF,0.03333333333333333
2022-04-29,Cybersecurity,HWBK,0.03333333333333333
2022-04-29,Cybersecurity,UEIC,0.03333333333333333
2022-04-29,Cybersecurity,ULH,0.03333333333333333
2022-04-29,Cybersecurity,SILC,0.03333333333333333
2022-04-29,Cybersecurity,JOUT,0.03333333333333333
2022-04-29,Cybersecurity,CBFV,0.03333333333333333
2022-04-29,Cybersecurity,GASS,0.03333333333333333
2022-04-29,Cybersecurity,SPOK,0.03333333333333333
2022-04-29,Cybersecurity,VLGEA,0.03333333333333333
2022-04-29,Cybersecurity,EGHT,0.03333333333333333
2022-04-29,Cybersecurity,RPD,0.03333333333333333
2022-04-29,Cybersecurity,MAGN,0.03333333333333333
2022-04-29,Cybersecurity,MNSB,0.03333333333333333
2022-04-29,Cybersecurity,BOC,0.03333333333333333
2022-04-29,Cybersecurity,HSTM,0.03333333333333333
2022-04-29,Defense,FBIZ,0.03333333333333333
2022-04-29,Defense,DGICA,0.03333333333333333
2022-04-29,Defense,CBFV,0.03333333333333333
2022-04-29,Defense,BBDC,0.03333333333333333
2022-04-29,Defense,BBSI,0.03333333333333333
2022-04-29,Defense,EBF,0.03333333333333333
2022-04-29,Defense,CASS,0.03333333333333333
2022-04-29,Defense,FISI,0.03333333333333333
2022-04-29,Defense,OFIX,0.03333333333333333
2022-04-29,Defense,APOG,0.03333333333333333
2022-04-29,Defense,PCYO,0.03333333333333333
2022-04-29,Defense,NRC,0.03333333333333333
2022-04-29,Defense,CTO,0.03333333333333333
2022-04-29,Defense,BCML,0.03333333333333333
2022-04-29,Defense,OXM,0.03333333333333333
2022-04-29,Defense,JMSB,0.03333333333333333
2022-04-29,Defense,FCCO,0.03333333333333333
2022-04-29,Defense,UEIC,0.03333333333333333
2022-04-29,Defense,ALLT,0.03333333333333333
2022-04-29,Defense,NRIM,0.03333333333333333
2022-04-29,Defense,NX,0.03333333333333333
2022-04-29,Defense,FWRD,0.03333333333333333
2022-04-29,Defense,XRX,0.03333333333333333
2022-04-29,Defense,CFBK,0.03333333333333333
2022-04-29,Defense,GILT,0.03333333333333333
2022-04-29,Defense,GHI,0.03333333333333333
2022-04-29,Defense,VRRM,0.03333333333333333
2022-04-29,Defense,FEIM,0.03333333333333333
2022-04-29,Defense,HSTM,0.03333333333333333
2022-04-29,Defense,TBRG,0.03333333333333333
2022-04-29,Fintech,GPJA,0.03333333333333333
2022-04-29,Fintech,BCAL,0.03333333333333333
2022-04-29,Fintech,CBAN,0.03333333333333333
2022-04-29,Fintech,FRST,0.03333333333333333
2022-04-29,Fintech,WSBF,0.03333333333333333
2022-04-29,Fintech,HELE,0.03333333333333333
2022-04-29,Fintech,CBFV,0.03333333333333333
2022-04-29,Fintech,NECB,0.03333333333333333
2022-04-29,Fintech,NAVI,0.03333333333333333
2022-04-29,Fintech,LPRO,0.03333333333333333
2022-04-29,Fintech,CZWI,0.03333333333333333
2022-04-29,Fintech,OXM,0.03333333333333333
2022-04-29,Fintech,CFBK,0.03333333333333333
2022-04-29,Fintech,SMBK,0.03333333333333333
2022-04-29,Fintech,BBDC,0.03333333333333333
2022-04-29,Fintech,RBKB,0.03333333333333333
2022-04-29,Fintech,TAYD,0.03333333333333333
2022-04-29,Fintech,SGA,0.03333333333333333
2022-04-29,Fintech,GILT,0.03333333333333333
2022-04-29,Fintech,CABO,0.03333333333333333
2022-04-29,Fintech,HY,0.03333333333333333
2022-04-29,Fintech,JOUT,0.03333333333333333
2022-04-29,Fintech,ULH,0.03333333333333333
2022-04-29,Fintech,ISBA,0.03333333333333333
2022-04-29,Fintech,UEIC,0.03333333333333333
2022-04-29,Fintech,NODK,0.03333333333333333
2022-04-29,Fintech,SFST,0.03333333333333333
2022-04-29,Fintech,FPH,0.03333333333333333
2022-04-29,Fintech,RPAY,0.03333333333333333
2022-04-29,Fintech,FUNC,0.03333333333333333
2022-04-29,Robotics & AI,SILC,0.03333333333333333
2022-04-29,Robotics & AI,TSBK,0.03333333333333333
2022-04-29,Robotics & AI,FRPH,0.03333333333333333
2022-04-29,Robotics & AI,MAGN,0.03333333333333333
2022-04-29,Robotics & AI,WEYS,0.03333333333333333
2022-04-29,Robotics & AI,PPIH,0.03333333333333333
2022-04-29,Robotics & AI,HY,0.03333333333333333
2022-04-29,Robotics & AI,CMCO,0.03333333333333333
2022-04-29,Robotics & AI,USNA,0.03333333333333333
2022-04-29,Robotics & AI,HCKT,0.03333333333333333
2022-04-29,Robotics & AI,ERII,0.03333333333333333
2022-04-29,Robotics & AI,TCX,0.03333333333333333
2022-04-29,Robotics & AI,KMDA,0.03333333333333333
2022-04-29,Robotics & AI,LEGH,0.03333333333333333
2022-04-29,Robotics & AI,MEI,0.03333333333333333
2022-04-29,Robotics & AI,TG,0.03333333333333333
2022-04-29,Robotics & AI,JMSB,0.03333333333333333
2022-04-29,Robotics & AI,OEC,0.03333333333333333
2022-04-29,Robotics & AI,NUS,0.03333333333333333
2022-04-29,Robotics & AI,BVFL,0.03333333333333333
2022-04-29,Robotics & AI,FEIM,0.03333333333333333
2022-04-29,Robotics & AI,KVHI,0.03333333333333333
2022-04-29,Robotics & AI,KRO,0.03333333333333333
2022-04-29,Robotics & AI,CLFD,0.03333333333333333
2022-04-29,Robotics & AI,EVO,0.03333333333333333
2022-04-29,Robotics & AI,AFBI,0.03333333333333333
2022-04-29,Robotics & AI,MX,0.03333333333333333
2022-04-29,Robotics & AI,TROX,0.03333333333333333
2022-04-29,Robotics & AI,BRID,0.03333333333333333
2022-04-29,Robotics & AI,APOG,0.03333333333333333
2022-04-29,Timber & Forestry,EBF,0.03333333333333333
2022-04-29,Timber & Forestry,FRPH,0.03333333333333333
2022-04-29,Timber & Forestry,ULH,0.03333333333333333
2022-04-29,Timber & Forestry,MAGN,0.03333333333333333
2022-04-29,Timber & Forestry,AVD,0.03333333333333333
2022-04-29,Timber & Forestry,CHSCL,0.03333333333333333
2022-04-29,Timber & Forestry,FNRN,0.03333333333333333
2022-04-29,Timber & Forestry,NFBK,0.03333333333333333
2022-04-29,Timber & Forestry,MEI,0.03333333333333333
2022-04-29,Timber & Forestry,FNLC,0.03333333333333333
2022-04-29,Timber & Forestry,PCYO,0.03333333333333333
2022-04-29,Timber & Forestry,TCX,0.03333333333333333
2022-04-29,Timber & Forestry,RDCM,0.03333333333333333
2022-04-29,Timber & Forestry,ERII,0.03333333333333333
2022-04-29,Timber & Forestry,CMCO,0.03333333333333333
2022-04-29,Timber & Forestry,HY,0.03333333333333333
2022-04-29,Timber & Forestry,TSBK,0.03333333333333333
2022-04-29,Timber & Forestry,SILC,0.03333333333333333
2022-04-29,Timber & Forestry,PROV,0.03333333333333333
2022-04-29,Timber & Forestry,OEC,0.03333333333333333
2022-04-29,Timber & Forestry,TG,0.03333333333333333
2022-04-29,Timber & Forestry,JOUT,0.03333333333333333
2022-04-29,Timber & Forestry,HWBK,0.03333333333333333
2022-04-29,Timber & Forestry,CHSCN,0.03333333333333333
2022-04-29,Timber & Forestry,LEGH,0.03333333333333333
2022-04-29,Timber & Forestry,DJCO,0.03333333333333333
2022-04-29,Timber & Forestry,NWFL,0.03333333333333333
2022-04-29,Timber & Forestry,NUS,0.03333333333333333
2022-04-29,Timber & Forestry,FVCB,0.03333333333333333
2022-04-29,Timber & Forestry,HSTM,0.03333333333333333
2022-04-29,US Infrastructure,EBF,0.03333333333333333
2022-04-29,US Infrastructure,FRPH,0.03333333333333333
2022-04-29,US Infrastructure,DGICA,0.03333333333333333
2022-04-29,US Infrastructure,KFRC,0.03333333333333333
2022-04-29,US Infrastructure,BBSI,0.03333333333333333
2022-04-29,US Infrastructure,HCKT,0.03333333333333333
2022-04-29,US Infrastructure,TRST,0.03333333333333333
2022-04-29,US Infrastructure,HURC,0.03333333333333333
2022-04-29,US Infrastructure,ATLO,0.03333333333333333
2022-04-29,US Infrastructure,GBLI,0.03333333333333333
2022-04-29,US Infrastructure,GSBC,0.03333333333333333
2022-04-29,US Infrastructure,FRBA,0.03333333333333333
2022-04-29,US Infrastructure,SILC,0.03333333333333333
2022-04-29,US Infrastructure,OBT,0.03333333333333333
2022-04-29,US Infrastructure,ERII,0.03333333333333333
2022-04-29,US Infrastructure,BMRC,0.03333333333333333
2022-04-29,US Infrastructure,FISI,0.03333333333333333
2022-04-29,US Infrastructure,FRAF,0.03333333333333333
2022-04-29,US Infrastructure,ACNB,0.03333333333333333
2022-04-29,US Infrastructure,FNLC,0.03333333333333333
2022-04-29,US Infrastructure,ULH,0.03333333333333333
2022-04-29,US Infrastructure,WTBA,0.03333333333333333
2022-04-29,US Infrastructure,AVD,0.03333333333333333
2022-04-29,US Infrastructure,FWRD,0.03333333333333333
2022-04-29,US Infrastructure,RGCO,0.03333333333333333
2022-04-29,US Infrastructure,OFIX,0.03333333333333333
2022-04-29,US Infrastructure,GLRE,0.03333333333333333
2022-04-29,US Infrastructure,PKE,0.03333333333333333
2022-04-29,US Infrastructure,MHLA,0.03333333333333333
2022-04-29,US Infrastructure,MAGN,0.03333333333333333
2022-04-29,Water,EBF,0.03333333333333333
2022-04-29,Water,KFRC,0.03333333333333333
2022-04-29,Water,EBMT,0.03333333333333333
2022-04-29,Water,FNLC,0.03333333333333333
2022-04-29,Water,MLAB,0.03333333333333333
2022-04-29,Water,HCKT,0.03333333333333333
2022-04-29,Water,CABO,0.03333333333333333
2022-04-29,Water,HURC,0.03333333333333333
2022-04-29,Water,GBLI,0.03333333333333333
2022-04-29,Water,CBNK,0.03333333333333333
2022-04-29,Water,CIVB,0.03333333333333333
2022-04-29,Water,EIG,0.03333333333333333
2022-04-29,Water,ARTNA,0.03333333333333333
2022-04-29,Water,FWRD,0.03333333333333333
2022-04-29,Water,BBSI,0.03333333333333333
2022-04-29,Water,NRC,0.03333333333333333
2022-04-29,Water,RGCO,0.03333333333333333
2022-04-29,Water,OBT,0.03333333333333333
2022-04-29,Water,ACNB,0.03333333333333333
2022-04-29,Water,WTBA,0.03333333333333333
2022-04-29,Water,OFIX,0.03333333333333333
2022-04-29,Water,TTEC,0.03333333333333333
2022-04-29,Water,HWBK,0.03333333333333333
2022-04-29,Water,FMAO,0.03333333333333333
2022-04-29,Water,GWRS,0.03333333333333333
2022-04-29,Water,BPRN,0.03333333333333333
2022-04-29,Water,HIFS,0.03333333333333333
2022-04-29,Water,AVD,0.03333333333333333
2022-04-29,Water,VLGEA,0.03333333333333333
2022-04-29,Water,PBHC,0.03333333333333333
2022-05-27,AI Infrastructure,FWRD,0.03333333333333333
2022-05-27,AI Infrastructure,SILC,0.03333333333333333
2022-05-27,AI Infrastructure,VABK,0.03333333333333333
2022-05-27,AI Infrastructure,WSBF,0.03333333333333333
2022-05-27,AI Infrastructure,PROV,0.03333333333333333
2022-05-27,AI Infrastructure,TG,0.03333333333333333
2022-05-27,AI Infrastructure,CSTE,0.03333333333333333
2022-05-27,AI Infrastructure,JMSB,0.03333333333333333
2022-05-27,AI Infrastructure,CCNE,0.03333333333333333
2022-05-27,AI Infrastructure,KVHI,0.03333333333333333
2022-05-27,AI Infrastructure,FEIM,0.03333333333333333
2022-05-27,AI Infrastructure,PDLB,0.03333333333333333
2022-05-27,AI Infrastructure,MNSB,0.03333333333333333
2022-05-27,AI Infrastructure,GTN,0.03333333333333333
2022-05-27,AI Infrastructure,BRID,0.03333333333333333
2022-05-27,AI Infrastructure,SSBI,0.03333333333333333
2022-05-27,AI Infrastructure,CTO,0.03333333333333333
2022-05-27,AI Infrastructure,MX,0.03333333333333333
2022-05-27,AI Infrastructure,RDVT,0.03333333333333333
2022-05-27,AI Infrastructure,EAF,0.03333333333333333
2022-05-27,AI Infrastructure,VREX,0.03333333333333333
2022-05-27,AI Infrastructure,DLHC,0.03333333333333333
2022-05-27,AI Infrastructure,SB,0.03333333333333333
2022-05-27,AI Infrastructure,MITK,0.03333333333333333
2022-05-27,AI Infrastructure,INVE,0.03333333333333333
2022-05-27,AI Infrastructure,CATO,0.03333333333333333
2022-05-27,AI Infrastructure,ASYS,0.03333333333333333
2022-05-27,AI Infrastructure,EGAN,0.03333333333333333
2022-05-27,AI Infrastructure,TRAK,0.03333333333333333
2022-05-27,AI Infrastructure,DSX,0.03333333333333333
2022-05-27,Agribusiness,FRPH,0.03333333333333333
2022-05-27,Agribusiness,EBF,0.03333333333333333
2022-05-27,Agribusiness,HURC,0.03333333333333333
2022-05-27,Agribusiness,CZFS,0.03333333333333333
2022-05-27,Agribusiness,PROV,0.03333333333333333
2022-05-27,Agribusiness,FCCO,0.03333333333333333
2022-05-27,Agribusiness,DSWL,0.03333333333333333
2022-05-27,Agribusiness,FNLC,0.03333333333333333
2022-05-27,Agribusiness,ACNB,0.03333333333333333
2022-05-27,Agribusiness,MAGN,0.03333333333333333
2022-05-27,Agribusiness,OFIX,0.03333333333333333
2022-05-27,Agribusiness,VLGEA,0.03333333333333333
2022-05-27,Agribusiness,FVCB,0.03333333333333333
2022-05-27,Agribusiness,ERII,0.03333333333333333
2022-05-27,Agribusiness,UNB,0.03333333333333333
2022-05-27,Agribusiness,AVD,0.03333333333333333
2022-05-27,Agribusiness,CSTE,0.03333333333333333
2022-05-27,Agribusiness,OPBK,0.03333333333333333
2022-05-27,Agribusiness,SPOK,0.03333333333333333
2022-05-27,Agribusiness,EVO,0.03333333333333333
2022-05-27,Agribusiness,TCX,0.03333333333333333
2022-05-27,Agribusiness,NUS,0.03333333333333333
2022-05-27,Agribusiness,ISBA,0.03333333333333333
2022-05-27,Agribusiness,LAND,0.03333333333333333
2022-05-27,Agribusiness,HRTG,0.03333333333333333
2022-05-27,Agribusiness,KVHI,0.03333333333333333
2022-05-27,Agribusiness,FEIM,0.03333333333333333
2022-05-27,Agribusiness,SHBI,0.03333333333333333
2022-05-27,Agribusiness,BVFL,0.03333333333333333
2022-05-27,Agribusiness,OXM,0.03333333333333333
2022-05-27,Clean Energy,HCKT,0.03333333333333333
2022-05-27,Clean Energy,PERI,0.03333333333333333
2022-05-27,Clean Energy,NECB,0.03333333333333333
2022-05-27,Clean Energy,EBMT,0.03333333333333333
2022-05-27,Clean Energy,SILC,0.03333333333333333
2022-05-27,Clean Energy,WSBF,0.03333333333333333
2022-05-27,Clean Energy,TAYD,0.03333333333333333
2022-05-27,Clean Energy,CBNK,0.03333333333333333
2022-05-27,Clean Energy,MRBK,0.03333333333333333
2022-05-27,Clean Energy,CSV,0.03333333333333333
2022-05-27,Clean Energy,NAVI,0.03333333333333333
2022-05-27,Clean Energy,ARTNA,0.03333333333333333
2022-05-27,Clean Energy,GLRE,0.03333333333333333
2022-05-27,Clean Energy,PPIH,0.03333333333333333
2022-05-27,Clean Energy,CABO,0.03333333333333333
2022-05-27,Clean Energy,BOTJ,0.03333333333333333
2022-05-27,Clean Energy,TTEC,0.03333333333333333
2022-05-27,Clean Energy,OBT,0.03333333333333333
2022-05-27,Clean Energy,WILC,0.03333333333333333
2022-05-27,Clean Energy,MITK,0.03333333333333333
2022-05-27,Clean Energy,PROV,0.03333333333333333
2022-05-27,Clean Energy,GBLI,0.03333333333333333
2022-05-27,Clean Energy,RDVT,0.03333333333333333
2022-05-27,Clean Energy,ITIC,0.03333333333333333
2022-05-27,Clean Energy,ANGO,0.03333333333333333
2022-05-27,Clean Energy,GWRS,0.03333333333333333
2022-05-27,Clean Energy,NRC,0.03333333333333333
2022-05-27,Clean Energy,PDLB,0.03333333333333333
2022-05-27,Clean Energy,ALLT,0.03333333333333333
2022-05-27,Clean Energy,BPRN,0.03333333333333333
2022-05-27,Critical Minerals,MAGN,0.03333333333333333
2022-05-27,Critical Minerals,FRPH,0.03333333333333333
2022-05-27,Critical Minerals,ERII,0.03333333333333333
2022-05-27,Critical Minerals,MX,0.03333333333333333
2022-05-27,Critical Minerals,AVD,0.03333333333333333
2022-05-27,Critical Minerals,GHG,0.03333333333333333
2022-05-27,Critical Minerals,CSTE,0.03333333333333333
2022-05-27,Critical Minerals,KRO,0.03333333333333333
2022-05-27,Critical Minerals,NUS,0.03333333333333333
2022-05-27,Critical Minerals,USNA,0.03333333333333333
2022-05-27,Critical Minerals,FNWD,0.03333333333333333
2022-05-27,Critical Minerals,TG,0.03333333333333333
2022-05-27,Critical Minerals,BBSI,0.03333333333333333
2022-05-27,Critical Minerals,SB,0.03333333333333333
2022-05-27,Critical Minerals,EGAN,0.03333333333333333
2022-05-27,Critical Minerals,HCKT,0.03333333333333333
2022-05-27,Critical Minerals,OFIX,0.03333333333333333
2022-05-27,Critical Minerals,CHSCL,0.03333333333333333
2022-05-27,Critical Minerals,RGCO,0.03333333333333333
2022-05-27,Critical Minerals,OEC,0.03333333333333333
2022-05-27,Critical Minerals,FF,0.03333333333333333
2022-05-27,Critical Minerals,LND,0.03333333333333333
2022-05-27,Critical Minerals,GWRS,0.03333333333333333
2022-05-27,Critical Minerals,MEI,0.03333333333333333
2022-05-27,Critical Minerals,VREX,0.03333333333333333
2022-05-27,Critical Minerals,ASYS,0.03333333333333333
2022-05-27,Critical Minerals,JMSB,0.03333333333333333
2022-05-27,Critical Minerals,CODA,0.03333333333333333
2022-05-27,Critical Minerals,GSIT,0.03333333333333333
2022-05-27,Critical Minerals,CSIQ,0.03333333333333333
2022-05-27,Cybersecurity,EBF,0.03333333333333333
2022-05-27,Cybersecurity,FNRN,0.03333333333333333
2022-05-27,Cybersecurity,CBAN,0.03333333333333333
2022-05-27,Cybersecurity,DSWL,0.03333333333333333
2022-05-27,Cybersecurity,CFFI,0.03333333333333333
2022-05-27,Cybersecurity,LARK,0.03333333333333333
2022-05-27,Cybersecurity,RBB,0.03333333333333333
2022-05-27,Cybersecurity,FEIM,0.03333333333333333
2022-05-27,Cybersecurity,CASS,0.03333333333333333
2022-05-27,Cybersecurity,OFIX,0.03333333333333333
2022-05-27,Cybersecurity,CFBK,0.03333333333333333
2022-05-27,Cybersecurity,CABO,0.03333333333333333
2022-05-27,Cybersecurity,HWBK,0.03333333333333333
2022-05-27,Cybersecurity,JOUT,0.03333333333333333
2022-05-27,Cybersecurity,VLGEA,0.03333333333333333
2022-05-27,Cybersecurity,UEIC,0.03333333333333333
2022-05-27,Cybersecurity,TSBK,0.03333333333333333
2022-05-27,Cybersecurity,HURC,0.03333333333333333
2022-05-27,Cybersecurity,MAGN,0.03333333333333333
2022-05-27,Cybersecurity,SPOK,0.03333333333333333
2022-05-27,Cybersecurity,GASS,0.03333333333333333
2022-05-27,Cybersecurity,TBI,0.03333333333333333
2022-05-27,Cybersecurity,MNSB,0.03333333333333333
2022-05-27,Cybersecurity,BOC,0.03333333333333333
2022-05-27,Cybersecurity,CSTE,0.03333333333333333
2022-05-27,Cybersecurity,HELE,0.03333333333333333
2022-05-27,Cybersecurity,EVO,0.03333333333333333
2022-05-27,Cybersecurity,EGHT,0.03333333333333333
2022-05-27,Cybersecurity,RCKY,0.03333333333333333
2022-05-27,Cybersecurity,CAC,0.03333333333333333
2022-05-27,Defense,BBDC,0.03333333333333333
2022-05-27,Defense,FBIZ,0.03333333333333333
2022-05-27,Defense,CBFV,0.03333333333333333
2022-05-27,Defense,BBSI,0.03333333333333333
2022-05-27,Defense,CASS,0.03333333333333333
2022-05-27,Defense,EBF,0.03333333333333333
2022-05-27,Defense,FISI,0.03333333333333333
2022-05-27,Defense,DSWL,0.03333333333333333
2022-05-27,Defense,GILT,0.03333333333333333
2022-05-27,Defense,CTO,0.03333333333333333
2022-05-27,Defense,OFIX,0.03333333333333333
2022-05-27,Defense,GHI,0.03333333333333333
2022-05-27,Defense,APOG,0.03333333333333333
2022-05-27,Defense,ALLT,0.03333333333333333
2022-05-27,Defense,FPH,0.03333333333333333
2022-05-27,Defense,ITIC,0.03333333333333333
2022-05-27,Defense,OXM,0.03333333333333333
2022-05-27,Defense,UTL,0.03333333333333333
2022-05-27,Defense,CBAN,0.03333333333333333
2022-05-27,Defense,ARTNA,0.03333333333333333
2022-05-27,Defense,UEIC,0.03333333333333333
2022-05-27,Defense,ISBA,0.03333333333333333
2022-05-27,Defense,NX,0.03333333333333333
2022-05-27,Defense,MSBI,0.03333333333333333
2022-05-27,Defense,NRIM,0.03333333333333333
2022-05-27,Defense,BCML,0.03333333333333333
2022-05-27,Defense,SGA,0.03333333333333333
2022-05-27,Defense,XRX,0.03333333333333333
2022-05-27,Defense,RCKY,0.03333333333333333
2022-05-27,Defense,TBRG,0.03333333333333333
2022-05-27,Fintech,BCAL,0.03333333333333333
2022-05-27,Fintech,GPJA,0.03333333333333333
2022-05-27,Fintech,DSWL,0.03333333333333333
2022-05-27,Fintech,CBAN,0.03333333333333333
2022-05-27,Fintech,HELE,0.03333333333333333
2022-05-27,Fintech,NECB,0.03333333333333333
2022-05-27,Fintech,RCKY,0.03333333333333333
2022-05-27,Fintech,CBFV,0.03333333333333333
2022-05-27,Fintech,BBDC,0.03333333333333333
2022-05-27,Fintech,CFBK,0.03333333333333333
2022-05-27,Fintech,FPH,0.03333333333333333
2022-05-27,Fintech,SGA,0.03333333333333333
2022-05-27,Fintech,CFFI,0.03333333333333333
2022-05-27,Fintech,RBKB,0.03333333333333333
2022-05-27,Fintech,CZWI,0.03333333333333333
2022-05-27,Fintech,OXM,0.03333333333333333
2022-05-27,Fintech,UEIC,0.03333333333333333
2022-05-27,Fintech,ISBA,0.03333333333333333
2022-05-27,Fintech,HY,0.03333333333333333
2022-05-27,Fintech,FUNC,0.03333333333333333
2022-05-27,Fintech,GILT,0.03333333333333333
2022-05-27,Fintech,OFLX,0.03333333333333333
2022-05-27,Fintech,TLYS,0.03333333333333333
2022-05-27,Fintech,IMXI,0.03333333333333333
2022-05-27,Fintech,NODK,0.03333333333333333
2022-05-27,Fintech,MATV,0.03333333333333333
2022-05-27,Fintech,YEXT,0.03333333333333333
2022-05-27,Fintech,FEIM,0.03333333333333333
2022-05-27,Fintech,TAYD,0.03333333333333333
2022-05-27,Fintech,SSBI,0.03333333333333333
2022-05-27,Robotics & AI,TSBK,0.03333333333333333
2022-05-27,Robotics & AI,SILC,0.03333333333333333
2022-05-27,Robotics & AI,WEYS,0.03333333333333333
2022-05-27,Robotics & AI,PPIH,0.03333333333333333
2022-05-27,Robotics & AI,FWRD,0.03333333333333333
2022-05-27,Robotics & AI,CBNK,0.03333333333333333
2022-05-27,Robotics & AI,HY,0.03333333333333333
2022-05-27,Robotics & AI,MAGN,0.03333333333333333
2022-05-27,Robotics & AI,HCKT,0.03333333333333333
2022-05-27,Robotics & AI,LEGH,0.03333333333333333
2022-05-27,Robotics & AI,USNA,0.03333333333333333
2022-05-27,Robotics & AI,NAVI,0.03333333333333333
2022-05-27,Robotics & AI,MEI,0.03333333333333333
2022-05-27,Robotics & AI,ERII,0.03333333333333333
2022-05-27,Robotics & AI,CSTE,0.03333333333333333
2022-05-27,Robotics & AI,JMSB,0.03333333333333333
2022-05-27,Robotics & AI,KMDA,0.03333333333333333
2022-05-27,Robotics & AI,TG,0.03333333333333333
2022-05-27,Robotics & AI,CMCO,0.03333333333333333
2022-05-27,Robotics & AI,OEC,0.03333333333333333
2022-05-27,Robotics & AI,CCLD,0.03333333333333333
2022-05-27,Robotics & AI,NUS,0.03333333333333333
2022-05-27,Robotics & AI,EVO,0.03333333333333333
2022-05-27,Robotics & AI,APOG,0.03333333333333333
2022-05-27,Robotics & AI,TATT,0.03333333333333333
2022-05-27,Robotics & AI,BRID,0.03333333333333333
2022-05-27,Robotics & AI,KRO,0.03333333333333333
2022-05-27,Robotics & AI,AFBI,0.03333333333333333
2022-05-27,Robotics & AI,MX,0.03333333333333333
2022-05-27,Robotics & AI,MITK,0.03333333333333333
2022-05-27,Timber & Forestry,FRPH,0.03333333333333333
2022-05-27,Timber & Forestry,EBF,0.03333333333333333
2022-05-27,Timber & Forestry,MAGN,0.03333333333333333
2022-05-27,Timber & Forestry,KFRC,0.03333333333333333
2022-05-27,Timber & Forestry,CHSCL,0.03333333333333333
2022-05-27,Timber & Forestry,FNRN,0.03333333333333333
2022-05-27,Timber & Forestry,CSTE,0.03333333333333333
2022-05-27,Timber & Forestry,AVD,0.03333333333333333
2022-05-27,Timber & Forestry,NFBK,0.03333333333333333
2022-05-27,Timber & Forestry,HURC,0.03333333333333333
2022-05-27,Timber & Forestry,MEI,0.03333333333333333
2022-05-27,Timber & Forestry,FNLC,0.03333333333333333
2022-05-27,Timber & Forestry,SILC,0.03333333333333333
2022-05-27,Timber & Forestry,PROV,0.03333333333333333
2022-05-27,Timber & Forestry,TSBK,0.03333333333333333
2022-05-27,Timber & Forestry,LEGH,0.03333333333333333
2022-05-27,Timber & Forestry,TG,0.03333333333333333
2022-05-27,Timber & Forestry,ERII,0.03333333333333333
2022-05-27,Timber & Forestry,OEC,0.03333333333333333
2022-05-27,Timber & Forestry,CMCO,0.03333333333333333
2022-05-27,Timber & Forestry,MATV,0.03333333333333333
2022-05-27,Timber & Forestry,HY,0.03333333333333333
2022-05-27,Timber & Forestry,EVO,0.03333333333333333
2022-05-27,Timber & Forestry,FVCB,0.03333333333333333
2022-05-27,Timber & Forestry,TCX,0.03333333333333333
2022-05-27,Timber & Forestry,KMDA,0.03333333333333333
2022-05-27,Timber & Forestry,WNC,0.03333333333333333
2022-05-27,Timber & Forestry,USNA,0.03333333333333333
2022-05-27,Timber & Forestry,UNB,0.03333333333333333
2022-05-27,Timber & Forestry,NUS,0.03333333333333333
2022-05-27,US Infrastructure,EBF,0.03333333333333333
2022-05-27,US Infrastructure,FRPH,0.03333333333333333
2022-05-27,US Infrastructure,ATLO,0.03333333333333333
2022-05-27,US Infrastructure,BBSI,0.03333333333333333
2022-05-27,US Infrastructure,TRST,0.03333333333333333
2022-05-27,US Infrastructure,HURC,0.03333333333333333
2022-05-27,US Infrastructure,FRAF,0.03333333333333333
2022-05-27,US Infrastructure,DGICA,0.03333333333333333
2022-05-27,US Infrastructure,WSBF,0.03333333333333333
2022-05-27,US Infrastructure,HCKT,0.03333333333333333
2022-05-27,US Infrastructure,GSBC,0.03333333333333333
2022-05-27,US Infrastructure,BMRC,0.03333333333333333
2022-05-27,US Infrastructure,THFF,0.03333333333333333
2022-05-27,US Infrastructure,FCCO,0.03333333333333333
2022-05-27,US Infrastructure,SILC,0.03333333333333333
2022-05-27,US Infrastructure,FWRD,0.03333333333333333
2022-05-27,US Infrastructure,FNLC,0.03333333333333333
2022-05-27,US Infrastructure,FISI,0.03333333333333333
2022-05-27,US Infrastructure,MHLA,0.03333333333333333
2022-05-27,US Infrastructure,TBRG,0.03333333333333333
2022-05-27,US Infrastructure,ACNB,0.03333333333333333
2022-05-27,US Infrastructure,MLAB,0.03333333333333333
2022-05-27,US Infrastructure,ERII,0.03333333333333333
2022-05-27,US Infrastructure,PKE,0.03333333333333333
2022-05-27,US Infrastructure,FVCB,0.03333333333333333
2022-05-27,US Infrastructure,ANGO,0.03333333333333333
2022-05-27,US Infrastructure,OVBC,0.03333333333333333
2022-05-27,US Infrastructure,ISBA,0.03333333333333333
2022-05-27,US Infrastructure,MAGN,0.03333333333333333
2022-05-27,US Infrastructure,MATV,0.03333333333333333
2022-05-27,Water,EBF,0.03333333333333333
2022-05-27,Water,FRPH,0.03333333333333333
2022-05-27,Water,NFBK,0.03333333333333333
2022-05-27,Water,HCKT,0.03333333333333333
2022-05-27,Water,TRST,0.03333333333333333
2022-05-27,Water,GBLI,0.03333333333333333
2022-05-27,Water,WSBF,0.03333333333333333
2022-05-27,Water,ATLO,0.03333333333333333
2022-05-27,Water,EBMT,0.03333333333333333
2022-05-27,Water,GSBC,0.03333333333333333
2022-05-27,Water,CABO,0.03333333333333333
2022-05-27,Water,FNLC,0.03333333333333333
2022-05-27,Water,DGICA,0.03333333333333333
2022-05-27,Water,GLRE,0.03333333333333333
2022-05-27,Water,NKSH,0.03333333333333333
2022-05-27,Water,RBB,0.03333333333333333
2022-05-27,Water,ARTNA,0.03333333333333333
2022-05-27,Water,FRAF,0.03333333333333333
2022-05-27,Water,BBSI,0.03333333333333333
2022-05-27,Water,CIVB,0.03333333333333333
2022-05-27,Water,OBT,0.03333333333333333
2022-05-27,Water,WTBA,0.03333333333333333
2022-05-27,Water,TTEC,0.03333333333333333
2022-05-27,Water,FRBA,0.03333333333333333
2022-05-27,Water,CBNK,0.03333333333333333
2022-05-27,Water,MLAB,0.03333333333333333
2022-05-27,Water,CFFI,0.03333333333333333
2022-05-27,Water,PROV,0.03333333333333333
2022-05-27,Water,HURC,0.03333333333333333
2022-05-27,Water,FVCB,0.03333333333333333
2022-06-24,AI Infrastructure,NVEC,0.03333333333333333
2022-06-24,AI Infrastructure,EBMT,0.03333333333333333
2022-06-24,AI Infrastructure,TSBK,0.03333333333333333
2022-06-24,AI Infrastructure,FBIZ,0.03333333333333333
2022-06-24,AI Infrastructure,FWRD,0.03333333333333333
2022-06-24,AI Infrastructure,CBAN,0.03333333333333333
2022-06-24,AI Infrastructure,WSBF,0.03333333333333333
2022-06-24,AI Infrastructure,SILC,0.03333333333333333
2022-06-24,AI Infrastructure,PROV,0.03333333333333333
2022-06-24,AI Infrastructure,AMTB,0.03333333333333333
2022-06-24,AI Infrastructure,KRNY,0.03333333333333333
2022-06-24,AI Infrastructure,CCNE,0.03333333333333333
2022-06-24,AI Infrastructure,TG,0.03333333333333333
2022-06-24,AI Infrastructure,FEIM,0.03333333333333333
2022-06-24,AI Infrastructure,OFIX,0.03333333333333333
2022-06-24,AI Infrastructure,MNSB,0.03333333333333333
2022-06-24,AI Infrastructure,CSTE,0.03333333333333333
2022-06-24,AI Infrastructure,JMSB,0.03333333333333333
2022-06-24,AI Infrastructure,PDLB,0.03333333333333333
2022-06-24,AI Infrastructure,BRID,0.03333333333333333
2022-06-24,AI Infrastructure,EGHT,0.03333333333333333
2022-06-24,AI Infrastructure,CTO,0.03333333333333333
2022-06-24,AI Infrastructure,EIG,0.03333333333333333
2022-06-24,AI Infrastructure,MX,0.03333333333333333
2022-06-24,AI Infrastructure,MITK,0.03333333333333333
2022-06-24,AI Infrastructure,SPOK,0.03333333333333333
2022-06-24,AI Infrastructure,TAYD,0.03333333333333333
2022-06-24,AI Infrastructure,VREX,0.03333333333333333
2022-06-24,AI Infrastructure,EAF,0.03333333333333333
2022-06-24,AI Infrastructure,GTN,0.03333333333333333
2022-06-24,Agribusiness,FRPH,0.03333333333333333
2022-06-24,Agribusiness,FNRN,0.03333333333333333
2022-06-24,Agribusiness,OBT,0.03333333333333333
2022-06-24,Agribusiness,PCYO,0.03333333333333333
2022-06-24,Agribusiness,FNWD,0.03333333333333333
2022-06-24,Agribusiness,DSWL,0.03333333333333333
2022-06-24,Agribusiness,FVCB,0.03333333333333333
2022-06-24,Agribusiness,PROV,0.03333333333333333
2022-06-24,Agribusiness,RBB,0.03333333333333333
2022-06-24,Agribusiness,MAGN,0.03333333333333333
2022-06-24,Agribusiness,GSBC,0.03333333333333333
2022-06-24,Agribusiness,FNLC,0.03333333333333333
2022-06-24,Agribusiness,WTBA,0.03333333333333333
2022-06-24,Agribusiness,ERII,0.03333333333333333
2022-06-24,Agribusiness,OFIX,0.03333333333333333
2022-06-24,Agribusiness,AVD,0.03333333333333333
2022-06-24,Agribusiness,VLGEA,0.03333333333333333
2022-06-24,Agribusiness,ACNB,0.03333333333333333
2022-06-24,Agribusiness,OPBK,0.03333333333333333
2022-06-24,Agribusiness,MSBI,0.03333333333333333
2022-06-24,Agribusiness,TTEC,0.03333333333333333
2022-06-24,Agribusiness,AMPH,0.03333333333333333
2022-06-24,Agribusiness,CSTE,0.03333333333333333
2022-06-24,Agribusiness,HRTG,0.03333333333333333
2022-06-24,Agribusiness,TCX,0.03333333333333333
2022-06-24,Agribusiness,EVO,0.03333333333333333
2022-06-24,Agribusiness,ISBA,0.03333333333333333
2022-06-24,Agribusiness,UNB,0.03333333333333333
2022-06-24,Agribusiness,SPOK,0.03333333333333333
2022-06-24,Agribusiness,OVBC,0.03333333333333333
2022-06-24,Clean Energy,PERI,0.03333333333333333
2022-06-24,Clean Energy,HCKT,0.03333333333333333
2022-06-24,Clean Energy,CSV,0.03333333333333333
2022-06-24,Clean Energy,CABO,0.03333333333333333
2022-06-24,Clean Energy,NECB,0.03333333333333333
2022-06-24,Clean Energy,WSBF,0.03333333333333333
2022-06-24,Clean Energy,EBMT,0.03333333333333333
2022-06-24,Clean Energy,CBNK,0.03333333333333333
2022-06-24,Clean Energy,ARTNA,0.03333333333333333
2022-06-24,Clean Energy,SILC,0.03333333333333333
2022-06-24,Clean Energy,GLRE,0.03333333333333333
2022-06-24,Clean Energy,MRBK,0.03333333333333333
2022-06-24,Clean Energy,GWRS,0.03333333333333333
2022-06-24,Clean Energy,TAYD,0.03333333333333333
2022-06-24,Clean Energy,FBIZ,0.03333333333333333
2022-06-24,Clean Energy,PPIH,0.03333333333333333
2022-06-24,Clean Energy,PROV,0.03333333333333333
2022-06-24,Clean Energy,WILC,0.03333333333333333
2022-06-24,Clean Energy,GBLI,0.03333333333333333
2022-06-24,Clean Energy,TTEC,0.03333333333333333
2022-06-24,Clean Energy,BPRN,0.03333333333333333
2022-06-24,Clean Energy,ANGO,0.03333333333333333
2022-06-24,Clean Energy,FMAO,0.03333333333333333
2022-06-24,Clean Energy,FRBA,0.03333333333333333
2022-06-24,Clean Energy,NAVI,0.03333333333333333
2022-06-24,Clean Energy,MITK,0.03333333333333333
2022-06-24,Clean Energy,FNLC,0.03333333333333333
2022-06-24,Clean Energy,PDLB,0.03333333333333333
2022-06-24,Clean Energy,LPRO,0.03333333333333333
2022-06-24,Clean Energy,RGCO,0.03333333333333333
2022-06-24,Critical Minerals,FRPH,0.03333333333333333
2022-06-24,Critical Minerals,ERII,0.03333333333333333
2022-06-24,Critical Minerals,AVD,0.03333333333333333
2022-06-24,Critical Minerals,OBT,0.03333333333333333
2022-06-24,Critical Minerals,CSTE,0.03333333333333333
2022-06-24,Critical Minerals,GHG,0.03333333333333333
2022-06-24,Critical Minerals,NUS,0.03333333333333333
2022-06-24,Critical Minerals,FNWD,0.03333333333333333
2022-06-24,Critical Minerals,LND,0.03333333333333333
2022-06-24,Critical Minerals,SPOK,0.03333333333333333
2022-06-24,Critical Minerals,CZNC,0.03333333333333333
2022-06-24,Critical Minerals,OVBC,0.03333333333333333
2022-06-24,Critical Minerals,BBSI,0.03333333333333333
2022-06-24,Critical Minerals,MX,0.03333333333333333
2022-06-24,Critical Minerals,CHSCO,0.03333333333333333
2022-06-24,Critical Minerals,KRO,0.03333333333333333
2022-06-24,Critical Minerals,FF,0.03333333333333333
2022-06-24,Critical Minerals,SB,0.03333333333333333
2022-06-24,Critical Minerals,CHSCL,0.03333333333333333
2022-06-24,Critical Minerals,USNA,0.03333333333333333
2022-06-24,Critical Minerals,UNB,0.03333333333333333
2022-06-24,Critical Minerals,CLMB,0.03333333333333333
2022-06-24,Critical Minerals,MED,0.03333333333333333
2022-06-24,Critical Minerals,ISBA,0.03333333333333333
2022-06-24,Critical Minerals,CSIQ,0.03333333333333333
2022-06-24,Critical Minerals,EML,0.03333333333333333
2022-06-24,Critical Minerals,OEC,0.03333333333333333
2022-06-24,Critical Minerals,CHSCM,0.03333333333333333
2022-06-24,Critical Minerals,EGAN,0.03333333333333333
2022-06-24,Critical Minerals,ASYS,0.03333333333333333
2022-06-24,Cybersecurity,EBF,0.03333333333333333
2022-06-24,Cybersecurity,LARK,0.03333333333333333
2022-06-24,Cybersecurity,CABO,0.03333333333333333
2022-06-24,Cybersecurity,FNRN,0.03333333333333333
2022-06-24,Cybersecurity,CBAN,0.03333333333333333
2022-06-24,Cybersecurity,CFFI,0.03333333333333333
2022-06-24,Cybersecurity,OFIX,0.03333333333333333
2022-06-24,Cybersecurity,FEIM,0.03333333333333333
2022-06-24,Cybersecurity,CFBK,0.03333333333333333
2022-06-24,Cybersecurity,CASS,0.03333333333333333
2022-06-24,Cybersecurity,NVEC,0.03333333333333333
2022-06-24,Cybersecurity,HURC,0.03333333333333333
2022-06-24,Cybersecurity,VLGEA,0.03333333333333333
2022-06-24,Cybersecurity,ULH,0.03333333333333333
2022-06-24,Cybersecurity,TSBK,0.03333333333333333
2022-06-24,Cybersecurity,RBB,0.03333333333333333
2022-06-24,Cybersecurity,DSWL,0.03333333333333333
2022-06-24,Cybersecurity,UEIC,0.03333333333333333
2022-06-24,Cybersecurity,MAGN,0.03333333333333333
2022-06-24,Cybersecurity,SPOK,0.03333333333333333
2022-06-24,Cybersecurity,EGHT,0.03333333333333333
2022-06-24,Cybersecurity,JOUT,0.03333333333333333
2022-06-24,Cybersecurity,GASS,0.03333333333333333
2022-06-24,Cybersecurity,EVO,0.03333333333333333
2022-06-24,Cybersecurity,HELE,0.03333333333333333
2022-06-24,Cybersecurity,CSTE,0.03333333333333333
2022-06-24,Cybersecurity,OFLX,0.03333333333333333
2022-06-24,Cybersecurity,BOC,0.03333333333333333
2022-06-24,Cybersecurity,TBI,0.03333333333333333
2022-06-24,Cybersecurity,ISBA,0.03333333333333333
2022-06-24,Defense,BBDC,0.03333333333333333
2022-06-24,Defense,FBIZ,0.03333333333333333
2022-06-24,Defense,GPJA,0.03333333333333333
2022-06-24,Defense,CASS,0.03333333333333333
2022-06-24,Defense,CBFV,0.03333333333333333
2022-06-24,Defense,BBSI,0.03333333333333333
2022-06-24,Defense,DGICA,0.03333333333333333
2022-06-24,Defense,NECB,0.03333333333333333
2022-06-24,Defense,OFIX,0.03333333333333333
2022-06-24,Defense,CABO,0.03333333333333333
2022-06-24,Defense,OXM,0.03333333333333333
2022-06-24,Defense,CTO,0.03333333333333333
2022-06-24,Defense,FISI,0.03333333333333333
2022-06-24,Defense,LARK,0.03333333333333333
2022-06-24,Defense,TSBK,0.03333333333333333
2022-06-24,Defense,CBAN,0.03333333333333333
2022-06-24,Defense,APOG,0.03333333333333333
2022-06-24,Defense,ARTNA,0.03333333333333333
2022-06-24,Defense,HELE,0.03333333333333333
2022-06-24,Defense,ISBA,0.03333333333333333
2022-06-24,Defense,ITIC,0.03333333333333333
2022-06-24,Defense,SGA,0.03333333333333333
2022-06-24,Defense,MSBI,0.03333333333333333
2022-06-24,Defense,NRIM,0.03333333333333333
2022-06-24,Defense,ALLT,0.03333333333333333
2022-06-24,Defense,GHI,0.03333333333333333
2022-06-24,Defense,TAYD,0.03333333333333333
2022-06-24,Defense,VRRM,0.03333333333333333
2022-06-24,Defense,UEIC,0.03333333333333333
2022-06-24,Defense,NRC,0.03333333333333333
2022-06-24,Fintech,GPJA,0.03333333333333333
2022-06-24,Fintech,BCAL,0.03333333333333333
2022-06-24,Fintech,CBAN,0.03333333333333333
2022-06-24,Fintech,DSWL,0.03333333333333333
2022-06-24,Fintech,NECB,0.03333333333333333
2022-06-24,Fintech,WSBF,0.03333333333333333
2022-06-24,Fintech,HELE,0.03333333333333333
2022-06-24,Fintech,OXM,0.03333333333333333
2022-06-24,Fintech,CBFV,0.03333333333333333
2022-06-24,Fintech,BBDC,0.03333333333333333
2022-06-24,Fintech,CFBK,0.03333333333333333
2022-06-24,Fintech,CFFI,0.03333333333333333
2022-06-24,Fintech,RBKB,0.03333333333333333
2022-06-24,Fintech,FUNC,0.03333333333333333
2022-06-24,Fintech,CZWI,0.03333333333333333
2022-06-24,Fintech,CABO,0.03333333333333333
2022-06-24,Fintech,FPH,0.03333333333333333
2022-06-24,Fintech,ISBA,0.03333333333333333
2022-06-24,Fintech,HY,0.03333333333333333
2022-06-24,Fintech,OFLX,0.03333333333333333
2022-06-24,Fintech,SGA,0.03333333333333333
2022-06-24,Fintech,ULH,0.03333333333333333
2022-06-24,Fintech,UEIC,0.03333333333333333
2022-06-24,Fintech,TAYD,0.03333333333333333
2022-06-24,Fintech,MED,0.03333333333333333
2022-06-24,Fintech,YEXT,0.03333333333333333
2022-06-24,Fintech,JOUT,0.03333333333333333
2022-06-24,Fintech,IMXI,0.03333333333333333
2022-06-24,Fintech,PDLB,0.03333333333333333
2022-06-24,Fintech,TLYS,0.03333333333333333
2022-06-24,Robotics & AI,SILC,0.03333333333333333
2022-06-24,Robotics & AI,NVEC,0.03333333333333333
2022-06-24,Robotics & AI,TSBK,0.03333333333333333
2022-06-24,Robotics & AI,FRPH,0.03333333333333333
2022-06-24,Robotics & AI,MAGN,0.03333333333333333
2022-06-24,Robotics & AI,ULH,0.03333333333333333
2022-06-24,Robotics & AI,RDCM,0.03333333333333333
2022-06-24,Robotics & AI,WEYS,0.03333333333333333
2022-06-24,Robotics & AI,FWRD,0.03333333333333333
2022-06-24,Robotics & AI,LEGH,0.03333333333333333
2022-06-24,Robotics & AI,HY,0.03333333333333333
2022-06-24,Robotics & AI,HCKT,0.03333333333333333
2022-06-24,Robotics & AI,PPIH,0.03333333333333333
2022-06-24,Robotics & AI,MEI,0.03333333333333333
2022-06-24,Robotics & AI,KMDA,0.03333333333333333
2022-06-24,Robotics & AI,ERII,0.03333333333333333
2022-06-24,Robotics & AI,CSTE,0.03333333333333333
2022-06-24,Robotics & AI,TG,0.03333333333333333
2022-06-24,Robotics & AI,CMCO,0.03333333333333333
2022-06-24,Robotics & AI,USNA,0.03333333333333333
2022-06-24,Robotics & AI,JMSB,0.03333333333333333
2022-06-24,Robotics & AI,MATV,0.03333333333333333
2022-06-24,Robotics & AI,EVO,0.03333333333333333
2022-06-24,Robotics & AI,KVHI,0.03333333333333333
2022-06-24,Robotics & AI,BVFL,0.03333333333333333
2022-06-24,Robotics & AI,NUS,0.03333333333333333
2022-06-24,Robotics & AI,KRO,0.03333333333333333
2022-06-24,Robotics & AI,KINS,0.03333333333333333
2022-06-24,Robotics & AI,APOG,0.03333333333333333
2022-06-24,Robotics & AI,OEC,0.03333333333333333
2022-06-24,Timber & Forestry,FRPH,0.03333333333333333
2022-06-24,Timber & Forestry,EBF,0.03333333333333333
2022-06-24,Timber & Forestry,NVEC,0.03333333333333333
2022-06-24,Timber & Forestry,MAGN,0.03333333333333333
2022-06-24,Timber & Forestry,CHSCL,0.03333333333333333
2022-06-24,Timber & Forestry,FNRN,0.03333333333333333
2022-06-24,Timber & Forestry,AVD,0.03333333333333333
2022-06-24,Timber & Forestry,ULH,0.03333333333333333
2022-06-24,Timber & Forestry,PCYO,0.03333333333333333
2022-06-24,Timber & Forestry,NFBK,0.03333333333333333
2022-06-24,Timber & Forestry,HURC,0.03333333333333333
2022-06-24,Timber & Forestry,FWRD,0.03333333333333333
2022-06-24,Timber & Forestry,MEI,0.03333333333333333
2022-06-24,Timber & Forestry,CZFS,0.03333333333333333
2022-06-24,Timber & Forestry,ERII,0.03333333333333333
2022-06-24,Timber & Forestry,TCX,0.03333333333333333
2022-06-24,Timber & Forestry,CSTE,0.03333333333333333
2022-06-24,Timber & Forestry,RDCM,0.03333333333333333
2022-06-24,Timber & Forestry,FNLC,0.03333333333333333
2022-06-24,Timber & Forestry,LEGH,0.03333333333333333
2022-06-24,Timber & Forestry,DSWL,0.03333333333333333
2022-06-24,Timber & Forestry,CHSCN,0.03333333333333333
2022-06-24,Timber & Forestry,CMCO,0.03333333333333333
2022-06-24,Timber & Forestry,HY,0.03333333333333333
2022-06-24,Timber & Forestry,MATV,0.03333333333333333
2022-06-24,Timber & Forestry,EVO,0.03333333333333333
2022-06-24,Timber & Forestry,OEC,0.03333333333333333
2022-06-24,Timber & Forestry,HSTM,0.03333333333333333
2022-06-24,Timber & Forestry,KRO,0.03333333333333333
2022-06-24,Timber & Forestry,EML,0.03333333333333333
2022-06-24,US Infrastructure,EBF,0.03333333333333333
2022-06-24,US Infrastructure,FRPH,0.03333333333333333
2022-06-24,US Infrastructure,HCKT,0.03333333333333333
2022-06-24,US Infrastructure,GBLI,0.03333333333333333
2022-06-24,US Infrastructure,BBSI,0.03333333333333333
2022-06-24,US Infrastructure,TRST,0.03333333333333333
2022-06-24,US Infrastructure,WSBF,0.03333333333333333
2022-06-24,US Infrastructure,HURC,0.03333333333333333
2022-06-24,US Infrastructure,FRAF,0.03333333333333333
2022-06-24,US Infrastructure,SILC,0.03333333333333333
2022-06-24,US Infrastructure,CABO,0.03333333333333333
2022-06-24,US Infrastructure,LARK,0.03333333333333333
2022-06-24,US Infrastructure,GSBC,0.03333333333333333
2022-06-24,US Infrastructure,OBT,0.03333333333333333
2022-06-24,US Infrastructure,BMRC,0.03333333333333333
2022-06-24,US Infrastructure,ERII,0.03333333333333333
2022-06-24,US Infrastructure,FNLC,0.03333333333333333
2022-06-24,US Infrastructure,GLRE,0.03333333333333333
2022-06-24,US Infrastructure,RGCO,0.03333333333333333
2022-06-24,US Infrastructure,ULH,0.03333333333333333
2022-06-24,US Infrastructure,FWRD,0.03333333333333333
2022-06-24,US Infrastructure,WTBA,0.03333333333333333
2022-06-24,US Infrastructure,ANGO,0.03333333333333333
2022-06-24,US Infrastructure,OFIX,0.03333333333333333
2022-06-24,US Infrastructure,FISI,0.03333333333333333
2022-06-24,US Infrastructure,MHLA,0.03333333333333333
2022-06-24,US Infrastructure,GWRS,0.03333333333333333
2022-06-24,US Infrastructure,AVD,0.03333333333333333
2022-06-24,US Infrastructure,ISBA,0.03333333333333333
2022-06-24,US Infrastructure,MAGN,0.03333333333333333
2022-06-24,Water,EBF,0.03333333333333333
2022-06-24,Water,NFBK,0.03333333333333333
2022-06-24,Water,HCKT,0.03333333333333333
2022-06-24,Water,PCYO,0.03333333333333333
2022-06-24,Water,CABO,0.03333333333333333
2022-06-24,Water,TRST,0.03333333333333333
2022-06-24,Water,ATLO,0.03333333333333333
2022-06-24,Water,GBLI,0.03333333333333333
2022-06-24,Water,WSBF,0.03333333333333333
2022-06-24,Water,DGICA,0.03333333333333333
2022-06-24,Water,KFRC,0.03333333333333333
2022-06-24,Water,BBSI,0.03333333333333333
2022-06-24,Water,FNLC,0.03333333333333333
2022-06-24,Water,CBNK,0.03333333333333333
2022-06-24,Water,GLRE,0.03333333333333333
2022-06-24,Water,RGCO,0.03333333333333333
2022-06-24,Water,FRAF,0.03333333333333333
2022-06-24,Water,ARTNA,0.03333333333333333
2022-06-24,Water,CIVB,0.03333333333333333
2022-06-24,Water,FWRD,0.03333333333333333
2022-06-24,Water,BMRC,0.03333333333333333
2022-06-24,Water,FRBA,0.03333333333333333
2022-06-24,Water,UTMD,0.03333333333333333
2022-06-24,Water,ULH,0.03333333333333333
2022-06-24,Water,TTEC,0.03333333333333333
2022-06-24,Water,EIG,0.03333333333333333
2022-06-24,Water,FVCB,0.03333333333333333
2022-06-24,Water,PROV,0.03333333333333333
2022-06-24,Water,WTBA,0.03333333333333333
2022-06-24,Water,GWRS,0.03333333333333333
2022-07-29,AI Infrastructure,NVEC,0.03333333333333333
2022-07-29,AI Infrastructure,VABK,0.03333333333333333
2022-07-29,AI Infrastructure,SILC,0.03333333333333333
2022-07-29,AI Infrastructure,PROV,0.03333333333333333
2022-07-29,AI Infrastructure,TG,0.03333333333333333
2022-07-29,AI Infrastructure,JMSB,0.03333333333333333
2022-07-29,AI Infrastructure,MX,0.03333333333333333
2022-07-29,AI Infrastructure,PDLB,0.03333333333333333
2022-07-29,AI Infrastructure,MNSB,0.03333333333333333
2022-07-29,AI Infrastructure,GTN,0.03333333333333333
2022-07-29,AI Infrastructure,FEIM,0.03333333333333333
2022-07-29,AI Infrastructure,DLHC,0.03333333333333333
2022-07-29,AI Infrastructure,MITK,0.03333333333333333
2022-07-29,AI Infrastructure,BRID,0.03333333333333333
2022-07-29,AI Infrastructure,EAF,0.03333333333333333
2022-07-29,AI Infrastructure,VREX,0.03333333333333333
2022-07-29,AI Infrastructure,RDVT,0.03333333333333333
2022-07-29,AI Infrastructure,INVE,0.03333333333333333
2022-07-29,AI Infrastructure,SB,0.03333333333333333
2022-07-29,AI Infrastructure,ASYS,0.03333333333333333
2022-07-29,AI Infrastructure,TRAK,0.03333333333333333
2022-07-29,AI Infrastructure,ALOT,0.03333333333333333
2022-07-29,AI Infrastructure,RICK,0.03333333333333333
2022-07-29,AI Infrastructure,DWSN,0.03333333333333333
2022-07-29,AI Infrastructure,BSVN,0.03333333333333333
2022-07-29,AI Infrastructure,HFBL,0.03333333333333333
2022-07-29,AI Infrastructure,EGAN,0.03333333333333333
2022-07-29,AI Infrastructure,RBBN,0.03333333333333333
2022-07-29,AI Infrastructure,GEG,0.03333333333333333
2022-07-29,AI Infrastructure,DSX,0.03333333333333333
2022-07-29,Agribusiness,FRPH,0.03333333333333333
2022-07-29,Agribusiness,OBT,0.03333333333333333
2022-07-29,Agribusiness,OFIX,0.03333333333333333
2022-07-29,Agribusiness,PCYO,0.03333333333333333
2022-07-29,Agribusiness,FCCO,0.03333333333333333
2022-07-29,Agribusiness,ANGO,0.03333333333333333
2022-07-29,Agribusiness,PROV,0.03333333333333333
2022-07-29,Agribusiness,ERII,0.03333333333333333
2022-07-29,Agribusiness,FVCB,0.03333333333333333
2022-07-29,Agribusiness,VLGEA,0.03333333333333333
2022-07-29,Agribusiness,ACNB,0.03333333333333333
2022-07-29,Agribusiness,AVD,0.03333333333333333
2022-07-29,Agribusiness,WNEB,0.03333333333333333
2022-07-29,Agribusiness,SPOK,0.03333333333333333
2022-07-29,Agribusiness,CSTE,0.03333333333333333
2022-07-29,Agribusiness,UNB,0.03333333333333333
2022-07-29,Agribusiness,JMSB,0.03333333333333333
2022-07-29,Agribusiness,OVBC,0.03333333333333333
2022-07-29,Agribusiness,TBRG,0.03333333333333333
2022-07-29,Agribusiness,AMPH,0.03333333333333333
2022-07-29,Agribusiness,SHBI,0.03333333333333333
2022-07-29,Agribusiness,EVO,0.03333333333333333
2022-07-29,Agribusiness,FEIM,0.03333333333333333
2022-07-29,Agribusiness,KVHI,0.03333333333333333
2022-07-29,Agribusiness,NUS,0.03333333333333333
2022-07-29,Agribusiness,CHRS,0.03333333333333333
2022-07-29,Agribusiness,FF,0.03333333333333333
2022-07-29,Agribusiness,GNE,0.03333333333333333
2022-07-29,Agribusiness,KRO,0.03333333333333333
2022-07-29,Agribusiness,LND,0.03333333333333333
2022-07-29,Clean Energy,SILC,0.03333333333333333
2022-07-29,Clean Energy,CBNK,0.03333333333333333
2022-07-29,Clean Energy,EBMT,0.03333333333333333
2022-07-29,Clean Energy,CSV,0.03333333333333333
2022-07-29,Clean Energy,PPIH,0.03333333333333333
2022-07-29,Clean Energy,HCKT,0.03333333333333333
2022-07-29,Clean Energy,GBLI,0.03333333333333333
2022-07-29,Clean Energy,WSBF,0.03333333333333333
2022-07-29,Clean Energy,LPRO,0.03333333333333333
2022-07-29,Clean Energy,WILC,0.03333333333333333
2022-07-29,Clean Energy,ARTNA,0.03333333333333333
2022-07-29,Clean Energy,GWRS,0.03333333333333333
2022-07-29,Clean Energy,ANGO,0.03333333333333333
2022-07-29,Clean Energy,RGCO,0.03333333333333333
2022-07-29,Clean Energy,CBAN,0.03333333333333333
2022-07-29,Clean Energy,ERII,0.03333333333333333
2022-07-29,Clean Energy,UTMD,0.03333333333333333
2022-07-29,Clean Energy,GLRE,0.03333333333333333
2022-07-29,Clean Energy,TRC,0.03333333333333333
2022-07-29,Clean Energy,BBSI,0.03333333333333333
2022-07-29,Clean Energy,TTEC,0.03333333333333333
2022-07-29,Clean Energy,NECB,0.03333333333333333
2022-07-29,Clean Energy,VABK,0.03333333333333333
2022-07-29,Clean Energy,PBHC,0.03333333333333333
2022-07-29,Clean Energy,FBIZ,0.03333333333333333
2022-07-29,Clean Energy,HRTG,0.03333333333333333
2022-07-29,Clean Energy,BPRN,0.03333333333333333
2022-07-29,Clean Energy,PFIS,0.03333333333333333
2022-07-29,Clean Energy,MITK,0.03333333333333333
2022-07-29,Clean Energy,CBFV,0.03333333333333333
2022-07-29,Critical Minerals,ERII,0.03333333333333333
2022-07-29,Critical Minerals,FRD,0.03333333333333333
2022-07-29,Critical Minerals,FRPH,0.03333333333333333
2022-07-29,Critical Minerals,FNWD,0.03333333333333333
2022-07-29,Critical Minerals,DSWL,0.03333333333333333
2022-07-29,Critical Minerals,AVD,0.03333333333333333
2022-07-29,Critical Minerals,USNA,0.03333333333333333
2022-07-29,Critical Minerals,LEGH,0.03333333333333333
2022-07-29,Critical Minerals,BBSI,0.03333333333333333
2022-07-29,Critical Minerals,LND,0.03333333333333333
2022-07-29,Critical Minerals,CHSCL,0.03333333333333333
2022-07-29,Critical Minerals,CLMB,0.03333333333333333
2022-07-29,Critical Minerals,NUS,0.03333333333333333
2022-07-29,Critical Minerals,FF,0.03333333333333333
2022-07-29,Critical Minerals,CSTE,0.03333333333333333
2022-07-29,Critical Minerals,OVBC,0.03333333333333333
2022-07-29,Critical Minerals,OEC,0.03333333333333333
2022-07-29,Critical Minerals,MX,0.03333333333333333
2022-07-29,Critical Minerals,MHLA,0.03333333333333333
2022-07-29,Critical Minerals,ISBA,0.03333333333333333
2022-07-29,Critical Minerals,GHG,0.03333333333333333
2022-07-29,Critical Minerals,KRO,0.03333333333333333
2022-07-29,Critical Minerals,JMSB,0.03333333333333333
2022-07-29,Critical Minerals,CHSCM,0.03333333333333333
2022-07-29,Critical Minerals,TATT,0.03333333333333333
2022-07-29,Critical Minerals,SB,0.03333333333333333
2022-07-29,Critical Minerals,CSIQ,0.03333333333333333
2022-07-29,Critical Minerals,SMBK,0.03333333333333333
2022-07-29,Critical Minerals,GASS,0.03333333333333333
2022-07-29,Critical Minerals,ASYS,0.03333333333333333
2022-07-29,Cybersecurity,EBF,0.03333333333333333
2022-07-29,Cybersecurity,CBAN,0.03333333333333333
2022-07-29,Cybersecurity,HURC,0.03333333333333333
2022-07-29,Cybersecurity,ULH,0.03333333333333333
2022-07-29,Cybersecurity,CFFI,0.03333333333333333
2022-07-29,Cybersecurity,FNRN,0.03333333333333333
2022-07-29,Cybersecurity,DSWL,0.03333333333333333
2022-07-29,Cybersecurity,CFBK,0.03333333333333333
2022-07-29,Cybersecurity,JOUT,0.03333333333333333
2022-07-29,Cybersecurity,CASS,0.03333333333333333
2022-07-29,Cybersecurity,SELF,0.03333333333333333
2022-07-29,Cybersecurity,CABO,0.03333333333333333
2022-07-29,Cybersecurity,FEIM,0.03333333333333333
2022-07-29,Cybersecurity,VLGEA,0.03333333333333333
2022-07-29,Cybersecurity,TSBK,0.03333333333333333
2022-07-29,Cybersecurity,LARK,0.03333333333333333
2022-07-29,Cybersecurity,OFIX,0.03333333333333333
2022-07-29,Cybersecurity,GASS,0.03333333333333333
2022-07-29,Cybersecurity,BOTJ,0.03333333333333333
2022-07-29,Cybersecurity,SPOK,0.03333333333333333
2022-07-29,Cybersecurity,WSBF,0.03333333333333333
2022-07-29,Cybersecurity,CSTE,0.03333333333333333
2022-07-29,Cybersecurity,TG,0.03333333333333333
2022-07-29,Cybersecurity,TBI,0.03333333333333333
2022-07-29,Cybersecurity,FWRD,0.03333333333333333
2022-07-29,Cybersecurity,UEIC,0.03333333333333333
2022-07-29,Cybersecurity,HAIN,0.03333333333333333
2022-07-29,Cybersecurity,HSTM,0.03333333333333333
2022-07-29,Cybersecurity,EGHT,0.03333333333333333
2022-07-29,Cybersecurity,BOC,0.03333333333333333
2022-07-29,Defense,FBIZ,0.03333333333333333
2022-07-29,Defense,BBDC,0.03333333333333333
2022-07-29,Defense,CASS,0.03333333333333333
2022-07-29,Defense,CBFV,0.03333333333333333
2022-07-29,Defense,DGICA,0.03333333333333333
2022-07-29,Defense,BBSI,0.03333333333333333
2022-07-29,Defense,FRST,0.03333333333333333
2022-07-29,Defense,CTO,0.03333333333333333
2022-07-29,Defense,OFIX,0.03333333333333333
2022-07-29,Defense,OXM,0.03333333333333333
2022-07-29,Defense,FISI,0.03333333333333333
2022-07-29,Defense,TSBK,0.03333333333333333
2022-07-29,Defense,VABK,0.03333333333333333
2022-07-29,Defense,CABO,0.03333333333333333
2022-07-29,Defense,ALLT,0.03333333333333333
2022-07-29,Defense,CBAN,0.03333333333333333
2022-07-29,Defense,ITIC,0.03333333333333333
2022-07-29,Defense,FCCO,0.03333333333333333
2022-07-29,Defense,MSBI,0.03333333333333333
2022-07-29,Defense,ISBA,0.03333333333333333
2022-07-29,Defense,APOG,0.03333333333333333
2022-07-29,Defense,NRC,0.03333333333333333
2022-07-29,Defense,MHLA,0.03333333333333333
2022-07-29,Defense,SGA,0.03333333333333333
2022-07-29,Defense,NRIM,0.03333333333333333
2022-07-29,Defense,FPH,0.03333333333333333
2022-07-29,Defense,VRRM,0.03333333333333333
2022-07-29,Defense,ARTNA,0.03333333333333333
2022-07-29,Defense,CFBK,0.03333333333333333
2022-07-29,Defense,FUNC,0.03333333333333333
2022-07-29,Fintech,BCAL,0.03333333333333333
2022-07-29,Fintech,SELF,0.03333333333333333
2022-07-29,Fintech,GPJA,0.03333333333333333
2022-07-29,Fintech,CBAN,0.03333333333333333
2022-07-29,Fintech,DSWL,0.03333333333333333
2022-07-29,Fintech,BOTJ,0.03333333333333333
2022-07-29,Fintech,NECB,0.03333333333333333
2022-07-29,Fintech,WSBF,0.03333333333333333
2022-07-29,Fintech,CFFI,0.03333333333333333
2022-07-29,Fintech,CZWI,0.03333333333333333
2022-07-29,Fintech,HELE,0.03333333333333333
2022-07-29,Fintech,OXM,0.03333333333333333
2022-07-29,Fintech,WILC,0.03333333333333333
2022-07-29,Fintech,FUNC,0.03333333333333333
2022-07-29,Fintech,CBFV,0.03333333333333333
2022-07-29,Fintech,RBKB,0.03333333333333333
2022-07-29,Fintech,CFBK,0.03333333333333333
2022-07-29,Fintech,RCKY,0.03333333333333333
2022-07-29,Fintech,MHLA,0.03333333333333333
2022-07-29,Fintech,LPRO,0.03333333333333333
2022-07-29,Fintech,FPH,0.03333333333333333
2022-07-29,Fintech,CABO,0.03333333333333333
2022-07-29,Fintech,ISBA,0.03333333333333333
2022-07-29,Fintech,HY,0.03333333333333333
2022-07-29,Fintech,OFLX,0.03333333333333333
2022-07-29,Fintech,UEIC,0.03333333333333333
2022-07-29,Fintech,ULH,0.03333333333333333
2022-07-29,Fintech,PDLB,0.03333333333333333
2022-07-29,Fintech,MED,0.03333333333333333
2022-07-29,Fintech,CLMB,0.03333333333333333
2022-07-29,Robotics & AI,NVEC,0.03333333333333333
2022-07-29,Robotics & AI,SILC,0.03333333333333333
2022-07-29,Robotics & AI,TSBK,0.03333333333333333
2022-07-29,Robotics & AI,FRPH,0.03333333333333333
2022-07-29,Robotics & AI,HY,0.03333333333333333
2022-07-29,Robotics & AI,ULH,0.03333333333333333
2022-07-29,Robotics & AI,WEYS,0.03333333333333333
2022-07-29,Robotics & AI,FWRD,0.03333333333333333
2022-07-29,Robotics & AI,RDCM,0.03333333333333333
2022-07-29,Robotics & AI,LEGH,0.03333333333333333
2022-07-29,Robotics & AI,MEI,0.03333333333333333
2022-07-29,Robotics & AI,PPIH,0.03333333333333333
2022-07-29,Robotics & AI,TG,0.03333333333333333
2022-07-29,Robotics & AI,CMCO,0.03333333333333333
2022-07-29,Robotics & AI,ERII,0.03333333333333333
2022-07-29,Robotics & AI,MHLA,0.03333333333333333
2022-07-29,Robotics & AI,USNA,0.03333333333333333
2022-07-29,Robotics & AI,CSTE,0.03333333333333333
2022-07-29,Robotics & AI,KMDA,0.03333333333333333
2022-07-29,Robotics & AI,JMSB,0.03333333333333333
2022-07-29,Robotics & AI,MATV,0.03333333333333333
2022-07-29,Robotics & AI,MX,0.03333333333333333
2022-07-29,Robotics & AI,EVO,0.03333333333333333
2022-07-29,Robotics & AI,OEC,0.03333333333333333
2022-07-29,Robotics & AI,APOG,0.03333333333333333
2022-07-29,Robotics & AI,NUS,0.03333333333333333
2022-07-29,Robotics & AI,CCLD,0.03333333333333333
2022-07-29,Robotics & AI,TATT,0.03333333333333333
2022-07-29,Robotics & AI,BRID,0.03333333333333333
2022-07-29,Robotics & AI,GOOS,0.03333333333333333
2022-07-29,Timber & Forestry,FRPH,0.03333333333333333
2022-07-29,Timber & Forestry,EBF,0.03333333333333333
2022-07-29,Timber & Forestry,NVEC,0.03333333333333333
2022-07-29,Timber & Forestry,CHSCL,0.03333333333333333
2022-07-29,Timber & Forestry,MEI,0.03333333333333333
2022-07-29,Timber & Forestry,HURC,0.03333333333333333
2022-07-29,Timber & Forestry,FNRN,0.03333333333333333
2022-07-29,Timber & Forestry,ULH,0.03333333333333333
2022-07-29,Timber & Forestry,NFBK,0.03333333333333333
2022-07-29,Timber & Forestry,OBT,0.03333333333333333
2022-07-29,Timber & Forestry,CSTE,0.03333333333333333
2022-07-29,Timber & Forestry,PCYO,0.03333333333333333
2022-07-29,Timber & Forestry,CMCO,0.03333333333333333
2022-07-29,Timber & Forestry,CZFS,0.03333333333333333
2022-07-29,Timber & Forestry,FWRD,0.03333333333333333
2022-07-29,Timber & Forestry,LEGH,0.03333333333333333
2022-07-29,Timber & Forestry,FNLC,0.03333333333333333
2022-07-29,Timber & Forestry,AVD,0.03333333333333333
2022-07-29,Timber & Forestry,HY,0.03333333333333333
2022-07-29,Timber & Forestry,RDCM,0.03333333333333333
2022-07-29,Timber & Forestry,TSBK,0.03333333333333333
2022-07-29,Timber & Forestry,TG,0.03333333333333333
2022-07-29,Timber & Forestry,ERII,0.03333333333333333
2022-07-29,Timber & Forestry,DSWL,0.03333333333333333
2022-07-29,Timber & Forestry,MATV,0.03333333333333333
2022-07-29,Timber & Forestry,OEC,0.03333333333333333
2022-07-29,Timber & Forestry,CFFI,0.03333333333333333
2022-07-29,Timber & Forestry,EVO,0.03333333333333333
2022-07-29,Timber & Forestry,RELL,0.03333333333333333
2022-07-29,Timber & Forestry,HSTM,0.03333333333333333
2022-07-29,US Infrastructure,EBF,0.03333333333333333
2022-07-29,US Infrastructure,BBSI,0.03333333333333333
2022-07-29,US Infrastructure,FRPH,0.03333333333333333
2022-07-29,US Infrastructure,NVEC,0.03333333333333333
2022-07-29,US Infrastructure,HURC,0.03333333333333333
2022-07-29,US Infrastructure,ATLO,0.03333333333333333
2022-07-29,US Infrastructure,NFBK,0.03333333333333333
2022-07-29,US Infrastructure,HCKT,0.03333333333333333
2022-07-29,US Infrastructure,TRST,0.03333333333333333
2022-07-29,US Infrastructure,CASS,0.03333333333333333
2022-07-29,US Infrastructure,WSBF,0.03333333333333333
2022-07-29,US Infrastructure,BMRC,0.03333333333333333
2022-07-29,US Infrastructure,GSBC,0.03333333333333333
2022-07-29,US Infrastructure,FRAF,0.03333333333333333
2022-07-29,US Infrastructure,KFRC,0.03333333333333333
2022-07-29,US Infrastructure,SILC,0.03333333333333333
2022-07-29,US Infrastructure,FWRD,0.03333333333333333
2022-07-29,US Infrastructure,THFF,0.03333333333333333
2022-07-29,US Infrastructure,ULH,0.03333333333333333
2022-07-29,US Infrastructure,FCCO,0.03333333333333333
2022-07-29,US Infrastructure,FNLC,0.03333333333333333
2022-07-29,US Infrastructure,FISI,0.03333333333333333
2022-07-29,US Infrastructure,ERII,0.03333333333333333
2022-07-29,US Infrastructure,PKE,0.03333333333333333
2022-07-29,US Infrastructure,ISBA,0.03333333333333333
2022-07-29,US Infrastructure,MHLA,0.03333333333333333
2022-07-29,US Infrastructure,WTBA,0.03333333333333333
2022-07-29,US Infrastructure,ANGO,0.03333333333333333
2022-07-29,US Infrastructure,ACNB,0.03333333333333333
2022-07-29,US Infrastructure,CTO,0.03333333333333333
2022-07-29,Water,EBF,0.03333333333333333
2022-07-29,Water,NFBK,0.03333333333333333
2022-07-29,Water,HCKT,0.03333333333333333
2022-07-29,Water,TRST,0.03333333333333333
2022-07-29,Water,BBSI,0.03333333333333333
2022-07-29,Water,CABO,0.03333333333333333
2022-07-29,Water,FWRD,0.03333333333333333
2022-07-29,Water,GBLI,0.03333333333333333
2022-07-29,Water,CBNK,0.03333333333333333
2022-07-29,Water,KFRC,0.03333333333333333
2022-07-29,Water,RGCO,0.03333333333333333
2022-07-29,Water,WSBF,0.03333333333333333
2022-07-29,Water,UTMD,0.03333333333333333
2022-07-29,Water,RBB,0.03333333333333333
2022-07-29,Water,FNLC,0.03333333333333333
2022-07-29,Water,ALCO,0.03333333333333333
2022-07-29,Water,TRC,0.03333333333333333
2022-07-29,Water,FRBA,0.03333333333333333
2022-07-29,Water,MLAB,0.03333333333333333
2022-07-29,Water,ARTNA,0.03333333333333333
2022-07-29,Water,TTEC,0.03333333333333333
2022-07-29,Water,WTBA,0.03333333333333333
2022-07-29,Water,EIG,0.03333333333333333
2022-07-29,Water,GLRE,0.03333333333333333
2022-07-29,Water,GWRS,0.03333333333333333
2022-07-29,Water,ERII,0.03333333333333333
2022-07-29,Water,HWBK,0.03333333333333333
2022-07-29,Water,AVD,0.03333333333333333
2022-07-29,Water,ULH,0.03333333333333333
2022-07-29,Water,SILC,0.03333333333333333
2022-08-26,AI Infrastructure,NVEC,0.03333333333333333
2022-08-26,AI Infrastructure,SILC,0.03333333333333333
2022-08-26,AI Infrastructure,VABK,0.03333333333333333
2022-08-26,AI Infrastructure,RDCM,0.03333333333333333
2022-08-26,AI Infrastructure,CBNK,0.03333333333333333
2022-08-26,AI Infrastructure,PROV,0.03333333333333333
2022-08-26,AI Infrastructure,PPIH,0.03333333333333333
2022-08-26,AI Infrastructure,HY,0.03333333333333333
2022-08-26,AI Infrastructure,TG,0.03333333333333333
2022-08-26,AI Infrastructure,JMSB,0.03333333333333333
2022-08-26,AI Infrastructure,MBI,0.03333333333333333
2022-08-26,AI Infrastructure,ALLT,0.03333333333333333
2022-08-26,AI Infrastructure,MX,0.03333333333333333
2022-08-26,AI Infrastructure,GTN,0.03333333333333333
2022-08-26,AI Infrastructure,DLHC,0.03333333333333333
2022-08-26,AI Infrastructure,FEIM,0.03333333333333333
2022-08-26,AI Infrastructure,EAF,0.03333333333333333
2022-08-26,AI Infrastructure,MITK,0.03333333333333333
2022-08-26,AI Infrastructure,VREX,0.03333333333333333
2022-08-26,AI Infrastructure,ASYS,0.03333333333333333
2022-08-26,AI Infrastructure,GNSS,0.03333333333333333
2022-08-26,AI Infrastructure,INVE,0.03333333333333333
2022-08-26,AI Infrastructure,RDVT,0.03333333333333333
2022-08-26,AI Infrastructure,FOCL,0.03333333333333333
2022-08-26,AI Infrastructure,ALOT,0.03333333333333333
2022-08-26,AI Infrastructure,GSIT,0.03333333333333333
2022-08-26,AI Infrastructure,SB,0.03333333333333333
2022-08-26,AI Infrastructure,TRAK,0.03333333333333333
2022-08-26,AI Infrastructure,GEG,0.03333333333333333
2022-08-26,AI Infrastructure,DDD,0.03333333333333333
2022-08-26,Agribusiness,FRPH,0.03333333333333333
2022-08-26,Agribusiness,FNRN,0.03333333333333333
2022-08-26,Agribusiness,OBT,0.03333333333333333
2022-08-26,Agribusiness,GWRS,0.03333333333333333
2022-08-26,Agribusiness,HCKT,0.03333333333333333
2022-08-26,Agribusiness,PCYO,0.03333333333333333
2022-08-26,Agribusiness,FCCO,0.03333333333333333
2022-08-26,Agribusiness,ANGO,0.03333333333333333
2022-08-26,Agribusiness,FVCB,0.03333333333333333
2022-08-26,Agribusiness,ERII,0.03333333333333333
2022-08-26,Agribusiness,OFIX,0.03333333333333333
2022-08-26,Agribusiness,WTBA,0.03333333333333333
2022-08-26,Agribusiness,AVD,0.03333333333333333
2022-08-26,Agribusiness,VLGEA,0.03333333333333333
2022-08-26,Agribusiness,CLMB,0.03333333333333333
2022-08-26,Agribusiness,UNB,0.03333333333333333
2022-08-26,Agribusiness,ACNB,0.03333333333333333
2022-08-26,Agribusiness,OPBK,0.03333333333333333
2022-08-26,Agribusiness,SPOK,0.03333333333333333
2022-08-26,Agribusiness,CSTE,0.03333333333333333
2022-08-26,Agribusiness,JMSB,0.03333333333333333
2022-08-26,Agribusiness,SHBI,0.03333333333333333
2022-08-26,Agribusiness,OVBC,0.03333333333333333
2022-08-26,Agribusiness,AMPH,0.03333333333333333
2022-08-26,Agribusiness,EVO,0.03333333333333333
2022-08-26,Agribusiness,HRTG,0.03333333333333333
2022-08-26,Agribusiness,NUS,0.03333333333333333
2022-08-26,Agribusiness,FUSB,0.03333333333333333
2022-08-26,Agribusiness,LND,0.03333333333333333
2022-08-26,Agribusiness,CHRS,0.03333333333333333
2022-08-26,Clean Energy,EBMT,0.03333333333333333
2022-08-26,Clean Energy,GWRS,0.03333333333333333
2022-08-26,Clean Energy,CBNK,0.03333333333333333
2022-08-26,Clean Energy,PPIH,0.03333333333333333
2022-08-26,Clean Energy,GBLI,0.03333333333333333
2022-08-26,Clean Energy,SILC,0.03333333333333333
2022-08-26,Clean Energy,CBAN,0.03333333333333333
2022-08-26,Clean Energy,LPRO,0.03333333333333333
2022-08-26,Clean Energy,CSV,0.03333333333333333
2022-08-26,Clean Energy,ERII,0.03333333333333333
2022-08-26,Clean Energy,ARTNA,0.03333333333333333
2022-08-26,Clean Energy,TTEC,0.03333333333333333
2022-08-26,Clean Energy,ANGO,0.03333333333333333
2022-08-26,Clean Energy,TTGT,0.03333333333333333
2022-08-26,Clean Energy,UTMD,0.03333333333333333
2022-08-26,Clean Energy,VABK,0.03333333333333333
2022-08-26,Clean Energy,LAND,0.03333333333333333
2022-08-26,Clean Energy,TRC,0.03333333333333333
2022-08-26,Clean Energy,BPRN,0.03333333333333333
2022-08-26,Clean Energy,PFIS,0.03333333333333333
2022-08-26,Clean Energy,SMID,0.03333333333333333
2022-08-26,Clean Energy,PANL,0.03333333333333333
2022-08-26,Clean Energy,HCKT,0.03333333333333333
2022-08-26,Clean Energy,PBHC,0.03333333333333333
2022-08-26,Clean Energy,FMAO,0.03333333333333333
2022-08-26,Clean Energy,FEIM,0.03333333333333333
2022-08-26,Clean Energy,RGCO,0.03333333333333333
2022-08-26,Clean Energy,GLRE,0.03333333333333333
2022-08-26,Clean Energy,MBI,0.03333333333333333
2022-08-26,Clean Energy,RBB,0.03333333333333333
2022-08-26,Critical Minerals,ERII,0.03333333333333333
2022-08-26,Critical Minerals,FRPH,0.03333333333333333
2022-08-26,Critical Minerals,CLMB,0.03333333333333333
2022-08-26,Critical Minerals,PANL,0.03333333333333333
2022-08-26,Critical Minerals,MITK,0.03333333333333333
2022-08-26,Critical Minerals,ANGO,0.03333333333333333
2022-08-26,Critical Minerals,LND,0.03333333333333333
2022-08-26,Critical Minerals,HCKT,0.03333333333333333
2022-08-26,Critical Minerals,ISBA,0.03333333333333333
2022-08-26,Critical Minerals,AVD,0.03333333333333333
2022-08-26,Critical Minerals,TRC,0.03333333333333333
2022-08-26,Critical Minerals,FEIM,0.03333333333333333
2022-08-26,Critical Minerals,CHSCM,0.03333333333333333
2022-08-26,Critical Minerals,RGCO,0.03333333333333333
2022-08-26,Critical Minerals,USNA,0.03333333333333333
2022-08-26,Critical Minerals,CSTE,0.03333333333333333
2022-08-26,Critical Minerals,WEYS,0.03333333333333333
2022-08-26,Critical Minerals,CTO,0.03333333333333333
2022-08-26,Critical Minerals,OVBC,0.03333333333333333
2022-08-26,Critical Minerals,MED,0.03333333333333333
2022-08-26,Critical Minerals,NUS,0.03333333333333333
2022-08-26,Critical Minerals,FF,0.03333333333333333
2022-08-26,Critical Minerals,OEC,0.03333333333333333
2022-08-26,Critical Minerals,PACK,0.03333333333333333
2022-08-26,Critical Minerals,CSIQ,0.03333333333333333
2022-08-26,Critical Minerals,STRS,0.03333333333333333
2022-08-26,Critical Minerals,FPH,0.03333333333333333
2022-08-26,Critical Minerals,FOCL,0.03333333333333333
2022-08-26,Critical Minerals,EGAN,0.03333333333333333
2022-08-26,Critical Minerals,SBFG,0.03333333333333333
2022-08-26,Cybersecurity,EBF,0.03333333333333333
2022-08-26,Cybersecurity,JOUT,0.03333333333333333
2022-08-26,Cybersecurity,MAGN,0.03333333333333333
2022-08-26,Cybersecurity,FNRN,0.03333333333333333
2022-08-26,Cybersecurity,DSWL,0.03333333333333333
2022-08-26,Cybersecurity,VLGEA,0.03333333333333333
2022-08-26,Cybersecurity,CBAN,0.03333333333333333
2022-08-26,Cybersecurity,HURC,0.03333333333333333
2022-08-26,Cybersecurity,CFFI,0.03333333333333333
2022-08-26,Cybersecurity,CABO,0.03333333333333333
2022-08-26,Cybersecurity,ULH,0.03333333333333333
2022-08-26,Cybersecurity,NVEC,0.03333333333333333
2022-08-26,Cybersecurity,HY,0.03333333333333333
2022-08-26,Cybersecurity,TSBK,0.03333333333333333
2022-08-26,Cybersecurity,TCX,0.03333333333333333
2022-08-26,Cybersecurity,PCYO,0.03333333333333333
2022-08-26,Cybersecurity,WSBF,0.03333333333333333
2022-08-26,Cybersecurity,FWRD,0.03333333333333333
2022-08-26,Cybersecurity,SPOK,0.03333333333333333
2022-08-26,Cybersecurity,UEIC,0.03333333333333333
2022-08-26,Cybersecurity,FEIM,0.03333333333333333
2022-08-26,Cybersecurity,TG,0.03333333333333333
2022-08-26,Cybersecurity,OFIX,0.03333333333333333
2022-08-26,Cybersecurity,KE,0.03333333333333333
2022-08-26,Cybersecurity,CSTE,0.03333333333333333
2022-08-26,Cybersecurity,HAIN,0.03333333333333333
2022-08-26,Cybersecurity,EVO,0.03333333333333333
2022-08-26,Cybersecurity,CMCO,0.03333333333333333
2022-08-26,Cybersecurity,BOC,0.03333333333333333
2022-08-26,Cybersecurity,CAC,0.03333333333333333
2022-08-26,Defense,BBDC,0.03333333333333333
2022-08-26,Defense,GPJA,0.03333333333333333
2022-08-26,Defense,FBIZ,0.03333333333333333
2022-08-26,Defense,CASS,0.03333333333333333
2022-08-26,Defense,CBFV,0.03333333333333333
2022-08-26,Defense,BBSI,0.03333333333333333
2022-08-26,Defense,DGICA,0.03333333333333333
2022-08-26,Defense,ALLT,0.03333333333333333
2022-08-26,Defense,TSBK,0.03333333333333333
2022-08-26,Defense,WSBF,0.03333333333333333
2022-08-26,Defense,CTO,0.03333333333333333
2022-08-26,Defense,CBAN,0.03333333333333333
2022-08-26,Defense,CABO,0.03333333333333333
2022-08-26,Defense,CBNK,0.03333333333333333
2022-08-26,Defense,OXM,0.03333333333333333
2022-08-26,Defense,FISI,0.03333333333333333
2022-08-26,Defense,TTEC,0.03333333333333333
2022-08-26,Defense,APOG,0.03333333333333333
2022-08-26,Defense,OFIX,0.03333333333333333
2022-08-26,Defense,VABK,0.03333333333333333
2022-08-26,Defense,TAYD,0.03333333333333333
2022-08-26,Defense,SGA,0.03333333333333333
2022-08-26,Defense,MHLA,0.03333333333333333
2022-08-26,Defense,ISBA,0.03333333333333333
2022-08-26,Defense,NRC,0.03333333333333333
2022-08-26,Defense,NRIM,0.03333333333333333
2022-08-26,Defense,MSBI,0.03333333333333333
2022-08-26,Defense,ARTNA,0.03333333333333333
2022-08-26,Defense,LARK,0.03333333333333333
2022-08-26,Defense,NAVI,0.03333333333333333
2022-08-26,Fintech,BCAL,0.03333333333333333
2022-08-26,Fintech,GPJA,0.03333333333333333
2022-08-26,Fintech,BOTJ,0.03333333333333333
2022-08-26,Fintech,CBAN,0.03333333333333333
2022-08-26,Fintech,CFFI,0.03333333333333333
2022-08-26,Fintech,NECB,0.03333333333333333
2022-08-26,Fintech,DSWL,0.03333333333333333
2022-08-26,Fintech,FUNC,0.03333333333333333
2022-08-26,Fintech,WILC,0.03333333333333333
2022-08-26,Fintech,CBFV,0.03333333333333333
2022-08-26,Fintech,HELE,0.03333333333333333
2022-08-26,Fintech,MHLA,0.03333333333333333
2022-08-26,Fintech,CZWI,0.03333333333333333
2022-08-26,Fintech,LPRO,0.03333333333333333
2022-08-26,Fintech,RBKB,0.03333333333333333
2022-08-26,Fintech,CFBK,0.03333333333333333
2022-08-26,Fintech,ISBA,0.03333333333333333
2022-08-26,Fintech,CLMB,0.03333333333333333
2022-08-26,Fintech,CABO,0.03333333333333333
2022-08-26,Fintech,ALLT,0.03333333333333333
2022-08-26,Fintech,FPH,0.03333333333333333
2022-08-26,Fintech,TAYD,0.03333333333333333
2022-08-26,Fintech,JOUT,0.03333333333333333
2022-08-26,Fintech,RCKY,0.03333333333333333
2022-08-26,Fintech,HY,0.03333333333333333
2022-08-26,Fintech,IMXI,0.03333333333333333
2022-08-26,Fintech,UEIC,0.03333333333333333
2022-08-26,Fintech,LOCO,0.03333333333333333
2022-08-26,Fintech,OFLX,0.03333333333333333
2022-08-26,Fintech,CTO,0.03333333333333333
2022-08-26,Robotics & AI,NVEC,0.03333333333333333
2022-08-26,Robotics & AI,SILC,0.03333333333333333
2022-08-26,Robotics & AI,HY,0.03333333333333333
2022-08-26,Robotics & AI,FWRD,0.03333333333333333
2022-08-26,Robotics & AI,WEYS,0.03333333333333333
2022-08-26,Robotics & AI,ULH,0.03333333333333333
2022-08-26,Robotics & AI,MAGN,0.03333333333333333
2022-08-26,Robotics & AI,MEI,0.03333333333333333
2022-08-26,Robotics & AI,HURC,0.03333333333333333
2022-08-26,Robotics & AI,CMCO,0.03333333333333333
2022-08-26,Robotics & AI,ERII,0.03333333333333333
2022-08-26,Robotics & AI,TG,0.03333333333333333
2022-08-26,Robotics & AI,CSTE,0.03333333333333333
2022-08-26,Robotics & AI,MATV,0.03333333333333333
2022-08-26,Robotics & AI,EVO,0.03333333333333333
2022-08-26,Robotics & AI,OEC,0.03333333333333333
2022-08-26,Robotics & AI,USNA,0.03333333333333333
2022-08-26,Robotics & AI,JMSB,0.03333333333333333
2022-08-26,Robotics & AI,FEIM,0.03333333333333333
2022-08-26,Robotics & AI,CCLD,0.03333333333333333
2022-08-26,Robotics & AI,TATT,0.03333333333333333
2022-08-26,Robotics & AI,MX,0.03333333333333333
2022-08-26,Robotics & AI,APOG,0.03333333333333333
2022-08-26,Robotics & AI,WNC,0.03333333333333333
2022-08-26,Robotics & AI,GOOS,0.03333333333333333
2022-08-26,Robotics & AI,KRO,0.03333333333333333
2022-08-26,Robotics & AI,NUS,0.03333333333333333
2022-08-26,Robotics & AI,MITK,0.03333333333333333
2022-08-26,Robotics & AI,SPOK,0.03333333333333333
2022-08-26,Robotics & AI,KVHI,0.03333333333333333
2022-08-26,Timber & Forestry,FRPH,0.03333333333333333
2022-08-26,Timber & Forestry,EBF,0.03333333333333333
2022-08-26,Timber & Forestry,MAGN,0.03333333333333333
2022-08-26,Timber & Forestry,NVEC,0.03333333333333333
2022-08-26,Timber & Forestry,CHSCL,0.03333333333333333
2022-08-26,Timber & Forestry,MEI,0.03333333333333333
2022-08-26,Timber & Forestry,FNRN,0.03333333333333333
2022-08-26,Timber & Forestry,HURC,0.03333333333333333
2022-08-26,Timber & Forestry,CSTE,0.03333333333333333
2022-08-26,Timber & Forestry,NFBK,0.03333333333333333
2022-08-26,Timber & Forestry,CMCO,0.03333333333333333
2022-08-26,Timber & Forestry,KFRC,0.03333333333333333
2022-08-26,Timber & Forestry,ULH,0.03333333333333333
2022-08-26,Timber & Forestry,OBT,0.03333333333333333
2022-08-26,Timber & Forestry,FXNC,0.03333333333333333
2022-08-26,Timber & Forestry,AVD,0.03333333333333333
2022-08-26,Timber & Forestry,PCYO,0.03333333333333333
2022-08-26,Timber & Forestry,FWRD,0.03333333333333333
2022-08-26,Timber & Forestry,FNLC,0.03333333333333333
2022-08-26,Timber & Forestry,TCX,0.03333333333333333
2022-08-26,Timber & Forestry,TG,0.03333333333333333
2022-08-26,Timber & Forestry,RDCM,0.03333333333333333
2022-08-26,Timber & Forestry,MATV,0.03333333333333333
2022-08-26,Timber & Forestry,ERII,0.03333333333333333
2022-08-26,Timber & Forestry,HY,0.03333333333333333
2022-08-26,Timber & Forestry,DSWL,0.03333333333333333
2022-08-26,Timber & Forestry,WTBA,0.03333333333333333
2022-08-26,Timber & Forestry,OEC,0.03333333333333333
2022-08-26,Timber & Forestry,CFFI,0.03333333333333333
2022-08-26,Timber & Forestry,EVO,0.03333333333333333
2022-08-26,US Infrastructure,EBF,0.03333333333333333
2022-08-26,US Infrastructure,FRPH,0.03333333333333333
2022-08-26,US Infrastructure,ATLO,0.03333333333333333
2022-08-26,US Infrastructure,BBSI,0.03333333333333333
2022-08-26,US Infrastructure,NFBK,0.03333333333333333
2022-08-26,US Infrastructure,TRST,0.03333333333333333
2022-08-26,US Infrastructure,NVEC,0.03333333333333333
2022-08-26,US Infrastructure,HURC,0.03333333333333333
2022-08-26,US Infrastructure,HCKT,0.03333333333333333
2022-08-26,US Infrastructure,FRAF,0.03333333333333333
2022-08-26,US Infrastructure,GSBC,0.03333333333333333
2022-08-26,US Infrastructure,WSBF,0.03333333333333333
2022-08-26,US Infrastructure,CZFS,0.03333333333333333
2022-08-26,US Infrastructure,FRBA,0.03333333333333333
2022-08-26,US Infrastructure,ERII,0.03333333333333333
2022-08-26,US Infrastructure,BMRC,0.03333333333333333
2022-08-26,US Infrastructure,SILC,0.03333333333333333
2022-08-26,US Infrastructure,FWRD,0.03333333333333333
2022-08-26,US Infrastructure,RGCO,0.03333333333333333
2022-08-26,US Infrastructure,ULH,0.03333333333333333
2022-08-26,US Infrastructure,TTEC,0.03333333333333333
2022-08-26,US Infrastructure,FNLC,0.03333333333333333
2022-08-26,US Infrastructure,AVD,0.03333333333333333
2022-08-26,US Infrastructure,PKE,0.03333333333333333
2022-08-26,US Infrastructure,ANGO,0.03333333333333333
2022-08-26,US Infrastructure,ISBA,0.03333333333333333
2022-08-26,US Infrastructure,WTBA,0.03333333333333333
2022-08-26,US Infrastructure,FISI,0.03333333333333333
2022-08-26,US Infrastructure,CTO,0.03333333333333333
2022-08-26,US Infrastructure,MHLA,0.03333333333333333
2022-08-26,Water,EBF,0.03333333333333333
2022-08-26,Water,NFBK,0.03333333333333333
2022-08-26,Water,HCKT,0.03333333333333333
2022-08-26,Water,TRST,0.03333333333333333
2022-08-26,Water,ATLO,0.03333333333333333
2022-08-26,Water,WSBF,0.03333333333333333
2022-08-26,Water,NKSH,0.03333333333333333
2022-08-26,Water,CABO,0.03333333333333333
2022-08-26,Water,CBNK,0.03333333333333333
2022-08-26,Water,GBLI,0.03333333333333333
2022-08-26,Water,TTEC,0.03333333333333333
2022-08-26,Water,GSBC,0.03333333333333333
2022-08-26,Water,FNLC,0.03333333333333333
2022-08-26,Water,KFRC,0.03333333333333333
2022-08-26,Water,FRAF,0.03333333333333333
2022-08-26,Water,RGCO,0.03333333333333333
2022-08-26,Water,BBSI,0.03333333333333333
2022-08-26,Water,CIVB,0.03333333333333333
2022-08-26,Water,FWRD,0.03333333333333333
2022-08-26,Water,ERII,0.03333333333333333
2022-08-26,Water,FBIZ,0.03333333333333333
2022-08-26,Water,AVD,0.03333333333333333
2022-08-26,Water,UTMD,0.03333333333333333
2022-08-26,Water,WTBA,0.03333333333333333
2022-08-26,Water,FRBA,0.03333333333333333
2022-08-26,Water,ARTNA,0.03333333333333333
2022-08-26,Water,GWRS,0.03333333333333333
2022-08-26,Water,FVCB,0.03333333333333333
2022-08-26,Water,RBB,0.03333333333333333
2022-08-26,Water,ULH,0.03333333333333333
2022-09-30,AI Infrastructure,NVEC,0.03333333333333333
2022-09-30,AI Infrastructure,SILC,0.03333333333333333
2022-09-30,AI Infrastructure,VABK,0.03333333333333333
2022-09-30,AI Infrastructure,CBNK,0.03333333333333333
2022-09-30,AI Infrastructure,KRNT,0.03333333333333333
2022-09-30,AI Infrastructure,TG,0.03333333333333333
2022-09-30,AI Infrastructure,HY,0.03333333333333333
2022-09-30,AI Infrastructure,AIRG,0.03333333333333333
2022-09-30,AI Infrastructure,PANL,0.03333333333333333
2022-09-30,AI Infrastructure,JMSB,0.03333333333333333
2022-09-30,AI Infrastructure,ACTG,0.03333333333333333
2022-09-30,AI Infrastructure,ALLT,0.03333333333333333
2022-09-30,AI Infrastructure,MBI,0.03333333333333333
2022-09-30,AI Infrastructure,CTO,0.03333333333333333
2022-09-30,AI Infrastructure,MX,0.03333333333333333
2022-09-30,AI Infrastructure,FEIM,0.03333333333333333
2022-09-30,AI Infrastructure,DLHC,0.03333333333333333
2022-09-30,AI Infrastructure,RDVT,0.03333333333333333
2022-09-30,AI Infrastructure,FWDI,0.03333333333333333
2022-09-30,AI Infrastructure,GTN,0.03333333333333333
2022-09-30,AI Infrastructure,EAF,0.03333333333333333
2022-09-30,AI Infrastructure,ASYS,0.03333333333333333
2022-09-30,AI Infrastructure,MITK,0.03333333333333333
2022-09-30,AI Infrastructure,VREX,0.03333333333333333
2022-09-30,AI Infrastructure,INVE,0.03333333333333333
2022-09-30,AI Infrastructure,FNKO,0.03333333333333333
2022-09-30,AI Infrastructure,ALOT,0.03333333333333333
2022-09-30,AI Infrastructure,DSX,0.03333333333333333
2022-09-30,AI Infrastructure,GSIT,0.03333333333333333
2022-09-30,AI Infrastructure,DDD,0.03333333333333333
2022-09-30,Agribusiness,FRPH,0.03333333333333333
2022-09-30,Agribusiness,OBT,0.03333333333333333
2022-09-30,Agribusiness,CZFS,0.03333333333333333
2022-09-30,Agribusiness,GWRS,0.03333333333333333
2022-09-30,Agribusiness,GBLI,0.03333333333333333
2022-09-30,Agribusiness,FCCO,0.03333333333333333
2022-09-30,Agribusiness,HCKT,0.03333333333333333
2022-09-30,Agribusiness,PBHC,0.03333333333333333
2022-09-30,Agribusiness,ERII,0.03333333333333333
2022-09-30,Agribusiness,ANGO,0.03333333333333333
2022-09-30,Agribusiness,AVD,0.03333333333333333
2022-09-30,Agribusiness,FVCB,0.03333333333333333
2022-09-30,Agribusiness,OFIX,0.03333333333333333
2022-09-30,Agribusiness,CSTE,0.03333333333333333
2022-09-30,Agribusiness,UNB,0.03333333333333333
2022-09-30,Agribusiness,SPOK,0.03333333333333333
2022-09-30,Agribusiness,ACNB,0.03333333333333333
2022-09-30,Agribusiness,ISBA,0.03333333333333333
2022-09-30,Agribusiness,WNEB,0.03333333333333333
2022-09-30,Agribusiness,JMSB,0.03333333333333333
2022-09-30,Agribusiness,AMPH,0.03333333333333333
2022-09-30,Agribusiness,EVO,0.03333333333333333
2022-09-30,Agribusiness,NUS,0.03333333333333333
2022-09-30,Agribusiness,AFBI,0.03333333333333333
2022-09-30,Agribusiness,LND,0.03333333333333333
2022-09-30,Agribusiness,CHRS,0.03333333333333333
2022-09-30,Agribusiness,STRS,0.03333333333333333
2022-09-30,Agribusiness,EGAN,0.03333333333333333
2022-09-30,Agribusiness,BSVN,0.03333333333333333
2022-09-30,Agribusiness,CSIQ,0.03333333333333333
2022-09-30,Clean Energy,CBNK,0.03333333333333333
2022-09-30,Clean Energy,GBLI,0.03333333333333333
2022-09-30,Clean Energy,PPIH,0.03333333333333333
2022-09-30,Clean Energy,ARTNA,0.03333333333333333
2022-09-30,Clean Energy,EBMT,0.03333333333333333
2022-09-30,Clean Energy,BCAL,0.03333333333333333
2022-09-30,Clean Energy,GWRS,0.03333333333333333
2022-09-30,Clean Energy,SILC,0.03333333333333333
2022-09-30,Clean Energy,FEIM,0.03333333333333333
2022-09-30,Clean Energy,HCKT,0.03333333333333333
2022-09-30,Clean Energy,VABK,0.03333333333333333
2022-09-30,Clean Energy,OXM,0.03333333333333333
2022-09-30,Clean Energy,NECB,0.03333333333333333
2022-09-30,Clean Energy,TTEC,0.03333333333333333
2022-09-30,Clean Energy,CIVB,0.03333333333333333
2022-09-30,Clean Energy,KRNY,0.03333333333333333
2022-09-30,Clean Energy,RBB,0.03333333333333333
2022-09-30,Clean Energy,MBI,0.03333333333333333
2022-09-30,Clean Energy,PFIS,0.03333333333333333
2022-09-30,Clean Energy,CBFV,0.03333333333333333
2022-09-30,Clean Energy,RDVT,0.03333333333333333
2022-09-30,Clean Energy,UTMD,0.03333333333333333
2022-09-30,Clean Energy,FRST,0.03333333333333333
2022-09-30,Clean Energy,PDLB,0.03333333333333333
2022-09-30,Clean Energy,ANGO,0.03333333333333333
2022-09-30,Clean Energy,ERII,0.03333333333333333
2022-09-30,Clean Energy,PANL,0.03333333333333333
2022-09-30,Clean Energy,RGCO,0.03333333333333333
2022-09-30,Clean Energy,BBSI,0.03333333333333333
2022-09-30,Clean Energy,LCNB,0.03333333333333333
2022-09-30,Critical Minerals,FRPH,0.03333333333333333
2022-09-30,Critical Minerals,AVD,0.03333333333333333
2022-09-30,Critical Minerals,ALRS,0.03333333333333333
2022-09-30,Critical Minerals,CSTE,0.03333333333333333
2022-09-30,Critical Minerals,NUS,0.03333333333333333
2022-09-30,Critical Minerals,LND,0.03333333333333333
2022-09-30,Critical Minerals,PANL,0.03333333333333333
2022-09-30,Critical Minerals,ERII,0.03333333333333333
2022-09-30,Critical Minerals,FNWD,0.03333333333333333
2022-09-30,Critical Minerals,CLMB,0.03333333333333333
2022-09-30,Critical Minerals,MED,0.03333333333333333
2022-09-30,Critical Minerals,GHG,0.03333333333333333
2022-09-30,Critical Minerals,CHSCL,0.03333333333333333
2022-09-30,Critical Minerals,USNA,0.03333333333333333
2022-09-30,Critical Minerals,OEC,0.03333333333333333
2022-09-30,Critical Minerals,CZNC,0.03333333333333333
2022-09-30,Critical Minerals,ISBA,0.03333333333333333
2022-09-30,Critical Minerals,CHSCM,0.03333333333333333
2022-09-30,Critical Minerals,TRC,0.03333333333333333
2022-09-30,Critical Minerals,CSIQ,0.03333333333333333
2022-09-30,Critical Minerals,MITK,0.03333333333333333
2022-09-30,Critical Minerals,WEYS,0.03333333333333333
2022-09-30,Critical Minerals,MX,0.03333333333333333
2022-09-30,Critical Minerals,FF,0.03333333333333333
2022-09-30,Critical Minerals,LSBK,0.03333333333333333
2022-09-30,Critical Minerals,ASYS,0.03333333333333333
2022-09-30,Critical Minerals,DSX,0.03333333333333333
2022-09-30,Critical Minerals,SB,0.03333333333333333
2022-09-30,Critical Minerals,USIO,0.03333333333333333
2022-09-30,Critical Minerals,SBFG,0.03333333333333333
2022-09-30,Cybersecurity,CBAN,0.03333333333333333
2022-09-30,Cybersecurity,FNRN,0.03333333333333333
2022-09-30,Cybersecurity,CABO,0.03333333333333333
2022-09-30,Cybersecurity,CFFI,0.03333333333333333
2022-09-30,Cybersecurity,JOUT,0.03333333333333333
2022-09-30,Cybersecurity,VLGEA,0.03333333333333333
2022-09-30,Cybersecurity,HURC,0.03333333333333333
2022-09-30,Cybersecurity,OFIX,0.03333333333333333
2022-09-30,Cybersecurity,TTEC,0.03333333333333333
2022-09-30,Cybersecurity,RBB,0.03333333333333333
2022-09-30,Cybersecurity,CFBK,0.03333333333333333
2022-09-30,Cybersecurity,DSWL,0.03333333333333333
2022-09-30,Cybersecurity,FCCO,0.03333333333333333
2022-09-30,Cybersecurity,WSBF,0.03333333333333333
2022-09-30,Cybersecurity,FEIM,0.03333333333333333
2022-09-30,Cybersecurity,UEIC,0.03333333333333333
2022-09-30,Cybersecurity,TSBK,0.03333333333333333
2022-09-30,Cybersecurity,MLAB,0.03333333333333333
2022-09-30,Cybersecurity,CSTE,0.03333333333333333
2022-09-30,Cybersecurity,SPOK,0.03333333333333333
2022-09-30,Cybersecurity,TG,0.03333333333333333
2022-09-30,Cybersecurity,FUNC,0.03333333333333333
2022-09-30,Cybersecurity,OFLX,0.03333333333333333
2022-09-30,Cybersecurity,HELE,0.03333333333333333
2022-09-30,Cybersecurity,BOC,0.03333333333333333
2022-09-30,Cybersecurity,ISBA,0.03333333333333333
2022-09-30,Cybersecurity,CLMB,0.03333333333333333
2022-09-30,Cybersecurity,LPRO,0.03333333333333333
2022-09-30,Cybersecurity,MBI,0.03333333333333333
2022-09-30,Cybersecurity,MAGN,0.03333333333333333
2022-09-30,Defense,FBIZ,0.03333333333333333
2022-09-30,Defense,BBDC,0.03333333333333333
2022-09-30,Defense,CASS,0.03333333333333333
2022-09-30,Defense,CBFV,0.03333333333333333
2022-09-30,Defense,MHNC,0.03333333333333333
2022-09-30,Defense,DGICA,0.03333333333333333
2022-09-30,Defense,VABK,0.03333333333333333
2022-09-30,Defense,CBAN,0.03333333333333333
2022-09-30,Defense,BBSI,0.03333333333333333
2022-09-30,Defense,OXM,0.03333333333333333
2022-09-30,Defense,WILC,0.03333333333333333
2022-09-30,Defense,CTO,0.03333333333333333
2022-09-30,Defense,TTEC,0.03333333333333333
2022-09-30,Defense,MHLA,0.03333333333333333
2022-09-30,Defense,FISI,0.03333333333333333
2022-09-30,Defense,TSBK,0.03333333333333333
2022-09-30,Defense,ALLT,0.03333333333333333
2022-09-30,Defense,TAYD,0.03333333333333333
2022-09-30,Defense,ITIC,0.03333333333333333
2022-09-30,Defense,APOG,0.03333333333333333
2022-09-30,Defense,FCCO,0.03333333333333333
2022-09-30,Defense,SGA,0.03333333333333333
2022-09-30,Defense,OFIX,0.03333333333333333
2022-09-30,Defense,PGC,0.03333333333333333
2022-09-30,Defense,VRRM,0.03333333333333333
2022-09-30,Defense,MSBI,0.03333333333333333
2022-09-30,Defense,ISBA,0.03333333333333333
2022-09-30,Defense,FUNC,0.03333333333333333
2022-09-30,Defense,BCML,0.03333333333333333
2022-09-30,Defense,NRIM,0.03333333333333333
2022-09-30,Fintech,BCAL,0.03333333333333333
2022-09-30,Fintech,GPJA,0.03333333333333333
2022-09-30,Fintech,MHNC,0.03333333333333333
2022-09-30,Fintech,VABK,0.03333333333333333
2022-09-30,Fintech,NECB,0.03333333333333333
2022-09-30,Fintech,BOTJ,0.03333333333333333
2022-09-30,Fintech,WILC,0.03333333333333333
2022-09-30,Fintech,CZWI,0.03333333333333333
2022-09-30,Fintech,OXM,0.03333333333333333
2022-09-30,Fintech,CFFI,0.03333333333333333
2022-09-30,Fintech,FUNC,0.03333333333333333
2022-09-30,Fintech,HELE,0.03333333333333333
2022-09-30,Fintech,LPRO,0.03333333333333333
2022-09-30,Fintech,BBDC,0.03333333333333333
2022-09-30,Fintech,DSWL,0.03333333333333333
2022-09-30,Fintech,MHLA,0.03333333333333333
2022-09-30,Fintech,CLMB,0.03333333333333333
2022-09-30,Fintech,OFLX,0.03333333333333333
2022-09-30,Fintech,ISBA,0.03333333333333333
2022-09-30,Fintech,FPH,0.03333333333333333
2022-09-30,Fintech,ALLT,0.03333333333333333
2022-09-30,Fintech,TAYD,0.03333333333333333
2022-09-30,Fintech,IMXI,0.03333333333333333
2022-09-30,Fintech,TTEC,0.03333333333333333
2022-09-30,Fintech,SSBI,0.03333333333333333
2022-09-30,Fintech,HY,0.03333333333333333
2022-09-30,Fintech,MATV,0.03333333333333333
2022-09-30,Fintech,JOUT,0.03333333333333333
2022-09-30,Fintech,YEXT,0.03333333333333333
2022-09-30,Fintech,CTO,0.03333333333333333
2022-09-30,Robotics & AI,NVEC,0.03333333333333333
2022-09-30,Robotics & AI,FXNC,0.03333333333333333
2022-09-30,Robotics & AI,SILC,0.03333333333333333
2022-09-30,Robotics & AI,MEI,0.03333333333333333
2022-09-30,Robotics & AI,FWRD,0.03333333333333333
2022-09-30,Robotics & AI,FRPH,0.03333333333333333
2022-09-30,Robotics & AI,FNRN,0.03333333333333333
2022-09-30,Robotics & AI,HY,0.03333333333333333
2022-09-30,Robotics & AI,CMCO,0.03333333333333333
2022-09-30,Robotics & AI,HURC,0.03333333333333333
2022-09-30,Robotics & AI,WEYS,0.03333333333333333
2022-09-30,Robotics & AI,CSTE,0.03333333333333333
2022-09-30,Robotics & AI,RDCM,0.03333333333333333
2022-09-30,Robotics & AI,LPRO,0.03333333333333333
2022-09-30,Robotics & AI,OEC,0.03333333333333333
2022-09-30,Robotics & AI,TG,0.03333333333333333
2022-09-30,Robotics & AI,JOUT,0.03333333333333333
2022-09-30,Robotics & AI,ERII,0.03333333333333333
2022-09-30,Robotics & AI,TCX,0.03333333333333333
2022-09-30,Robotics & AI,PCYO,0.03333333333333333
2022-09-30,Robotics & AI,MAGN,0.03333333333333333
2022-09-30,Robotics & AI,MATV,0.03333333333333333
2022-09-30,Robotics & AI,AIRG,0.03333333333333333
2022-09-30,Robotics & AI,KE,0.03333333333333333
2022-09-30,Robotics & AI,EVO,0.03333333333333333
2022-09-30,Robotics & AI,WNC,0.03333333333333333
2022-09-30,Robotics & AI,KVHI,0.03333333333333333
2022-09-30,Robotics & AI,XRX,0.03333333333333333
2022-09-30,Robotics & AI,GOOS,0.03333333333333333
2022-09-30,Robotics & AI,MX,0.03333333333333333
2022-09-30,Timber & Forestry,FRPH,0.03333333333333333
2022-09-30,Timber & Forestry,EBF,0.03333333333333333
2022-09-30,Timber & Forestry,NVEC,0.03333333333333333
2022-09-30,Timber & Forestry,CSTE,0.03333333333333333
2022-09-30,Timber & Forestry,OBT,0.03333333333333333
2022-09-30,Timber & Forestry,HURC,0.03333333333333333
2022-09-30,Timber & Forestry,MEI,0.03333333333333333
2022-09-30,Timber & Forestry,KFRC,0.03333333333333333
2022-09-30,Timber & Forestry,CMCO,0.03333333333333333
2022-09-30,Timber & Forestry,FNRN,0.03333333333333333
2022-09-30,Timber & Forestry,FXNC,0.03333333333333333
2022-09-30,Timber & Forestry,PCYO,0.03333333333333333
2022-09-30,Timber & Forestry,AVD,0.03333333333333333
2022-09-30,Timber & Forestry,OEC,0.03333333333333333
2022-09-30,Timber & Forestry,MATV,0.03333333333333333
2022-09-30,Timber & Forestry,FNLC,0.03333333333333333
2022-09-30,Timber & Forestry,WTBA,0.03333333333333333
2022-09-30,Timber & Forestry,TG,0.03333333333333333
2022-09-30,Timber & Forestry,ERII,0.03333333333333333
2022-09-30,Timber & Forestry,MAGN,0.03333333333333333
2022-09-30,Timber & Forestry,DSWL,0.03333333333333333
2022-09-30,Timber & Forestry,TCX,0.03333333333333333
2022-09-30,Timber & Forestry,ALCO,0.03333333333333333
2022-09-30,Timber & Forestry,RDCM,0.03333333333333333
2022-09-30,Timber & Forestry,EVO,0.03333333333333333
2022-09-30,Timber & Forestry,HSTM,0.03333333333333333
2022-09-30,Timber & Forestry,LPRO,0.03333333333333333
2022-09-30,Timber & Forestry,HY,0.03333333333333333
2022-09-30,Timber & Forestry,JOUT,0.03333333333333333
2022-09-30,Timber & Forestry,VLGEA,0.03333333333333333
2022-09-30,US Infrastructure,EBF,0.03333333333333333
2022-09-30,US Infrastructure,FRPH,0.03333333333333333
2022-09-30,US Infrastructure,ATLO,0.03333333333333333
2022-09-30,US Infrastructure,BBSI,0.03333333333333333
2022-09-30,US Infrastructure,HURC,0.03333333333333333
2022-09-30,US Infrastructure,CASS,0.03333333333333333
2022-09-30,US Infrastructure,NVEC,0.03333333333333333
2022-09-30,US Infrastructure,FRAF,0.03333333333333333
2022-09-30,US Infrastructure,TRST,0.03333333333333333
2022-09-30,US Infrastructure,HCKT,0.03333333333333333
2022-09-30,US Infrastructure,DGICA,0.03333333333333333
2022-09-30,US Infrastructure,ERII,0.03333333333333333
2022-09-30,US Infrastructure,BMRC,0.03333333333333333
2022-09-30,US Infrastructure,SILC,0.03333333333333333
2022-09-30,US Infrastructure,FWRD,0.03333333333333333
2022-09-30,US Infrastructure,TRC,0.03333333333333333
2022-09-30,US Infrastructure,AVD,0.03333333333333333
2022-09-30,US Infrastructure,FCCO,0.03333333333333333
2022-09-30,US Infrastructure,MHLA,0.03333333333333333
2022-09-30,US Infrastructure,WTBA,0.03333333333333333
2022-09-30,US Infrastructure,THFF,0.03333333333333333
2022-09-30,US Infrastructure,FISI,0.03333333333333333
2022-09-30,US Infrastructure,FNLC,0.03333333333333333
2022-09-30,US Infrastructure,MATV,0.03333333333333333
2022-09-30,US Infrastructure,PKE,0.03333333333333333
2022-09-30,US Infrastructure,TBRG,0.03333333333333333
2022-09-30,US Infrastructure,PANL,0.03333333333333333
2022-09-30,US Infrastructure,CTO,0.03333333333333333
2022-09-30,US Infrastructure,ANGO,0.03333333333333333
2022-09-30,US Infrastructure,USNA,0.03333333333333333
2022-09-30,Water,EBF,0.03333333333333333
2022-09-30,Water,NFBK,0.03333333333333333
2022-09-30,Water,GBLI,0.03333333333333333
2022-09-30,Water,CBNK,0.03333333333333333
2022-09-30,Water,HCKT,0.03333333333333333
2022-09-30,Water,NKSH,0.03333333333333333
2022-09-30,Water,MHNC,0.03333333333333333
2022-09-30,Water,TRST,0.03333333333333333
2022-09-30,Water,WSBF,0.03333333333333333
2022-09-30,Water,TTEC,0.03333333333333333
2022-09-30,Water,FRBA,0.03333333333333333
2022-09-30,Water,UTMD,0.03333333333333333
2022-09-30,Water,KFRC,0.03333333333333333
2022-09-30,Water,GSBC,0.03333333333333333
2022-09-30,Water,RGCO,0.03333333333333333
2022-09-30,Water,FWRD,0.03333333333333333
2022-09-30,Water,BBSI,0.03333333333333333
2022-09-30,Water,AVD,0.03333333333333333
2022-09-30,Water,ERII,0.03333333333333333
2022-09-30,Water,FNLC,0.03333333333333333
2022-09-30,Water,GWRS,0.03333333333333333
2022-09-30,Water,FRAF,0.03333333333333333
2022-09-30,Water,CIVB,0.03333333333333333
2022-09-30,Water,MLAB,0.03333333333333333
2022-09-30,Water,ARTNA,0.03333333333333333
2022-09-30,Water,WTBA,0.03333333333333333
2022-09-30,Water,EIG,0.03333333333333333
2022-09-30,Water,FMAO,0.03333333333333333
2022-09-30,Water,SILC,0.03333333333333333
2022-09-30,Water,FISI,0.03333333333333333
2022-10-28,AI Infrastructure,NVEC,0.03333333333333333
2022-10-28,AI Infrastructure,SILC,0.03333333333333333
2022-10-28,AI Infrastructure,VABK,0.03333333333333333
2022-10-28,AI Infrastructure,FWRD,0.03333333333333333
2022-10-28,AI Infrastructure,WSBF,0.03333333333333333
2022-10-28,AI Infrastructure,ALLT,0.03333333333333333
2022-10-28,AI Infrastructure,KRNT,0.03333333333333333
2022-10-28,AI Infrastructure,TG,0.03333333333333333
2022-10-28,AI Infrastructure,JMSB,0.03333333333333333
2022-10-28,AI Infrastructure,MATV,0.03333333333333333
2022-10-28,AI Infrastructure,PANL,0.03333333333333333
2022-10-28,AI Infrastructure,APOG,0.03333333333333333
2022-10-28,AI Infrastructure,MITK,0.03333333333333333
2022-10-28,AI Infrastructure,CTO,0.03333333333333333
2022-10-28,AI Infrastructure,MBI,0.03333333333333333
2022-10-28,AI Infrastructure,MAGN,0.03333333333333333
2022-10-28,AI Infrastructure,AIRG,0.03333333333333333
2022-10-28,AI Infrastructure,HY,0.03333333333333333
2022-10-28,AI Infrastructure,MX,0.03333333333333333
2022-10-28,AI Infrastructure,FEIM,0.03333333333333333
2022-10-28,AI Infrastructure,MG,0.03333333333333333
2022-10-28,AI Infrastructure,DLHC,0.03333333333333333
2022-10-28,AI Infrastructure,VREX,0.03333333333333333
2022-10-28,AI Infrastructure,FWDI,0.03333333333333333
2022-10-28,AI Infrastructure,RDVT,0.03333333333333333
2022-10-28,AI Infrastructure,GTN,0.03333333333333333
2022-10-28,AI Infrastructure,EAF,0.03333333333333333
2022-10-28,AI Infrastructure,INVE,0.03333333333333333
2022-10-28,AI Infrastructure,ASYS,0.03333333333333333
2022-10-28,AI Infrastructure,FPH,0.03333333333333333
2022-10-28,Agribusiness,FRPH,0.03333333333333333
2022-10-28,Agribusiness,OBT,0.03333333333333333
2022-10-28,Agribusiness,FCCO,0.03333333333333333
2022-10-28,Agribusiness,FRBA,0.03333333333333333
2022-10-28,Agribusiness,ANGO,0.03333333333333333
2022-10-28,Agribusiness,NKSH,0.03333333333333333
2022-10-28,Agribusiness,HCKT,0.03333333333333333
2022-10-28,Agribusiness,AVD,0.03333333333333333
2022-10-28,Agribusiness,OFIX,0.03333333333333333
2022-10-28,Agribusiness,WTBA,0.03333333333333333
2022-10-28,Agribusiness,GWRS,0.03333333333333333
2022-10-28,Agribusiness,RBB,0.03333333333333333
2022-10-28,Agribusiness,FVCB,0.03333333333333333
2022-10-28,Agribusiness,ERII,0.03333333333333333
2022-10-28,Agribusiness,VLGEA,0.03333333333333333
2022-10-28,Agribusiness,SPOK,0.03333333333333333
2022-10-28,Agribusiness,SILC,0.03333333333333333
2022-10-28,Agribusiness,CSTE,0.03333333333333333
2022-10-28,Agribusiness,OPBK,0.03333333333333333
2022-10-28,Agribusiness,AMPH,0.03333333333333333
2022-10-28,Agribusiness,UNB,0.03333333333333333
2022-10-28,Agribusiness,WNEB,0.03333333333333333
2022-10-28,Agribusiness,ULBI,0.03333333333333333
2022-10-28,Agribusiness,ACNB,0.03333333333333333
2022-10-28,Agribusiness,ISBA,0.03333333333333333
2022-10-28,Agribusiness,JMSB,0.03333333333333333
2022-10-28,Agribusiness,EVO,0.03333333333333333
2022-10-28,Agribusiness,SHBI,0.03333333333333333
2022-10-28,Agribusiness,FISI,0.03333333333333333
2022-10-28,Agribusiness,FEIM,0.03333333333333333
2022-10-28,Clean Energy,CBNK,0.03333333333333333
2022-10-28,Clean Energy,GPJA,0.03333333333333333
2022-10-28,Clean Energy,EBMT,0.03333333333333333
2022-10-28,Clean Energy,CFFI,0.03333333333333333
2022-10-28,Clean Energy,WSBF,0.03333333333333333
2022-10-28,Clean Energy,GBLI,0.03333333333333333
2022-10-28,Clean Energy,ARTNA,0.03333333333333333
2022-10-28,Clean Energy,GWRS,0.03333333333333333
2022-10-28,Clean Energy,PDLB,0.03333333333333333
2022-10-28,Clean Energy,FBIZ,0.03333333333333333
2022-10-28,Clean Energy,FRBA,0.03333333333333333
2022-10-28,Clean Energy,PROV,0.03333333333333333
2022-10-28,Clean Energy,ANGO,0.03333333333333333
2022-10-28,Clean Energy,BCAL,0.03333333333333333
2022-10-28,Clean Energy,FVCB,0.03333333333333333
2022-10-28,Clean Energy,NECB,0.03333333333333333
2022-10-28,Clean Energy,HCKT,0.03333333333333333
2022-10-28,Clean Energy,OXM,0.03333333333333333
2022-10-28,Clean Energy,TTEC,0.03333333333333333
2022-10-28,Clean Energy,HRTG,0.03333333333333333
2022-10-28,Clean Energy,CIVB,0.03333333333333333
2022-10-28,Clean Energy,PPIH,0.03333333333333333
2022-10-28,Clean Energy,KRNY,0.03333333333333333
2022-10-28,Clean Energy,CBAN,0.03333333333333333
2022-10-28,Clean Energy,BBSI,0.03333333333333333
2022-10-28,Clean Energy,MRBK,0.03333333333333333
2022-10-28,Clean Energy,PFIS,0.03333333333333333
2022-10-28,Clean Energy,CBFV,0.03333333333333333
2022-10-28,Clean Energy,CZWI,0.03333333333333333
2022-10-28,Clean Energy,FMAO,0.03333333333333333
2022-10-28,Critical Minerals,ALRS,0.03333333333333333
2022-10-28,Critical Minerals,FRPH,0.03333333333333333
2022-10-28,Critical Minerals,AVD,0.03333333333333333
2022-10-28,Critical Minerals,NUS,0.03333333333333333
2022-10-28,Critical Minerals,LND,0.03333333333333333
2022-10-28,Critical Minerals,WTBA,0.03333333333333333
2022-10-28,Critical Minerals,CSTE,0.03333333333333333
2022-10-28,Critical Minerals,TCX,0.03333333333333333
2022-10-28,Critical Minerals,ERII,0.03333333333333333
2022-10-28,Critical Minerals,OPBK,0.03333333333333333
2022-10-28,Critical Minerals,CSIQ,0.03333333333333333
2022-10-28,Critical Minerals,FNWD,0.03333333333333333
2022-10-28,Critical Minerals,ACNB,0.03333333333333333
2022-10-28,Critical Minerals,AMPH,0.03333333333333333
2022-10-28,Critical Minerals,DSWL,0.03333333333333333
2022-10-28,Critical Minerals,GHG,0.03333333333333333
2022-10-28,Critical Minerals,KRO,0.03333333333333333
2022-10-28,Critical Minerals,NGS,0.03333333333333333
2022-10-28,Critical Minerals,GPRO,0.03333333333333333
2022-10-28,Critical Minerals,PANL,0.03333333333333333
2022-10-28,Critical Minerals,CLMB,0.03333333333333333
2022-10-28,Critical Minerals,CHSCO,0.03333333333333333
2022-10-28,Critical Minerals,GASS,0.03333333333333333
2022-10-28,Critical Minerals,CZNC,0.03333333333333333
2022-10-28,Critical Minerals,FF,0.03333333333333333
2022-10-28,Critical Minerals,MED,0.03333333333333333
2022-10-28,Critical Minerals,ISBA,0.03333333333333333
2022-10-28,Critical Minerals,MBWM,0.03333333333333333
2022-10-28,Critical Minerals,CHSCL,0.03333333333333333
2022-10-28,Critical Minerals,ASYS,0.03333333333333333
2022-10-28,Cybersecurity,CBAN,0.03333333333333333
2022-10-28,Cybersecurity,TTEC,0.03333333333333333
2022-10-28,Cybersecurity,VLGEA,0.03333333333333333
2022-10-28,Cybersecurity,HURC,0.03333333333333333
2022-10-28,Cybersecurity,FEIM,0.03333333333333333
2022-10-28,Cybersecurity,CASS,0.03333333333333333
2022-10-28,Cybersecurity,JOUT,0.03333333333333333
2022-10-28,Cybersecurity,OFIX,0.03333333333333333
2022-10-28,Cybersecurity,FMAO,0.03333333333333333
2022-10-28,Cybersecurity,CABO,0.03333333333333333
2022-10-28,Cybersecurity,FCCO,0.03333333333333333
2022-10-28,Cybersecurity,WSBF,0.03333333333333333
2022-10-28,Cybersecurity,SILC,0.03333333333333333
2022-10-28,Cybersecurity,SPOK,0.03333333333333333
2022-10-28,Cybersecurity,TSBK,0.03333333333333333
2022-10-28,Cybersecurity,DSWL,0.03333333333333333
2022-10-28,Cybersecurity,CSTE,0.03333333333333333
2022-10-28,Cybersecurity,UEIC,0.03333333333333333
2022-10-28,Cybersecurity,TG,0.03333333333333333
2022-10-28,Cybersecurity,BOC,0.03333333333333333
2022-10-28,Cybersecurity,MLAB,0.03333333333333333
2022-10-28,Cybersecurity,ULBI,0.03333333333333333
2022-10-28,Cybersecurity,MBI,0.03333333333333333
2022-10-28,Cybersecurity,HELE,0.03333333333333333
2022-10-28,Cybersecurity,MITK,0.03333333333333333
2022-10-28,Cybersecurity,EVO,0.03333333333333333
2022-10-28,Cybersecurity,ALLT,0.03333333333333333
2022-10-28,Cybersecurity,EGAN,0.03333333333333333
2022-10-28,Cybersecurity,FUNC,0.03333333333333333
2022-10-28,Cybersecurity,TAYD,0.03333333333333333
2022-10-28,Defense,CASS,0.03333333333333333
2022-10-28,Defense,CBFV,0.03333333333333333
2022-10-28,Defense,FBIZ,0.03333333333333333
2022-10-28,Defense,MHNC,0.03333333333333333
2022-10-28,Defense,DGICA,0.03333333333333333
2022-10-28,Defense,BBDC,0.03333333333333333
2022-10-28,Defense,BBSI,0.03333333333333333
2022-10-28,Defense,FCCO,0.03333333333333333
2022-10-28,Defense,OXM,0.03333333333333333
2022-10-28,Defense,TSBK,0.03333333333333333
2022-10-28,Defense,CBAN,0.03333333333333333
2022-10-28,Defense,TTEC,0.03333333333333333
2022-10-28,Defense,MHLA,0.03333333333333333
2022-10-28,Defense,SGA,0.03333333333333333
2022-10-28,Defense,ALLT,0.03333333333333333
2022-10-28,Defense,CTO,0.03333333333333333
2022-10-28,Defense,BCML,0.03333333333333333
2022-10-28,Defense,MSBI,0.03333333333333333
2022-10-28,Defense,NRC,0.03333333333333333
2022-10-28,Defense,OFIX,0.03333333333333333
2022-10-28,Defense,APOG,0.03333333333333333
2022-10-28,Defense,CFBK,0.03333333333333333
2022-10-28,Defense,SMBK,0.03333333333333333
2022-10-28,Defense,HSTM,0.03333333333333333
2022-10-28,Defense,ISBA,0.03333333333333333
2022-10-28,Defense,TRC,0.03333333333333333
2022-10-28,Defense,ARTNA,0.03333333333333333
2022-10-28,Defense,NRIM,0.03333333333333333
2022-10-28,Defense,PGC,0.03333333333333333
2022-10-28,Defense,TAYD,0.03333333333333333
2022-10-28,Fintech,GPJA,0.03333333333333333
2022-10-28,Fintech,MHNC,0.03333333333333333
2022-10-28,Fintech,CHSCO,0.03333333333333333
2022-10-28,Fintech,WSBF,0.03333333333333333
2022-10-28,Fintech,CBAN,0.03333333333333333
2022-10-28,Fintech,BOTJ,0.03333333333333333
2022-10-28,Fintech,FXNC,0.03333333333333333
2022-10-28,Fintech,HELE,0.03333333333333333
2022-10-28,Fintech,ITIC,0.03333333333333333
2022-10-28,Fintech,CBFV,0.03333333333333333
2022-10-28,Fintech,NECB,0.03333333333333333
2022-10-28,Fintech,LPRO,0.03333333333333333
2022-10-28,Fintech,CZWI,0.03333333333333333
2022-10-28,Fintech,CFFI,0.03333333333333333
2022-10-28,Fintech,DSWL,0.03333333333333333
2022-10-28,Fintech,RBKB,0.03333333333333333
2022-10-28,Fintech,MHLA,0.03333333333333333
2022-10-28,Fintech,BBDC,0.03333333333333333
2022-10-28,Fintech,TTEC,0.03333333333333333
2022-10-28,Fintech,CFBK,0.03333333333333333
2022-10-28,Fintech,JOUT,0.03333333333333333
2022-10-28,Fintech,CABO,0.03333333333333333
2022-10-28,Fintech,ALLT,0.03333333333333333
2022-10-28,Fintech,OFLX,0.03333333333333333
2022-10-28,Fintech,FUNC,0.03333333333333333
2022-10-28,Fintech,MBI,0.03333333333333333
2022-10-28,Fintech,ISBA,0.03333333333333333
2022-10-28,Fintech,TAYD,0.03333333333333333
2022-10-28,Fintech,CLMB,0.03333333333333333
2022-10-28,Fintech,KRNT,0.03333333333333333
2022-10-28,Robotics & AI,NVEC,0.03333333333333333
2022-10-28,Robotics & AI,HURC,0.03333333333333333
2022-10-28,Robotics & AI,MEI,0.03333333333333333
2022-10-28,Robotics & AI,FWRD,0.03333333333333333
2022-10-28,Robotics & AI,SILC,0.03333333333333333
2022-10-28,Robotics & AI,FXNC,0.03333333333333333
2022-10-28,Robotics & AI,WEYS,0.03333333333333333
2022-10-28,Robotics & AI,FNRN,0.03333333333333333
2022-10-28,Robotics & AI,CMCO,0.03333333333333333
2022-10-28,Robotics & AI,OEC,0.03333333333333333
2022-10-28,Robotics & AI,HY,0.03333333333333333
2022-10-28,Robotics & AI,JOUT,0.03333333333333333
2022-10-28,Robotics & AI,CSTE,0.03333333333333333
2022-10-28,Robotics & AI,RDCM,0.03333333333333333
2022-10-28,Robotics & AI,TG,0.03333333333333333
2022-10-28,Robotics & AI,LPRO,0.03333333333333333
2022-10-28,Robotics & AI,KE,0.03333333333333333
2022-10-28,Robotics & AI,MAGN,0.03333333333333333
2022-10-28,Robotics & AI,TCX,0.03333333333333333
2022-10-28,Robotics & AI,MATV,0.03333333333333333
2022-10-28,Robotics & AI,WNC,0.03333333333333333
2022-10-28,Robotics & AI,ALCO,0.03333333333333333
2022-10-28,Robotics & AI,ERII,0.03333333333333333
2022-10-28,Robotics & AI,EML,0.03333333333333333
2022-10-28,Robotics & AI,HSTM,0.03333333333333333
2022-10-28,Robotics & AI,AIRG,0.03333333333333333
2022-10-28,Robotics & AI,EVO,0.03333333333333333
2022-10-28,Robotics & AI,ACTG,0.03333333333333333
2022-10-28,Robotics & AI,MPAA,0.03333333333333333
2022-10-28,Robotics & AI,SPOK,0.03333333333333333
2022-10-28,Timber & Forestry,CHSCO,0.03333333333333333
2022-10-28,Timber & Forestry,EBF,0.03333333333333333
2022-10-28,Timber & Forestry,FRPH,0.03333333333333333
2022-10-28,Timber & Forestry,CHSCL,0.03333333333333333
2022-10-28,Timber & Forestry,CMCO,0.03333333333333333
2022-10-28,Timber & Forestry,NVEC,0.03333333333333333
2022-10-28,Timber & Forestry,HURC,0.03333333333333333
2022-10-28,Timber & Forestry,FNRN,0.03333333333333333
2022-10-28,Timber & Forestry,KFRC,0.03333333333333333
2022-10-28,Timber & Forestry,PCYO,0.03333333333333333
2022-10-28,Timber & Forestry,MEI,0.03333333333333333
2022-10-28,Timber & Forestry,CHSCN,0.03333333333333333
2022-10-28,Timber & Forestry,FXNC,0.03333333333333333
2022-10-28,Timber & Forestry,OEC,0.03333333333333333
2022-10-28,Timber & Forestry,CSTE,0.03333333333333333
2022-10-28,Timber & Forestry,MATV,0.03333333333333333
2022-10-28,Timber & Forestry,CZFS,0.03333333333333333
2022-10-28,Timber & Forestry,JOUT,0.03333333333333333
2022-10-28,Timber & Forestry,CHSCM,0.03333333333333333
2022-10-28,Timber & Forestry,FNWD,0.03333333333333333
2022-10-28,Timber & Forestry,DSWL,0.03333333333333333
2022-10-28,Timber & Forestry,AVD,0.03333333333333333
2022-10-28,Timber & Forestry,WEYS,0.03333333333333333
2022-10-28,Timber & Forestry,HSTM,0.03333333333333333
2022-10-28,Timber & Forestry,EVO,0.03333333333333333
2022-10-28,Timber & Forestry,WTBA,0.03333333333333333
2022-10-28,Timber & Forestry,TCX,0.03333333333333333
2022-10-28,Timber & Forestry,LEGH,0.03333333333333333
2022-10-28,Timber & Forestry,EML,0.03333333333333333
2022-10-28,Timber & Forestry,LPRO,0.03333333333333333
2022-10-28,US Infrastructure,EBF,0.03333333333333333
2022-10-28,US Infrastructure,HURC,0.03333333333333333
2022-10-28,US Infrastructure,FRPH,0.03333333333333333
2022-10-28,US Infrastructure,ATLO,0.03333333333333333
2022-10-28,US Infrastructure,KFRC,0.03333333333333333
2022-10-28,US Infrastructure,BBSI,0.03333333333333333
2022-10-28,US Infrastructure,NVEC,0.03333333333333333
2022-10-28,US Infrastructure,CASS,0.03333333333333333
2022-10-28,US Infrastructure,FRAF,0.03333333333333333
2022-10-28,US Infrastructure,TRST,0.03333333333333333
2022-10-28,US Infrastructure,HCKT,0.03333333333333333
2022-10-28,US Infrastructure,RGCO,0.03333333333333333
2022-10-28,US Infrastructure,CZFS,0.03333333333333333
2022-10-28,US Infrastructure,GSBC,0.03333333333333333
2022-10-28,US Infrastructure,TRC,0.03333333333333333
2022-10-28,US Infrastructure,FWRD,0.03333333333333333
2022-10-28,US Infrastructure,BMRC,0.03333333333333333
2022-10-28,US Infrastructure,MHLA,0.03333333333333333
2022-10-28,US Infrastructure,SILC,0.03333333333333333
2022-10-28,US Infrastructure,AVD,0.03333333333333333
2022-10-28,US Infrastructure,WTBA,0.03333333333333333
2022-10-28,US Infrastructure,FCCO,0.03333333333333333
2022-10-28,US Infrastructure,CODI,0.03333333333333333
2022-10-28,US Infrastructure,PKE,0.03333333333333333
2022-10-28,US Infrastructure,THFF,0.03333333333333333
2022-10-28,US Infrastructure,FNLC,0.03333333333333333
2022-10-28,US Infrastructure,ERII,0.03333333333333333
2022-10-28,US Infrastructure,FISI,0.03333333333333333
2022-10-28,US Infrastructure,MATV,0.03333333333333333
2022-10-28,US Infrastructure,ANGO,0.03333333333333333
2022-10-28,Water,GBLI,0.03333333333333333
2022-10-28,Water,NFBK,0.03333333333333333
2022-10-28,Water,MHNC,0.03333333333333333
2022-10-28,Water,ATLO,0.03333333333333333
2022-10-28,Water,CBNK,0.03333333333333333
2022-10-28,Water,WSBF,0.03333333333333333
2022-10-28,Water,NKSH,0.03333333333333333
2022-10-28,Water,TRST,0.03333333333333333
2022-10-28,Water,FWRD,0.03333333333333333
2022-10-28,Water,UTMD,0.03333333333333333
2022-10-28,Water,TTEC,0.03333333333333333
2022-10-28,Water,FRBA,0.03333333333333333
2022-10-28,Water,KFRC,0.03333333333333333
2022-10-28,Water,GSBC,0.03333333333333333
2022-10-28,Water,HCKT,0.03333333333333333
2022-10-28,Water,BBSI,0.03333333333333333
2022-10-28,Water,RGCO,0.03333333333333333
2022-10-28,Water,FNLC,0.03333333333333333
2022-10-28,Water,CIVB,0.03333333333333333
2022-10-28,Water,TRC,0.03333333333333333
2022-10-28,Water,ARTNA,0.03333333333333333
2022-10-28,Water,BMRC,0.03333333333333333
2022-10-28,Water,THFF,0.03333333333333333
2022-10-28,Water,RBB,0.03333333333333333
2022-10-28,Water,FRST,0.03333333333333333
2022-10-28,Water,GWRS,0.03333333333333333
2022-10-28,Water,WTBA,0.03333333333333333
2022-10-28,Water,AVD,0.03333333333333333
2022-10-28,Water,ULH,0.03333333333333333
2022-10-28,Water,KRNY,0.03333333333333333
2022-11-25,AI Infrastructure,NVEC,0.03333333333333333
2022-11-25,AI Infrastructure,SILC,0.03333333333333333
2022-11-25,AI Infrastructure,VABK,0.03333333333333333
2022-11-25,AI Infrastructure,BOTJ,0.03333333333333333
2022-11-25,AI Infrastructure,FWRD,0.03333333333333333
2022-11-25,AI Infrastructure,HURC,0.03333333333333333
2022-11-25,AI Infrastructure,JMSB,0.03333333333333333
2022-11-25,AI Infrastructure,WSBF,0.03333333333333333
2022-11-25,AI Infrastructure,TG,0.03333333333333333
2022-11-25,AI Infrastructure,MX,0.03333333333333333
2022-11-25,AI Infrastructure,ALLT,0.03333333333333333
2022-11-25,AI Infrastructure,MAGN,0.03333333333333333
2022-11-25,AI Infrastructure,MATV,0.03333333333333333
2022-11-25,AI Infrastructure,MITK,0.03333333333333333
2022-11-25,AI Infrastructure,APOG,0.03333333333333333
2022-11-25,AI Infrastructure,CTO,0.03333333333333333
2022-11-25,AI Infrastructure,RDVT,0.03333333333333333
2022-11-25,AI Infrastructure,OSG,0.03333333333333333
2022-11-25,AI Infrastructure,FEIM,0.03333333333333333
2022-11-25,AI Infrastructure,SSBI,0.03333333333333333
2022-11-25,AI Infrastructure,MG,0.03333333333333333
2022-11-25,AI Infrastructure,VREX,0.03333333333333333
2022-11-25,AI Infrastructure,KRNT,0.03333333333333333
2022-11-25,AI Infrastructure,CCNE,0.03333333333333333
2022-11-25,AI Infrastructure,INVE,0.03333333333333333
2022-11-25,AI Infrastructure,DLHC,0.03333333333333333
2022-11-25,AI Infrastructure,FWDI,0.03333333333333333
2022-11-25,AI Infrastructure,FPH,0.03333333333333333
2022-11-25,AI Infrastructure,ALOT,0.03333333333333333
2022-11-25,AI Infrastructure,ASYS,0.03333333333333333
2022-11-25,Agribusiness,FRPH,0.03333333333333333
2022-11-25,Agribusiness,EBF,0.03333333333333333
2022-11-25,Agribusiness,HURC,0.03333333333333333
2022-11-25,Agribusiness,FRBA,0.03333333333333333
2022-11-25,Agribusiness,HCKT,0.03333333333333333
2022-11-25,Agribusiness,TTEC,0.03333333333333333
2022-11-25,Agribusiness,ALRS,0.03333333333333333
2022-11-25,Agribusiness,FRAF,0.03333333333333333
2022-11-25,Agribusiness,WTBA,0.03333333333333333
2022-11-25,Agribusiness,AVD,0.03333333333333333
2022-11-25,Agribusiness,VLGEA,0.03333333333333333
2022-11-25,Agribusiness,ANGO,0.03333333333333333
2022-11-25,Agribusiness,TG,0.03333333333333333
2022-11-25,Agribusiness,ERII,0.03333333333333333
2022-11-25,Agribusiness,MATV,0.03333333333333333
2022-11-25,Agribusiness,ACNB,0.03333333333333333
2022-11-25,Agribusiness,CLMB,0.03333333333333333
2022-11-25,Agribusiness,ULBI,0.03333333333333333
2022-11-25,Agribusiness,ISBA,0.03333333333333333
2022-11-25,Agribusiness,JOUT,0.03333333333333333
2022-11-25,Agribusiness,CSTE,0.03333333333333333
2022-11-25,Agribusiness,OPBK,0.03333333333333333
2022-11-25,Agribusiness,AMPH,0.03333333333333333
2022-11-25,Agribusiness,SPOK,0.03333333333333333
2022-11-25,Agribusiness,JMSB,0.03333333333333333
2022-11-25,Agribusiness,LAND,0.03333333333333333
2022-11-25,Agribusiness,OVBC,0.03333333333333333
2022-11-25,Agribusiness,MITK,0.03333333333333333
2022-11-25,Agribusiness,AMSF,0.03333333333333333
2022-11-25,Agribusiness,CTO,0.03333333333333333
2022-11-25,Clean Energy,EBMT,0.03333333333333333
2022-11-25,Clean Energy,PPIH,0.03333333333333333
2022-11-25,Clean Energy,CBNK,0.03333333333333333
2022-11-25,Clean Energy,VABK,0.03333333333333333
2022-11-25,Clean Energy,ANGO,0.03333333333333333
2022-11-25,Clean Energy,SILC,0.03333333333333333
2022-11-25,Clean Energy,OXM,0.03333333333333333
2022-11-25,Clean Energy,PROV,0.03333333333333333
2022-11-25,Clean Energy,CBAN,0.03333333333333333
2022-11-25,Clean Energy,PBHC,0.03333333333333333
2022-11-25,Clean Energy,WSBF,0.03333333333333333
2022-11-25,Clean Energy,PANL,0.03333333333333333
2022-11-25,Clean Energy,PDLB,0.03333333333333333
2022-11-25,Clean Energy,LAND,0.03333333333333333
2022-11-25,Clean Energy,DLHC,0.03333333333333333
2022-11-25,Clean Energy,NECB,0.03333333333333333
2022-11-25,Clean Energy,FBIZ,0.03333333333333333
2022-11-25,Clean Energy,BBSI,0.03333333333333333
2022-11-25,Clean Energy,FEIM,0.03333333333333333
2022-11-25,Clean Energy,RDVT,0.03333333333333333
2022-11-25,Clean Energy,GWRS,0.03333333333333333
2022-11-25,Clean Energy,HCKT,0.03333333333333333
2022-11-25,Clean Energy,WNEB,0.03333333333333333
2022-11-25,Clean Energy,TAYD,0.03333333333333333
2022-11-25,Clean Energy,ARTNA,0.03333333333333333
2022-11-25,Clean Energy,FVCB,0.03333333333333333
2022-11-25,Clean Energy,NKSH,0.03333333333333333
2022-11-25,Clean Energy,PFIS,0.03333333333333333
2022-11-25,Clean Energy,RBB,0.03333333333333333
2022-11-25,Clean Energy,ACNB,0.03333333333333333
2022-11-25,Critical Minerals,CLMB,0.03333333333333333
2022-11-25,Critical Minerals,AVD,0.03333333333333333
2022-11-25,Critical Minerals,ANGO,0.03333333333333333
2022-11-25,Critical Minerals,LND,0.03333333333333333
2022-11-25,Critical Minerals,PANL,0.03333333333333333
2022-11-25,Critical Minerals,CHSCO,0.03333333333333333
2022-11-25,Critical Minerals,CSIQ,0.03333333333333333
2022-11-25,Critical Minerals,AMPH,0.03333333333333333
2022-11-25,Critical Minerals,MITK,0.03333333333333333
2022-11-25,Critical Minerals,BBSI,0.03333333333333333
2022-11-25,Critical Minerals,GRVY,0.03333333333333333
2022-11-25,Critical Minerals,CHSCM,0.03333333333333333
2022-11-25,Critical Minerals,TRC,0.03333333333333333
2022-11-25,Critical Minerals,CZNC,0.03333333333333333
2022-11-25,Critical Minerals,SRI,0.03333333333333333
2022-11-25,Critical Minerals,OEC,0.03333333333333333
2022-11-25,Critical Minerals,GHG,0.03333333333333333
2022-11-25,Critical Minerals,JKS,0.03333333333333333
2022-11-25,Critical Minerals,LGO,0.03333333333333333
2022-11-25,Critical Minerals,LSBK,0.03333333333333333
2022-11-25,Critical Minerals,USNA,0.03333333333333333
2022-11-25,Critical Minerals,FF,0.03333333333333333
2022-11-25,Critical Minerals,HRTG,0.03333333333333333
2022-11-25,Critical Minerals,MVBF,0.03333333333333333
2022-11-25,Critical Minerals,TIPT,0.03333333333333333
2022-11-25,Critical Minerals,SBFG,0.03333333333333333
2022-11-25,Critical Minerals,CXDO,0.03333333333333333
2022-11-25,Critical Minerals,BWEN,0.03333333333333333
2022-11-25,Critical Minerals,VIRC,0.03333333333333333
2022-11-25,Critical Minerals,GOSS,0.03333333333333333
2022-11-25,Cybersecurity,EBF,0.03333333333333333
2022-11-25,Cybersecurity,FRPH,0.03333333333333333
2022-11-25,Cybersecurity,CBAN,0.03333333333333333
2022-11-25,Cybersecurity,CBNK,0.03333333333333333
2022-11-25,Cybersecurity,WSBF,0.03333333333333333
2022-11-25,Cybersecurity,FEIM,0.03333333333333333
2022-11-25,Cybersecurity,CFFI,0.03333333333333333
2022-11-25,Cybersecurity,CASS,0.03333333333333333
2022-11-25,Cybersecurity,TTEC,0.03333333333333333
2022-11-25,Cybersecurity,RBB,0.03333333333333333
2022-11-25,Cybersecurity,FMAO,0.03333333333333333
2022-11-25,Cybersecurity,JOUT,0.03333333333333333
2022-11-25,Cybersecurity,HWBK,0.03333333333333333
2022-11-25,Cybersecurity,TRC,0.03333333333333333
2022-11-25,Cybersecurity,LARK,0.03333333333333333
2022-11-25,Cybersecurity,TG,0.03333333333333333
2022-11-25,Cybersecurity,CSTE,0.03333333333333333
2022-11-25,Cybersecurity,WEYS,0.03333333333333333
2022-11-25,Cybersecurity,SPOK,0.03333333333333333
2022-11-25,Cybersecurity,MATV,0.03333333333333333
2022-11-25,Cybersecurity,KRNY,0.03333333333333333
2022-11-25,Cybersecurity,OFLX,0.03333333333333333
2022-11-25,Cybersecurity,ARTNA,0.03333333333333333
2022-11-25,Cybersecurity,BOC,0.03333333333333333
2022-11-25,Cybersecurity,MITK,0.03333333333333333
2022-11-25,Cybersecurity,AMPH,0.03333333333333333
2022-11-25,Cybersecurity,TBRG,0.03333333333333333
2022-11-25,Cybersecurity,CCNE,0.03333333333333333
2022-11-25,Cybersecurity,KVHI,0.03333333333333333
2022-11-25,Cybersecurity,OFIX,0.03333333333333333
2022-11-25,Defense,CBFV,0.03333333333333333
2022-11-25,Defense,FBIZ,0.03333333333333333
2022-11-25,Defense,BBDC,0.03333333333333333
2022-11-25,Defense,CASS,0.03333333333333333
2022-11-25,Defense,DGICA,0.03333333333333333
2022-11-25,Defense,OXM,0.03333333333333333
2022-11-25,Defense,VABK,0.03333333333333333
2022-11-25,Defense,CBNK,0.03333333333333333
2022-11-25,Defense,BCML,0.03333333333333333
2022-11-25,Defense,CBAN,0.03333333333333333
2022-11-25,Defense,ITIC,0.03333333333333333
2022-11-25,Defense,CTO,0.03333333333333333
2022-11-25,Defense,SGA,0.03333333333333333
2022-11-25,Defense,TSBK,0.03333333333333333
2022-11-25,Defense,NRC,0.03333333333333333
2022-11-25,Defense,LARK,0.03333333333333333
2022-11-25,Defense,APOG,0.03333333333333333
2022-11-25,Defense,GHI,0.03333333333333333
2022-11-25,Defense,MSBI,0.03333333333333333
2022-11-25,Defense,ISBA,0.03333333333333333
2022-11-25,Defense,GLRE,0.03333333333333333
2022-11-25,Defense,TAYD,0.03333333333333333
2022-11-25,Defense,RDCM,0.03333333333333333
2022-11-25,Defense,FEIM,0.03333333333333333
2022-11-25,Defense,FPH,0.03333333333333333
2022-11-25,Defense,ARTNA,0.03333333333333333
2022-11-25,Defense,LOAN,0.03333333333333333
2022-11-25,Defense,HWBK,0.03333333333333333
2022-11-25,Defense,FUNC,0.03333333333333333
2022-11-25,Defense,TRC,0.03333333333333333
2022-11-25,Fintech,MHNC,0.03333333333333333
2022-11-25,Fintech,BCAL,0.03333333333333333
2022-11-25,Fintech,GPJA,0.03333333333333333
2022-11-25,Fintech,VABK,0.03333333333333333
2022-11-25,Fintech,FXNC,0.03333333333333333
2022-11-25,Fintech,WILC,0.03333333333333333
2022-11-25,Fintech,CHSCM,0.03333333333333333
2022-11-25,Fintech,DSWL,0.03333333333333333
2022-11-25,Fintech,ITIC,0.03333333333333333
2022-11-25,Fintech,FNWD,0.03333333333333333
2022-11-25,Fintech,PBHC,0.03333333333333333
2022-11-25,Fintech,CFFI,0.03333333333333333
2022-11-25,Fintech,BOTJ,0.03333333333333333
2022-11-25,Fintech,MHLA,0.03333333333333333
2022-11-25,Fintech,CBFV,0.03333333333333333
2022-11-25,Fintech,CZWI,0.03333333333333333
2022-11-25,Fintech,RBKB,0.03333333333333333
2022-11-25,Fintech,BBDC,0.03333333333333333
2022-11-25,Fintech,CFBK,0.03333333333333333
2022-11-25,Fintech,TTEC,0.03333333333333333
2022-11-25,Fintech,FUNC,0.03333333333333333
2022-11-25,Fintech,SMBK,0.03333333333333333
2022-11-25,Fintech,HELE,0.03333333333333333
2022-11-25,Fintech,ISBA,0.03333333333333333
2022-11-25,Fintech,SSBI,0.03333333333333333
2022-11-25,Fintech,JOUT,0.03333333333333333
2022-11-25,Fintech,EVO,0.03333333333333333
2022-11-25,Fintech,GOOS,0.03333333333333333
2022-11-25,Fintech,FPH,0.03333333333333333
2022-11-25,Fintech,OFLX,0.03333333333333333
2022-11-25,Robotics & AI,GPJA,0.03333333333333333
2022-11-25,Robotics & AI,MHNC,0.03333333333333333
2022-11-25,Robotics & AI,NVEC,0.03333333333333333
2022-11-25,Robotics & AI,SILC,0.03333333333333333
2022-11-25,Robotics & AI,CMCO,0.03333333333333333
2022-11-25,Robotics & AI,HURC,0.03333333333333333
2022-11-25,Robotics & AI,FWRD,0.03333333333333333
2022-11-25,Robotics & AI,RDCM,0.03333333333333333
2022-11-25,Robotics & AI,MEI,0.03333333333333333
2022-11-25,Robotics & AI,ULH,0.03333333333333333
2022-11-25,Robotics & AI,TSBK,0.03333333333333333
2022-11-25,Robotics & AI,PPIH,0.03333333333333333
2022-11-25,Robotics & AI,EVO,0.03333333333333333
2022-11-25,Robotics & AI,OEC,0.03333333333333333
2022-11-25,Robotics & AI,MHLA,0.03333333333333333
2022-11-25,Robotics & AI,WEYS,0.03333333333333333
2022-11-25,Robotics & AI,HY,0.03333333333333333
2022-11-25,Robotics & AI,LEGH,0.03333333333333333
2022-11-25,Robotics & AI,GOOS,0.03333333333333333
2022-11-25,Robotics & AI,MITK,0.03333333333333333
2022-11-25,Robotics & AI,JMSB,0.03333333333333333
2022-11-25,Robotics & AI,HOFT,0.03333333333333333
2022-11-25,Robotics & AI,APOG,0.03333333333333333
2022-11-25,Robotics & AI,MAGN,0.03333333333333333
2022-11-25,Robotics & AI,ALLT,0.03333333333333333
2022-11-25,Robotics & AI,RCKY,0.03333333333333333
2022-11-25,Robotics & AI,USNA,0.03333333333333333
2022-11-25,Robotics & AI,MX,0.03333333333333333
2022-11-25,Robotics & AI,TIPT,0.03333333333333333
2022-11-25,Robotics & AI,TATT,0.03333333333333333
2022-11-25,Timber & Forestry,CMCO,0.03333333333333333
2022-11-25,Timber & Forestry,FRPH,0.03333333333333333
2022-11-25,Timber & Forestry,HURC,0.03333333333333333
2022-11-25,Timber & Forestry,EBF,0.03333333333333333
2022-11-25,Timber & Forestry,MEI,0.03333333333333333
2022-11-25,Timber & Forestry,NVEC,0.03333333333333333
2022-11-25,Timber & Forestry,FNRN,0.03333333333333333
2022-11-25,Timber & Forestry,EVO,0.03333333333333333
2022-11-25,Timber & Forestry,FXNC,0.03333333333333333
2022-11-25,Timber & Forestry,JOUT,0.03333333333333333
2022-11-25,Timber & Forestry,FCCO,0.03333333333333333
2022-11-25,Timber & Forestry,ALRS,0.03333333333333333
2022-11-25,Timber & Forestry,KFRC,0.03333333333333333
2022-11-25,Timber & Forestry,DSWL,0.03333333333333333
2022-11-25,Timber & Forestry,OEC,0.03333333333333333
2022-11-25,Timber & Forestry,HSTM,0.03333333333333333
2022-11-25,Timber & Forestry,MATV,0.03333333333333333
2022-11-25,Timber & Forestry,TRC,0.03333333333333333
2022-11-25,Timber & Forestry,HY,0.03333333333333333
2022-11-25,Timber & Forestry,MAGN,0.03333333333333333
2022-11-25,Timber & Forestry,RELL,0.03333333333333333
2022-11-25,Timber & Forestry,RDCM,0.03333333333333333
2022-11-25,Timber & Forestry,ALCO,0.03333333333333333
2022-11-25,Timber & Forestry,WTBA,0.03333333333333333
2022-11-25,Timber & Forestry,WEYS,0.03333333333333333
2022-11-25,Timber & Forestry,MHLA,0.03333333333333333
2022-11-25,Timber & Forestry,EML,0.03333333333333333
2022-11-25,Timber & Forestry,KE,0.03333333333333333
2022-11-25,Timber & Forestry,CLMB,0.03333333333333333
2022-11-25,Timber & Forestry,AVD,0.03333333333333333
2022-11-25,US Infrastructure,EBF,0.03333333333333333
2022-11-25,US Infrastructure,ATLO,0.03333333333333333
2022-11-25,US Infrastructure,HCKT,0.03333333333333333
2022-11-25,US Infrastructure,BBSI,0.03333333333333333
2022-11-25,US Infrastructure,HURC,0.03333333333333333
2022-11-25,US Infrastructure,DGICA,0.03333333333333333
2022-11-25,US Infrastructure,FRAF,0.03333333333333333
2022-11-25,US Infrastructure,RGCO,0.03333333333333333
2022-11-25,US Infrastructure,FRBA,0.03333333333333333
2022-11-25,US Infrastructure,TRST,0.03333333333333333
2022-11-25,US Infrastructure,MATV,0.03333333333333333
2022-11-25,US Infrastructure,KFRC,0.03333333333333333
2022-11-25,US Infrastructure,UTMD,0.03333333333333333
2022-11-25,US Infrastructure,NVEC,0.03333333333333333
2022-11-25,US Infrastructure,GLRE,0.03333333333333333
2022-11-25,US Infrastructure,FWRD,0.03333333333333333
2022-11-25,US Infrastructure,SILC,0.03333333333333333
2022-11-25,US Infrastructure,ERII,0.03333333333333333
2022-11-25,US Infrastructure,PKE,0.03333333333333333
2022-11-25,US Infrastructure,MHLA,0.03333333333333333
2022-11-25,US Infrastructure,BMRC,0.03333333333333333
2022-11-25,US Infrastructure,CTO,0.03333333333333333
2022-11-25,US Infrastructure,TRNS,0.03333333333333333
2022-11-25,US Infrastructure,FISI,0.03333333333333333
2022-11-25,US Infrastructure,AVD,0.03333333333333333
2022-11-25,US Infrastructure,NRIM,0.03333333333333333
2022-11-25,US Infrastructure,APOG,0.03333333333333333
2022-11-25,US Infrastructure,ULH,0.03333333333333333
2022-11-25,US Infrastructure,JMSB,0.03333333333333333
2022-11-25,US Infrastructure,BBDC,0.03333333333333333
2022-11-25,Water,NFBK,0.03333333333333333
2022-11-25,Water,PCYO,0.03333333333333333
2022-11-25,Water,MHNC,0.03333333333333333
2022-11-25,Water,TTEC,0.03333333333333333
2022-11-25,Water,BBSI,0.03333333333333333
2022-11-25,Water,NKSH,0.03333333333333333
2022-11-25,Water,RGCO,0.03333333333333333
2022-11-25,Water,HCKT,0.03333333333333333
2022-11-25,Water,FRBA,0.03333333333333333
2022-11-25,Water,TRST,0.03333333333333333
2022-11-25,Water,FWRD,0.03333333333333333
2022-11-25,Water,MATV,0.03333333333333333
2022-11-25,Water,UTMD,0.03333333333333333
2022-11-25,Water,PFIS,0.03333333333333333
2022-11-25,Water,GWRS,0.03333333333333333
2022-11-25,Water,OXM,0.03333333333333333
2022-11-25,Water,PBHC,0.03333333333333333
2022-11-25,Water,GLRE,0.03333333333333333
2022-11-25,Water,FNLC,0.03333333333333333
2022-11-25,Water,EVO,0.03333333333333333
2022-11-25,Water,ULH,0.03333333333333333
2022-11-25,Water,SHBI,0.03333333333333333
2022-11-25,Water,RVSB,0.03333333333333333
2022-11-25,Water,ARTNA,0.03333333333333333
2022-11-25,Water,WTBA,0.03333333333333333
2022-11-25,Water,SILC,0.03333333333333333
2022-11-25,Water,BPRN,0.03333333333333333
2022-11-25,Water,NRIM,0.03333333333333333
2022-11-25,Water,NWFL,0.03333333333333333
2022-11-25,Water,CTO,0.03333333333333333
2022-12-30,AI Infrastructure,BCAL,0.03333333333333333
2022-12-30,AI Infrastructure,GPJA,0.03333333333333333
2022-12-30,AI Infrastructure,VABK,0.03333333333333333
2022-12-30,AI Infrastructure,SILC,0.03333333333333333
2022-12-30,AI Infrastructure,CBNK,0.03333333333333333
2022-12-30,AI Infrastructure,HURC,0.03333333333333333
2022-12-30,AI Infrastructure,BOTJ,0.03333333333333333
2022-12-30,AI Infrastructure,CBAN,0.03333333333333333
2022-12-30,AI Infrastructure,FWRD,0.03333333333333333
2022-12-30,AI Infrastructure,RDCM,0.03333333333333333
2022-12-30,AI Infrastructure,GBLI,0.03333333333333333
2022-12-30,AI Infrastructure,MITK,0.03333333333333333
2022-12-30,AI Infrastructure,ULH,0.03333333333333333
2022-12-30,AI Infrastructure,TSBK,0.03333333333333333
2022-12-30,AI Infrastructure,JMSB,0.03333333333333333
2022-12-30,AI Infrastructure,TG,0.03333333333333333
2022-12-30,AI Infrastructure,WSBF,0.03333333333333333
2022-12-30,AI Infrastructure,ALLT,0.03333333333333333
2022-12-30,AI Infrastructure,PANL,0.03333333333333333
2022-12-30,AI Infrastructure,FBIZ,0.03333333333333333
2022-12-30,AI Infrastructure,PROV,0.03333333333333333
2022-12-30,AI Infrastructure,MX,0.03333333333333333
2022-12-30,AI Infrastructure,APOG,0.03333333333333333
2022-12-30,AI Infrastructure,ISBA,0.03333333333333333
2022-12-30,AI Infrastructure,MAGN,0.03333333333333333
2022-12-30,AI Infrastructure,RDVT,0.03333333333333333
2022-12-30,AI Infrastructure,RBB,0.03333333333333333
2022-12-30,AI Infrastructure,CTO,0.03333333333333333
2022-12-30,AI Infrastructure,FPH,0.03333333333333333
2022-12-30,AI Infrastructure,SSBI,0.03333333333333333
2022-12-30,Agribusiness,HURC,0.03333333333333333
2022-12-30,Agribusiness,FCCO,0.03333333333333333
2022-12-30,Agribusiness,HCKT,0.03333333333333333
2022-12-30,Agribusiness,FRBA,0.03333333333333333
2022-12-30,Agribusiness,WTBA,0.03333333333333333
2022-12-30,Agribusiness,AVD,0.03333333333333333
2022-12-30,Agribusiness,DSWL,0.03333333333333333
2022-12-30,Agribusiness,ALRS,0.03333333333333333
2022-12-30,Agribusiness,ANGO,0.03333333333333333
2022-12-30,Agribusiness,VLGEA,0.03333333333333333
2022-12-30,Agribusiness,ACNB,0.03333333333333333
2022-12-30,Agribusiness,CLMB,0.03333333333333333
2022-12-30,Agribusiness,OVBC,0.03333333333333333
2022-12-30,Agribusiness,MATV,0.03333333333333333
2022-12-30,Agribusiness,ERII,0.03333333333333333
2022-12-30,Agribusiness,OPBK,0.03333333333333333
2022-12-30,Agribusiness,FRD,0.03333333333333333
2022-12-30,Agribusiness,EVO,0.03333333333333333
2022-12-30,Agribusiness,ISBA,0.03333333333333333
2022-12-30,Agribusiness,MITK,0.03333333333333333
2022-12-30,Agribusiness,AMPH,0.03333333333333333
2022-12-30,Agribusiness,LAND,0.03333333333333333
2022-12-30,Agribusiness,FPI,0.03333333333333333
2022-12-30,Agribusiness,SHBI,0.03333333333333333
2022-12-30,Agribusiness,CSTE,0.03333333333333333
2022-12-30,Agribusiness,FUNC,0.03333333333333333
2022-12-30,Agribusiness,NC,0.03333333333333333
2022-12-30,Agribusiness,CTO,0.03333333333333333
2022-12-30,Agribusiness,NRIM,0.03333333333333333
2022-12-30,Agribusiness,HRTG,0.03333333333333333
2022-12-30,Clean Energy,VABK,0.03333333333333333
2022-12-30,Clean Energy,EBMT,0.03333333333333333
2022-12-30,Clean Energy,GBLI,0.03333333333333333
2022-12-30,Clean Energy,PBHC,0.03333333333333333
2022-12-30,Clean Energy,PPIH,0.03333333333333333
2022-12-30,Clean Energy,ANGO,0.03333333333333333
2022-12-30,Clean Energy,SILC,0.03333333333333333
2022-12-30,Clean Energy,PROV,0.03333333333333333
2022-12-30,Clean Energy,FXNC,0.03333333333333333
2022-12-30,Clean Energy,FBIZ,0.03333333333333333
2022-12-30,Clean Energy,CBAN,0.03333333333333333
2022-12-30,Clean Energy,MHNC,0.03333333333333333
2022-12-30,Clean Energy,PANL,0.03333333333333333
2022-12-30,Clean Energy,CBFV,0.03333333333333333
2022-12-30,Clean Energy,OXM,0.03333333333333333
2022-12-30,Clean Energy,MLAB,0.03333333333333333
2022-12-30,Clean Energy,GAIN,0.03333333333333333
2022-12-30,Clean Energy,RBB,0.03333333333333333
2022-12-30,Clean Energy,BBSI,0.03333333333333333
2022-12-30,Clean Energy,PDLB,0.03333333333333333
2022-12-30,Clean Energy,TAYD,0.03333333333333333
2022-12-30,Clean Energy,MBI,0.03333333333333333
2022-12-30,Clean Energy,LAND,0.03333333333333333
2022-12-30,Clean Energy,NECB,0.03333333333333333
2022-12-30,Clean Energy,RDVT,0.03333333333333333
2022-12-30,Clean Energy,EVO,0.03333333333333333
2022-12-30,Clean Energy,UEIC,0.03333333333333333
2022-12-30,Clean Energy,TSBK,0.03333333333333333
2022-12-30,Clean Energy,FEIM,0.03333333333333333
2022-12-30,Clean Energy,CSIQ,0.03333333333333333
2022-12-30,Critical Minerals,AVD,0.03333333333333333
2022-12-30,Critical Minerals,FCCO,0.03333333333333333
2022-12-30,Critical Minerals,LND,0.03333333333333333
2022-12-30,Critical Minerals,CLMB,0.03333333333333333
2022-12-30,Critical Minerals,PANL,0.03333333333333333
2022-12-30,Critical Minerals,ANGO,0.03333333333333333
2022-12-30,Critical Minerals,CHSCO,0.03333333333333333
2022-12-30,Critical Minerals,CSIQ,0.03333333333333333
2022-12-30,Critical Minerals,AMPH,0.03333333333333333
2022-12-30,Critical Minerals,MITK,0.03333333333333333
2022-12-30,Critical Minerals,FNWD,0.03333333333333333
2022-12-30,Critical Minerals,BVFL,0.03333333333333333
2022-12-30,Critical Minerals,CZNC,0.03333333333333333
2022-12-30,Critical Minerals,CHSCM,0.03333333333333333
2022-12-30,Critical Minerals,LSBK,0.03333333333333333
2022-12-30,Critical Minerals,FF,0.03333333333333333
2022-12-30,Critical Minerals,STRS,0.03333333333333333
2022-12-30,Critical Minerals,USNA,0.03333333333333333
2022-12-30,Critical Minerals,GHG,0.03333333333333333
2022-12-30,Critical Minerals,EML,0.03333333333333333
2022-12-30,Critical Minerals,TROX,0.03333333333333333
2022-12-30,Critical Minerals,TIPT,0.03333333333333333
2022-12-30,Critical Minerals,VIRC,0.03333333333333333
2022-12-30,Critical Minerals,LGO,0.03333333333333333
2022-12-30,Critical Minerals,BWEN,0.03333333333333333
2022-12-30,Critical Minerals,CXDO,0.03333333333333333
2022-12-30,Critical Minerals,VNDA,0.03333333333333333
2022-12-30,Critical Minerals,MTUS,0.03333333333333333
2022-12-30,Critical Minerals,MAKO,0.03333333333333333
2022-12-30,Critical Minerals,AEC,0.03333333333333333
2022-12-30,Cybersecurity,CBNK,0.03333333333333333
2022-12-30,Cybersecurity,EBF,0.03333333333333333
2022-12-30,Cybersecurity,WSBF,0.03333333333333333
2022-12-30,Cybersecurity,CBAN,0.03333333333333333
2022-12-30,Cybersecurity,TTEC,0.03333333333333333
2022-12-30,Cybersecurity,CFFI,0.03333333333333333
2022-12-30,Cybersecurity,RBB,0.03333333333333333
2022-12-30,Cybersecurity,FEIM,0.03333333333333333
2022-12-30,Cybersecurity,JOUT,0.03333333333333333
2022-12-30,Cybersecurity,HURC,0.03333333333333333
2022-12-30,Cybersecurity,CASS,0.03333333333333333
2022-12-30,Cybersecurity,FRAF,0.03333333333333333
2022-12-30,Cybersecurity,FMAO,0.03333333333333333
2022-12-30,Cybersecurity,HCKT,0.03333333333333333
2022-12-30,Cybersecurity,LARK,0.03333333333333333
2022-12-30,Cybersecurity,TRC,0.03333333333333333
2022-12-30,Cybersecurity,GSBC,0.03333333333333333
2022-12-30,Cybersecurity,CLMB,0.03333333333333333
2022-12-30,Cybersecurity,MITK,0.03333333333333333
2022-12-30,Cybersecurity,KRNY,0.03333333333333333
2022-12-30,Cybersecurity,AMPH,0.03333333333333333
2022-12-30,Cybersecurity,TG,0.03333333333333333
2022-12-30,Cybersecurity,THFF,0.03333333333333333
2022-12-30,Cybersecurity,WEYS,0.03333333333333333
2022-12-30,Cybersecurity,SPOK,0.03333333333333333
2022-12-30,Cybersecurity,OFLX,0.03333333333333333
2022-12-30,Cybersecurity,CSTE,0.03333333333333333
2022-12-30,Cybersecurity,MATV,0.03333333333333333
2022-12-30,Cybersecurity,FRST,0.03333333333333333
2022-12-30,Cybersecurity,JMSB,0.03333333333333333
2022-12-30,Defense,CBFV,0.03333333333333333
2022-12-30,Defense,FBIZ,0.03333333333333333
2022-12-30,Defense,GPJA,0.03333333333333333
2022-12-30,Defense,CASS,0.03333333333333333
2022-12-30,Defense,BBDC,0.03333333333333333
2022-12-30,Defense,OXM,0.03333333333333333
2022-12-30,Defense,DGICA,0.03333333333333333
2022-12-30,Defense,VABK,0.03333333333333333
2022-12-30,Defense,BCML,0.03333333333333333
2022-12-30,Defense,EBF,0.03333333333333333
2022-12-30,Defense,CBNK,0.03333333333333333
2022-12-30,Defense,CBAN,0.03333333333333333
2022-12-30,Defense,SGA,0.03333333333333333
2022-12-30,Defense,TAYD,0.03333333333333333
2022-12-30,Defense,LARK,0.03333333333333333
2022-12-30,Defense,TSBK,0.03333333333333333
2022-12-30,Defense,GLRE,0.03333333333333333
2022-12-30,Defense,MSBI,0.03333333333333333
2022-12-30,Defense,ARTNA,0.03333333333333333
2022-12-30,Defense,CTO,0.03333333333333333
2022-12-30,Defense,GHI,0.03333333333333333
2022-12-30,Defense,FPH,0.03333333333333333
2022-12-30,Defense,FUNC,0.03333333333333333
2022-12-30,Defense,NRC,0.03333333333333333
2022-12-30,Defense,LOAN,0.03333333333333333
2022-12-30,Defense,TRC,0.03333333333333333
2022-12-30,Defense,FEIM,0.03333333333333333
2022-12-30,Defense,ISBA,0.03333333333333333
2022-12-30,Defense,SCHL,0.03333333333333333
2022-12-30,Defense,UEIC,0.03333333333333333
2022-12-30,Fintech,MHNC,0.03333333333333333
2022-12-30,Fintech,GPJA,0.03333333333333333
2022-12-30,Fintech,CHSCM,0.03333333333333333
2022-12-30,Fintech,CFBK,0.03333333333333333
2022-12-30,Fintech,DSWL,0.03333333333333333
2022-12-30,Fintech,WILC,0.03333333333333333
2022-12-30,Fintech,FXNC,0.03333333333333333
2022-12-30,Fintech,ITIC,0.03333333333333333
2022-12-30,Fintech,FNWD,0.03333333333333333
2022-12-30,Fintech,CZWI,0.03333333333333333
2022-12-30,Fintech,CBFV,0.03333333333333333
2022-12-30,Fintech,CFFI,0.03333333333333333
2022-12-30,Fintech,MHLA,0.03333333333333333
2022-12-30,Fintech,BOTJ,0.03333333333333333
2022-12-30,Fintech,TTEC,0.03333333333333333
2022-12-30,Fintech,RBKB,0.03333333333333333
2022-12-30,Fintech,FUNC,0.03333333333333333
2022-12-30,Fintech,EPSN,0.03333333333333333
2022-12-30,Fintech,JOUT,0.03333333333333333
2022-12-30,Fintech,MRBK,0.03333333333333333
2022-12-30,Fintech,CLMB,0.03333333333333333
2022-12-30,Fintech,EVO,0.03333333333333333
2022-12-30,Fintech,FPH,0.03333333333333333
2022-12-30,Fintech,ISBA,0.03333333333333333
2022-12-30,Fintech,SSBI,0.03333333333333333
2022-12-30,Fintech,LOCO,0.03333333333333333
2022-12-30,Fintech,HELE,0.03333333333333333
2022-12-30,Fintech,NODK,0.03333333333333333
2022-12-30,Fintech,SFST,0.03333333333333333
2022-12-30,Fintech,LPRO,0.03333333333333333
2022-12-30,Robotics & AI,GPJA,0.03333333333333333
2022-12-30,Robotics & AI,MHNC,0.03333333333333333
2022-12-30,Robotics & AI,CMCO,0.03333333333333333
2022-12-30,Robotics & AI,NVEC,0.03333333333333333
2022-12-30,Robotics & AI,SILC,0.03333333333333333
2022-12-30,Robotics & AI,FWRD,0.03333333333333333
2022-12-30,Robotics & AI,MEI,0.03333333333333333
2022-12-30,Robotics & AI,GBLI,0.03333333333333333
2022-12-30,Robotics & AI,HURC,0.03333333333333333
2022-12-30,Robotics & AI,JOUT,0.03333333333333333
2022-12-30,Robotics & AI,ULH,0.03333333333333333
2022-12-30,Robotics & AI,TSBK,0.03333333333333333
2022-12-30,Robotics & AI,MITK,0.03333333333333333
2022-12-30,Robotics & AI,EVO,0.03333333333333333
2022-12-30,Robotics & AI,CLMB,0.03333333333333333
2022-12-30,Robotics & AI,WEYS,0.03333333333333333
2022-12-30,Robotics & AI,OEC,0.03333333333333333
2022-12-30,Robotics & AI,LEGH,0.03333333333333333
2022-12-30,Robotics & AI,ALLT,0.03333333333333333
2022-12-30,Robotics & AI,HY,0.03333333333333333
2022-12-30,Robotics & AI,JMSB,0.03333333333333333
2022-12-30,Robotics & AI,RCKY,0.03333333333333333
2022-12-30,Robotics & AI,GOOS,0.03333333333333333
2022-12-30,Robotics & AI,APOG,0.03333333333333333
2022-12-30,Robotics & AI,LPRO,0.03333333333333333
2022-12-30,Robotics & AI,HOFT,0.03333333333333333
2022-12-30,Robotics & AI,NAVI,0.03333333333333333
2022-12-30,Robotics & AI,MAGN,0.03333333333333333
2022-12-30,Robotics & AI,MX,0.03333333333333333
2022-12-30,Robotics & AI,FPH,0.03333333333333333
2022-12-30,Timber & Forestry,HURC,0.03333333333333333
2022-12-30,Timber & Forestry,MEI,0.03333333333333333
2022-12-30,Timber & Forestry,GBLI,0.03333333333333333
2022-12-30,Timber & Forestry,CHSCL,0.03333333333333333
2022-12-30,Timber & Forestry,CMCO,0.03333333333333333
2022-12-30,Timber & Forestry,JOUT,0.03333333333333333
2022-12-30,Timber & Forestry,NVEC,0.03333333333333333
2022-12-30,Timber & Forestry,FNRN,0.03333333333333333
2022-12-30,Timber & Forestry,EBF,0.03333333333333333
2022-12-30,Timber & Forestry,FXNC,0.03333333333333333
2022-12-30,Timber & Forestry,FCCO,0.03333333333333333
2022-12-30,Timber & Forestry,ALRS,0.03333333333333333
2022-12-30,Timber & Forestry,EVO,0.03333333333333333
2022-12-30,Timber & Forestry,OEC,0.03333333333333333
2022-12-30,Timber & Forestry,MATV,0.03333333333333333
2022-12-30,Timber & Forestry,RDCM,0.03333333333333333
2022-12-30,Timber & Forestry,HSTM,0.03333333333333333
2022-12-30,Timber & Forestry,WTBA,0.03333333333333333
2022-12-30,Timber & Forestry,RELL,0.03333333333333333
2022-12-30,Timber & Forestry,CLMB,0.03333333333333333
2022-12-30,Timber & Forestry,WEYS,0.03333333333333333
2022-12-30,Timber & Forestry,EML,0.03333333333333333
2022-12-30,Timber & Forestry,MHLA,0.03333333333333333
2022-12-30,Timber & Forestry,KE,0.03333333333333333
2022-12-30,Timber & Forestry,LEGH,0.03333333333333333
2022-12-30,Timber & Forestry,HY,0.03333333333333333
2022-12-30,Timber & Forestry,MAGN,0.03333333333333333
2022-12-30,Timber & Forestry,AVD,0.03333333333333333
2022-12-30,Timber & Forestry,WNC,0.03333333333333333
2022-12-30,Timber & Forestry,ALCO,0.03333333333333333
2022-12-30,US Infrastructure,EBF,0.03333333333333333
2022-12-30,US Infrastructure,ATLO,0.03333333333333333
2022-12-30,US Infrastructure,BBSI,0.03333333333333333
2022-12-30,US Infrastructure,HURC,0.03333333333333333
2022-12-30,US Infrastructure,HCKT,0.03333333333333333
2022-12-30,US Infrastructure,TTEC,0.03333333333333333
2022-12-30,US Infrastructure,DGICA,0.03333333333333333
2022-12-30,US Infrastructure,TRST,0.03333333333333333
2022-12-30,US Infrastructure,FRAF,0.03333333333333333
2022-12-30,US Infrastructure,UTMD,0.03333333333333333
2022-12-30,US Infrastructure,FRBA,0.03333333333333333
2022-12-30,US Infrastructure,RGCO,0.03333333333333333
2022-12-30,US Infrastructure,MATV,0.03333333333333333
2022-12-30,US Infrastructure,FWRD,0.03333333333333333
2022-12-30,US Infrastructure,OVBC,0.03333333333333333
2022-12-30,US Infrastructure,GLRE,0.03333333333333333
2022-12-30,US Infrastructure,SILC,0.03333333333333333
2022-12-30,US Infrastructure,MHLA,0.03333333333333333
2022-12-30,US Infrastructure,MITK,0.03333333333333333
2022-12-30,US Infrastructure,BMRC,0.03333333333333333
2022-12-30,US Infrastructure,ULH,0.03333333333333333
2022-12-30,US Infrastructure,CTO,0.03333333333333333
2022-12-30,US Infrastructure,FISI,0.03333333333333333
2022-12-30,US Infrastructure,ERII,0.03333333333333333
2022-12-30,US Infrastructure,EVO,0.03333333333333333
2022-12-30,US Infrastructure,FEIM,0.03333333333333333
2022-12-30,US Infrastructure,ISBA,0.03333333333333333
2022-12-30,US Infrastructure,BBDC,0.03333333333333333
2022-12-30,US Infrastructure,MEI,0.03333333333333333
2022-12-30,US Infrastructure,JMSB,0.03333333333333333
2022-12-30,Water,CHSCO,0.03333333333333333
2022-12-30,Water,GBLI,0.03333333333333333
2022-12-30,Water,CBNK,0.03333333333333333
2022-12-30,Water,NFBK,0.03333333333333333
2022-12-30,Water,TTEC,0.03333333333333333
2022-12-30,Water,MHNC,0.03333333333333333
2022-12-30,Water,FWRD,0.03333333333333333
2022-12-30,Water,UTMD,0.03333333333333333
2022-12-30,Water,CHSCN,0.03333333333333333
2022-12-30,Water,TRST,0.03333333333333333
2022-12-30,Water,HCKT,0.03333333333333333
2022-12-30,Water,BBSI,0.03333333333333333
2022-12-30,Water,RGCO,0.03333333333333333
2022-12-30,Water,EVO,0.03333333333333333
2022-12-30,Water,GWRS,0.03333333333333333
2022-12-30,Water,MATV,0.03333333333333333
2022-12-30,Water,ULH,0.03333333333333333
2022-12-30,Water,SILC,0.03333333333333333
2022-12-30,Water,WTBA,0.03333333333333333
2022-12-30,Water,MEI,0.03333333333333333
2022-12-30,Water,SHBI,0.03333333333333333
2022-12-30,Water,NRIM,0.03333333333333333
2022-12-30,Water,OVBC,0.03333333333333333
2022-12-30,Water,PPIH,0.03333333333333333
2022-12-30,Water,MLAB,0.03333333333333333
2022-12-30,Water,UEIC,0.03333333333333333
2022-12-30,Water,MITK,0.03333333333333333
2022-12-30,Water,ANGO,0.03333333333333333
2022-12-30,Water,OPBK,0.03333333333333333
2022-12-30,Water,CWCO,0.03333333333333333
2023-01-27,AI Infrastructure,BCAL,0.03333333333333333
2023-01-27,AI Infrastructure,GPJA,0.03333333333333333
2023-01-27,AI Infrastructure,NVEC,0.03333333333333333
2023-01-27,AI Infrastructure,VABK,0.03333333333333333
2023-01-27,AI Infrastructure,SILC,0.03333333333333333
2023-01-27,AI Infrastructure,FNWD,0.03333333333333333
2023-01-27,AI Infrastructure,FWRD,0.03333333333333333
2023-01-27,AI Infrastructure,GBLI,0.03333333333333333
2023-01-27,AI Infrastructure,RDCM,0.03333333333333333
2023-01-27,AI Infrastructure,MITK,0.03333333333333333
2023-01-27,AI Infrastructure,TG,0.03333333333333333
2023-01-27,AI Infrastructure,ALLT,0.03333333333333333
2023-01-27,AI Infrastructure,PANL,0.03333333333333333
2023-01-27,AI Infrastructure,MX,0.03333333333333333
2023-01-27,AI Infrastructure,RDVT,0.03333333333333333
2023-01-27,AI Infrastructure,SSBI,0.03333333333333333
2023-01-27,AI Infrastructure,CTO,0.03333333333333333
2023-01-27,AI Infrastructure,FPH,0.03333333333333333
2023-01-27,AI Infrastructure,DLHC,0.03333333333333333
2023-01-27,AI Infrastructure,MAGN,0.03333333333333333
2023-01-27,AI Infrastructure,OSG,0.03333333333333333
2023-01-27,AI Infrastructure,LOAN,0.03333333333333333
2023-01-27,AI Infrastructure,VREX,0.03333333333333333
2023-01-27,AI Infrastructure,MG,0.03333333333333333
2023-01-27,AI Infrastructure,FOCL,0.03333333333333333
2023-01-27,AI Infrastructure,SB,0.03333333333333333
2023-01-27,AI Infrastructure,ALOT,0.03333333333333333
2023-01-27,AI Infrastructure,DLNG,0.03333333333333333
2023-01-27,AI Infrastructure,DSX,0.03333333333333333
2023-01-27,AI Infrastructure,GASS,0.03333333333333333
2023-01-27,Agribusiness,HURC,0.03333333333333333
2023-01-27,Agribusiness,FCCO,0.03333333333333333
2023-01-27,Agribusiness,HCKT,0.03333333333333333
2023-01-27,Agribusiness,EPSN,0.03333333333333333
2023-01-27,Agribusiness,ALRS,0.03333333333333333
2023-01-27,Agribusiness,TTEC,0.03333333333333333
2023-01-27,Agribusiness,FRBA,0.03333333333333333
2023-01-27,Agribusiness,VLGEA,0.03333333333333333
2023-01-27,Agribusiness,AVD,0.03333333333333333
2023-01-27,Agribusiness,ACNB,0.03333333333333333
2023-01-27,Agribusiness,TG,0.03333333333333333
2023-01-27,Agribusiness,CLMB,0.03333333333333333
2023-01-27,Agribusiness,ERII,0.03333333333333333
2023-01-27,Agribusiness,OVBC,0.03333333333333333
2023-01-27,Agribusiness,MATV,0.03333333333333333
2023-01-27,Agribusiness,AMPH,0.03333333333333333
2023-01-27,Agribusiness,JOUT,0.03333333333333333
2023-01-27,Agribusiness,SPOK,0.03333333333333333
2023-01-27,Agribusiness,LAND,0.03333333333333333
2023-01-27,Agribusiness,FRD,0.03333333333333333
2023-01-27,Agribusiness,OPBK,0.03333333333333333
2023-01-27,Agribusiness,MITK,0.03333333333333333
2023-01-27,Agribusiness,SHBI,0.03333333333333333
2023-01-27,Agribusiness,JMSB,0.03333333333333333
2023-01-27,Agribusiness,AMSF,0.03333333333333333
2023-01-27,Agribusiness,FISI,0.03333333333333333
2023-01-27,Agribusiness,CSTE,0.03333333333333333
2023-01-27,Agribusiness,FPI,0.03333333333333333
2023-01-27,Agribusiness,CTO,0.03333333333333333
2023-01-27,Agribusiness,TBRG,0.03333333333333333
2023-01-27,Clean Energy,SILC,0.03333333333333333
2023-01-27,Clean Energy,PPIH,0.03333333333333333
2023-01-27,Clean Energy,PBHC,0.03333333333333333
2023-01-27,Clean Energy,VABK,0.03333333333333333
2023-01-27,Clean Energy,NKSH,0.03333333333333333
2023-01-27,Clean Energy,CBAN,0.03333333333333333
2023-01-27,Clean Energy,EBMT,0.03333333333333333
2023-01-27,Clean Energy,GBLI,0.03333333333333333
2023-01-27,Clean Energy,PANL,0.03333333333333333
2023-01-27,Clean Energy,PROV,0.03333333333333333
2023-01-27,Clean Energy,MHNC,0.03333333333333333
2023-01-27,Clean Energy,RBB,0.03333333333333333
2023-01-27,Clean Energy,ACTG,0.03333333333333333
2023-01-27,Clean Energy,RDVT,0.03333333333333333
2023-01-27,Clean Energy,OXM,0.03333333333333333
2023-01-27,Clean Energy,FWRD,0.03333333333333333
2023-01-27,Clean Energy,UTMD,0.03333333333333333
2023-01-27,Clean Energy,CSIQ,0.03333333333333333
2023-01-27,Clean Energy,WNEB,0.03333333333333333
2023-01-27,Clean Energy,BBSI,0.03333333333333333
2023-01-27,Clean Energy,TTEC,0.03333333333333333
2023-01-27,Clean Energy,MBI,0.03333333333333333
2023-01-27,Clean Energy,ULH,0.03333333333333333
2023-01-27,Clean Energy,CBFV,0.03333333333333333
2023-01-27,Clean Energy,RGCO,0.03333333333333333
2023-01-27,Clean Energy,GWRS,0.03333333333333333
2023-01-27,Clean Energy,MLAB,0.03333333333333333
2023-01-27,Clean Energy,DLHC,0.03333333333333333
2023-01-27,Clean Energy,KWY,0.03333333333333333
2023-01-27,Clean Energy,NECB,0.03333333333333333
2023-01-27,Critical Minerals,FRD,0.03333333333333333
2023-01-27,Critical Minerals,NVEC,0.03333333333333333
2023-01-27,Critical Minerals,CLMB,0.03333333333333333
2023-01-27,Critical Minerals,ALRS,0.03333333333333333
2023-01-27,Critical Minerals,AVD,0.03333333333333333
2023-01-27,Critical Minerals,PANL,0.03333333333333333
2023-01-27,Critical Minerals,LND,0.03333333333333333
2023-01-27,Critical Minerals,CHSCO,0.03333333333333333
2023-01-27,Critical Minerals,OEC,0.03333333333333333
2023-01-27,Critical Minerals,DSWL,0.03333333333333333
2023-01-27,Critical Minerals,ISBA,0.03333333333333333
2023-01-27,Critical Minerals,NC,0.03333333333333333
2023-01-27,Critical Minerals,FNWD,0.03333333333333333
2023-01-27,Critical Minerals,MITK,0.03333333333333333
2023-01-27,Critical Minerals,CSIQ,0.03333333333333333
2023-01-27,Critical Minerals,MEI,0.03333333333333333
2023-01-27,Critical Minerals,BBSI,0.03333333333333333
2023-01-27,Critical Minerals,LSBK,0.03333333333333333
2023-01-27,Critical Minerals,GRVY,0.03333333333333333
2023-01-27,Critical Minerals,CHSCM,0.03333333333333333
2023-01-27,Critical Minerals,USNA,0.03333333333333333
2023-01-27,Critical Minerals,STRS,0.03333333333333333
2023-01-27,Critical Minerals,LYTS,0.03333333333333333
2023-01-27,Critical Minerals,LGO,0.03333333333333333
2023-01-27,Critical Minerals,FF,0.03333333333333333
2023-01-27,Critical Minerals,COFS,0.03333333333333333
2023-01-27,Critical Minerals,HRTG,0.03333333333333333
2023-01-27,Critical Minerals,VIRC,0.03333333333333333
2023-01-27,Critical Minerals,HYFT,0.03333333333333333
2023-01-27,Critical Minerals,GHG,0.03333333333333333
2023-01-27,Cybersecurity,CBNK,0.03333333333333333
2023-01-27,Cybersecurity,CBAN,0.03333333333333333
2023-01-27,Cybersecurity,FEIM,0.03333333333333333
2023-01-27,Cybersecurity,JOUT,0.03333333333333333
2023-01-27,Cybersecurity,EBF,0.03333333333333333
2023-01-27,Cybersecurity,WSBF,0.03333333333333333
2023-01-27,Cybersecurity,FMAO,0.03333333333333333
2023-01-27,Cybersecurity,TTEC,0.03333333333333333
2023-01-27,Cybersecurity,RBB,0.03333333333333333
2023-01-27,Cybersecurity,CASS,0.03333333333333333
2023-01-27,Cybersecurity,CFFI,0.03333333333333333
2023-01-27,Cybersecurity,HCKT,0.03333333333333333
2023-01-27,Cybersecurity,LARK,0.03333333333333333
2023-01-27,Cybersecurity,TSBK,0.03333333333333333
2023-01-27,Cybersecurity,FRAF,0.03333333333333333
2023-01-27,Cybersecurity,SPOK,0.03333333333333333
2023-01-27,Cybersecurity,FRST,0.03333333333333333
2023-01-27,Cybersecurity,TG,0.03333333333333333
2023-01-27,Cybersecurity,MITK,0.03333333333333333
2023-01-27,Cybersecurity,KRNY,0.03333333333333333
2023-01-27,Cybersecurity,ARTNA,0.03333333333333333
2023-01-27,Cybersecurity,CCNE,0.03333333333333333
2023-01-27,Cybersecurity,WEYS,0.03333333333333333
2023-01-27,Cybersecurity,TAYD,0.03333333333333333
2023-01-27,Cybersecurity,BMRC,0.03333333333333333
2023-01-27,Cybersecurity,CIVB,0.03333333333333333
2023-01-27,Cybersecurity,FISI,0.03333333333333333
2023-01-27,Cybersecurity,JMSB,0.03333333333333333
2023-01-27,Cybersecurity,AMPH,0.03333333333333333
2023-01-27,Cybersecurity,BOC,0.03333333333333333
2023-01-27,Defense,FBIZ,0.03333333333333333
2023-01-27,Defense,CBFV,0.03333333333333333
2023-01-27,Defense,GPJA,0.03333333333333333
2023-01-27,Defense,CASS,0.03333333333333333
2023-01-27,Defense,DGICA,0.03333333333333333
2023-01-27,Defense,BBDC,0.03333333333333333
2023-01-27,Defense,CBNK,0.03333333333333333
2023-01-27,Defense,TAYD,0.03333333333333333
2023-01-27,Defense,FCCO,0.03333333333333333
2023-01-27,Defense,EBF,0.03333333333333333
2023-01-27,Defense,HCKT,0.03333333333333333
2023-01-27,Defense,VABK,0.03333333333333333
2023-01-27,Defense,OXM,0.03333333333333333
2023-01-27,Defense,WSBF,0.03333333333333333
2023-01-27,Defense,BCML,0.03333333333333333
2023-01-27,Defense,TSBK,0.03333333333333333
2023-01-27,Defense,LARK,0.03333333333333333
2023-01-27,Defense,FRST,0.03333333333333333
2023-01-27,Defense,GLRE,0.03333333333333333
2023-01-27,Defense,FISI,0.03333333333333333
2023-01-27,Defense,NRC,0.03333333333333333
2023-01-27,Defense,CTO,0.03333333333333333
2023-01-27,Defense,GHI,0.03333333333333333
2023-01-27,Defense,FRAF,0.03333333333333333
2023-01-27,Defense,NRIM,0.03333333333333333
2023-01-27,Defense,UEIC,0.03333333333333333
2023-01-27,Defense,PGC,0.03333333333333333
2023-01-27,Defense,FUNC,0.03333333333333333
2023-01-27,Defense,SGA,0.03333333333333333
2023-01-27,Defense,ARTNA,0.03333333333333333
2023-01-27,Fintech,MHNC,0.03333333333333333
2023-01-27,Fintech,GPJA,0.03333333333333333
2023-01-27,Fintech,GBLI,0.03333333333333333
2023-01-27,Fintech,FXNC,0.03333333333333333
2023-01-27,Fintech,ITIC,0.03333333333333333
2023-01-27,Fintech,CZWI,0.03333333333333333
2023-01-27,Fintech,DSWL,0.03333333333333333
2023-01-27,Fintech,WILC,0.03333333333333333
2023-01-27,Fintech,MHLA,0.03333333333333333
2023-01-27,Fintech,CBFV,0.03333333333333333
2023-01-27,Fintech,BBDC,0.03333333333333333
2023-01-27,Fintech,CFBK,0.03333333333333333
2023-01-27,Fintech,RBKB,0.03333333333333333
2023-01-27,Fintech,JOUT,0.03333333333333333
2023-01-27,Fintech,FUNC,0.03333333333333333
2023-01-27,Fintech,HELE,0.03333333333333333
2023-01-27,Fintech,FPH,0.03333333333333333
2023-01-27,Fintech,SSBI,0.03333333333333333
2023-01-27,Fintech,NODK,0.03333333333333333
2023-01-27,Fintech,HQI,0.03333333333333333
2023-01-27,Fintech,LOCO,0.03333333333333333
2023-01-27,Fintech,GILT,0.03333333333333333
2023-01-27,Fintech,PRAA,0.03333333333333333
2023-01-27,Fintech,RM,0.03333333333333333
2023-01-27,Fintech,RPAY,0.03333333333333333
2023-01-27,Fintech,ALOT,0.03333333333333333
2023-01-27,Fintech,KRNT,0.03333333333333333
2023-01-27,Fintech,SBFG,0.03333333333333333
2023-01-27,Fintech,LPRO,0.03333333333333333
2023-01-27,Fintech,CMTV,0.03333333333333333
2023-01-27,Robotics & AI,MHNC,0.03333333333333333
2023-01-27,Robotics & AI,CHSCL,0.03333333333333333
2023-01-27,Robotics & AI,GPJA,0.03333333333333333
2023-01-27,Robotics & AI,SILC,0.03333333333333333
2023-01-27,Robotics & AI,NVEC,0.03333333333333333
2023-01-27,Robotics & AI,GBLI,0.03333333333333333
2023-01-27,Robotics & AI,HURC,0.03333333333333333
2023-01-27,Robotics & AI,MEI,0.03333333333333333
2023-01-27,Robotics & AI,CMCO,0.03333333333333333
2023-01-27,Robotics & AI,JOUT,0.03333333333333333
2023-01-27,Robotics & AI,FWRD,0.03333333333333333
2023-01-27,Robotics & AI,ULH,0.03333333333333333
2023-01-27,Robotics & AI,TSBK,0.03333333333333333
2023-01-27,Robotics & AI,RDCM,0.03333333333333333
2023-01-27,Robotics & AI,CLMB,0.03333333333333333
2023-01-27,Robotics & AI,EVO,0.03333333333333333
2023-01-27,Robotics & AI,MHLA,0.03333333333333333
2023-01-27,Robotics & AI,MITK,0.03333333333333333
2023-01-27,Robotics & AI,OEC,0.03333333333333333
2023-01-27,Robotics & AI,WEYS,0.03333333333333333
2023-01-27,Robotics & AI,TG,0.03333333333333333
2023-01-27,Robotics & AI,LEGH,0.03333333333333333
2023-01-27,Robotics & AI,HY,0.03333333333333333
2023-01-27,Robotics & AI,MATV,0.03333333333333333
2023-01-27,Robotics & AI,GOOS,0.03333333333333333
2023-01-27,Robotics & AI,XRX,0.03333333333333333
2023-01-27,Robotics & AI,MX,0.03333333333333333
2023-01-27,Robotics & AI,HOFT,0.03333333333333333
2023-01-27,Robotics & AI,APOG,0.03333333333333333
2023-01-27,Robotics & AI,ALLT,0.03333333333333333
2023-01-27,Timber & Forestry,HURC,0.03333333333333333
2023-01-27,Timber & Forestry,GBLI,0.03333333333333333
2023-01-27,Timber & Forestry,MEI,0.03333333333333333
2023-01-27,Timber & Forestry,JOUT,0.03333333333333333
2023-01-27,Timber & Forestry,CMCO,0.03333333333333333
2023-01-27,Timber & Forestry,FNRN,0.03333333333333333
2023-01-27,Timber & Forestry,NVEC,0.03333333333333333
2023-01-27,Timber & Forestry,FXNC,0.03333333333333333
2023-01-27,Timber & Forestry,EBF,0.03333333333333333
2023-01-27,Timber & Forestry,EVO,0.03333333333333333
2023-01-27,Timber & Forestry,FCCO,0.03333333333333333
2023-01-27,Timber & Forestry,ALRS,0.03333333333333333
2023-01-27,Timber & Forestry,DGICA,0.03333333333333333
2023-01-27,Timber & Forestry,HWBK,0.03333333333333333
2023-01-27,Timber & Forestry,MATV,0.03333333333333333
2023-01-27,Timber & Forestry,SILC,0.03333333333333333
2023-01-27,Timber & Forestry,OEC,0.03333333333333333
2023-01-27,Timber & Forestry,CLMB,0.03333333333333333
2023-01-27,Timber & Forestry,RDCM,0.03333333333333333
2023-01-27,Timber & Forestry,HSTM,0.03333333333333333
2023-01-27,Timber & Forestry,MHLA,0.03333333333333333
2023-01-27,Timber & Forestry,KE,0.03333333333333333
2023-01-27,Timber & Forestry,FNLC,0.03333333333333333
2023-01-27,Timber & Forestry,ALCO,0.03333333333333333
2023-01-27,Timber & Forestry,WEYS,0.03333333333333333
2023-01-27,Timber & Forestry,CCOI,0.03333333333333333
2023-01-27,Timber & Forestry,WNC,0.03333333333333333
2023-01-27,Timber & Forestry,RELL,0.03333333333333333
2023-01-27,Timber & Forestry,AVD,0.03333333333333333
2023-01-27,Timber & Forestry,KMDA,0.03333333333333333
2023-01-27,US Infrastructure,EBF,0.03333333333333333
2023-01-27,US Infrastructure,BBSI,0.03333333333333333
2023-01-27,US Infrastructure,HURC,0.03333333333333333
2023-01-27,US Infrastructure,DGICA,0.03333333333333333
2023-01-27,US Infrastructure,HCKT,0.03333333333333333
2023-01-27,US Infrastructure,RGCO,0.03333333333333333
2023-01-27,US Infrastructure,TRST,0.03333333333333333
2023-01-27,US Infrastructure,GLRE,0.03333333333333333
2023-01-27,US Infrastructure,KFRC,0.03333333333333333
2023-01-27,US Infrastructure,NVEC,0.03333333333333333
2023-01-27,US Infrastructure,MATV,0.03333333333333333
2023-01-27,US Infrastructure,TRC,0.03333333333333333
2023-01-27,US Infrastructure,FRBA,0.03333333333333333
2023-01-27,US Infrastructure,FRAF,0.03333333333333333
2023-01-27,US Infrastructure,FWRD,0.03333333333333333
2023-01-27,US Infrastructure,OVBC,0.03333333333333333
2023-01-27,US Infrastructure,HSTM,0.03333333333333333
2023-01-27,US Infrastructure,WTBA,0.03333333333333333
2023-01-27,US Infrastructure,MHLA,0.03333333333333333
2023-01-27,US Infrastructure,SILC,0.03333333333333333
2023-01-27,US Infrastructure,BMRC,0.03333333333333333
2023-01-27,US Infrastructure,AVD,0.03333333333333333
2023-01-27,US Infrastructure,CTO,0.03333333333333333
2023-01-27,US Infrastructure,MITK,0.03333333333333333
2023-01-27,US Infrastructure,MEI,0.03333333333333333
2023-01-27,US Infrastructure,FISI,0.03333333333333333
2023-01-27,US Infrastructure,ERII,0.03333333333333333
2023-01-27,US Infrastructure,VLGEA,0.03333333333333333
2023-01-27,US Infrastructure,EVO,0.03333333333333333
2023-01-27,US Infrastructure,ULH,0.03333333333333333
2023-01-27,Water,CHSCO,0.03333333333333333
2023-01-27,Water,GBLI,0.03333333333333333
2023-01-27,Water,CBNK,0.03333333333333333
2023-01-27,Water,NFBK,0.03333333333333333
2023-01-27,Water,TTEC,0.03333333333333333
2023-01-27,Water,EBF,0.03333333333333333
2023-01-27,Water,NKSH,0.03333333333333333
2023-01-27,Water,HCKT,0.03333333333333333
2023-01-27,Water,WSBF,0.03333333333333333
2023-01-27,Water,FWRD,0.03333333333333333
2023-01-27,Water,TRST,0.03333333333333333
2023-01-27,Water,MHNC,0.03333333333333333
2023-01-27,Water,RGCO,0.03333333333333333
2023-01-27,Water,MATV,0.03333333333333333
2023-01-27,Water,UTMD,0.03333333333333333
2023-01-27,Water,BBSI,0.03333333333333333
2023-01-27,Water,GLRE,0.03333333333333333
2023-01-27,Water,GWRS,0.03333333333333333
2023-01-27,Water,ARTNA,0.03333333333333333
2023-01-27,Water,FNLC,0.03333333333333333
2023-01-27,Water,GSBC,0.03333333333333333
2023-01-27,Water,EVO,0.03333333333333333
2023-01-27,Water,RBB,0.03333333333333333
2023-01-27,Water,THFF,0.03333333333333333
2023-01-27,Water,FMNB,0.03333333333333333
2023-01-27,Water,CIVB,0.03333333333333333
2023-01-27,Water,SILC,0.03333333333333333
2023-01-27,Water,WTBA,0.03333333333333333
2023-01-27,Water,ULH,0.03333333333333333
2023-01-27,Water,FMAO,0.03333333333333333
2023-02-24,AI Infrastructure,GPJA,0.03333333333333333
2023-02-24,AI Infrastructure,CBAN,0.03333333333333333
2023-02-24,AI Infrastructure,SILC,0.03333333333333333
2023-02-24,AI Infrastructure,CBNK,0.03333333333333333
2023-02-24,AI Infrastructure,TSBK,0.03333333333333333
2023-02-24,AI Infrastructure,TG,0.03333333333333333
2023-02-24,AI Infrastructure,AIRG,0.03333333333333333
2023-02-24,AI Infrastructure,MITK,0.03333333333333333
2023-02-24,AI Infrastructure,RDVT,0.03333333333333333
2023-02-24,AI Infrastructure,JMSB,0.03333333333333333
2023-02-24,AI Infrastructure,FMAO,0.03333333333333333
2023-02-24,AI Infrastructure,MX,0.03333333333333333
2023-02-24,AI Infrastructure,OFIX,0.03333333333333333
2023-02-24,AI Infrastructure,SSBI,0.03333333333333333
2023-02-24,AI Infrastructure,VREX,0.03333333333333333
2023-02-24,AI Infrastructure,ALLT,0.03333333333333333
2023-02-24,AI Infrastructure,MBI,0.03333333333333333
2023-02-24,AI Infrastructure,PDLB,0.03333333333333333
2023-02-24,AI Infrastructure,FEIM,0.03333333333333333
2023-02-24,AI Infrastructure,OSG,0.03333333333333333
2023-02-24,AI Infrastructure,SSTK,0.03333333333333333
2023-02-24,AI Infrastructure,MAGN,0.03333333333333333
2023-02-24,AI Infrastructure,DLHC,0.03333333333333333
2023-02-24,AI Infrastructure,SB,0.03333333333333333
2023-02-24,AI Infrastructure,FOCL,0.03333333333333333
2023-02-24,AI Infrastructure,CSIQ,0.03333333333333333
2023-02-24,AI Infrastructure,EAF,0.03333333333333333
2023-02-24,AI Infrastructure,INVE,0.03333333333333333
2023-02-24,AI Infrastructure,ALOT,0.03333333333333333
2023-02-24,AI Infrastructure,ASYS,0.03333333333333333
2023-02-24,Agribusiness,FCCO,0.03333333333333333
2023-02-24,Agribusiness,HCKT,0.03333333333333333
2023-02-24,Agribusiness,ALRS,0.03333333333333333
2023-02-24,Agribusiness,BBSI,0.03333333333333333
2023-02-24,Agribusiness,FRBA,0.03333333333333333
2023-02-24,Agribusiness,EPSN,0.03333333333333333
2023-02-24,Agribusiness,LARK,0.03333333333333333
2023-02-24,Agribusiness,FRAF,0.03333333333333333
2023-02-24,Agribusiness,AVD,0.03333333333333333
2023-02-24,Agribusiness,VLGEA,0.03333333333333333
2023-02-24,Agribusiness,ACNB,0.03333333333333333
2023-02-24,Agribusiness,TTEC,0.03333333333333333
2023-02-24,Agribusiness,WTBA,0.03333333333333333
2023-02-24,Agribusiness,TG,0.03333333333333333
2023-02-24,Agribusiness,AMPH,0.03333333333333333
2023-02-24,Agribusiness,ERII,0.03333333333333333
2023-02-24,Agribusiness,RBB,0.03333333333333333
2023-02-24,Agribusiness,CLMB,0.03333333333333333
2023-02-24,Agribusiness,WNEB,0.03333333333333333
2023-02-24,Agribusiness,OVBC,0.03333333333333333
2023-02-24,Agribusiness,ISBA,0.03333333333333333
2023-02-24,Agribusiness,SPOK,0.03333333333333333
2023-02-24,Agribusiness,OPBK,0.03333333333333333
2023-02-24,Agribusiness,LAND,0.03333333333333333
2023-02-24,Agribusiness,NC,0.03333333333333333
2023-02-24,Agribusiness,FUNC,0.03333333333333333
2023-02-24,Agribusiness,MITK,0.03333333333333333
2023-02-24,Agribusiness,SHBI,0.03333333333333333
2023-02-24,Agribusiness,JMSB,0.03333333333333333
2023-02-24,Agribusiness,PKE,0.03333333333333333
2023-02-24,Clean Energy,EBMT,0.03333333333333333
2023-02-24,Clean Energy,PPIH,0.03333333333333333
2023-02-24,Clean Energy,PROV,0.03333333333333333
2023-02-24,Clean Energy,PBHC,0.03333333333333333
2023-02-24,Clean Energy,VABK,0.03333333333333333
2023-02-24,Clean Energy,WNEB,0.03333333333333333
2023-02-24,Clean Energy,PCB,0.03333333333333333
2023-02-24,Clean Energy,GBLI,0.03333333333333333
2023-02-24,Clean Energy,SILC,0.03333333333333333
2023-02-24,Clean Energy,RBB,0.03333333333333333
2023-02-24,Clean Energy,ACTG,0.03333333333333333
2023-02-24,Clean Energy,OXM,0.03333333333333333
2023-02-24,Clean Energy,PFIS,0.03333333333333333
2023-02-24,Clean Energy,RDVT,0.03333333333333333
2023-02-24,Clean Energy,GWRS,0.03333333333333333
2023-02-24,Clean Energy,LAND,0.03333333333333333
2023-02-24,Clean Energy,MBI,0.03333333333333333
2023-02-24,Clean Energy,PANL,0.03333333333333333
2023-02-24,Clean Energy,CBFV,0.03333333333333333
2023-02-24,Clean Energy,PDLB,0.03333333333333333
2023-02-24,Clean Energy,MNSB,0.03333333333333333
2023-02-24,Clean Energy,NECB,0.03333333333333333
2023-02-24,Clean Energy,BVFL,0.03333333333333333
2023-02-24,Clean Energy,OPBK,0.03333333333333333
2023-02-24,Clean Energy,KWY,0.03333333333333333
2023-02-24,Clean Energy,QNST,0.03333333333333333
2023-02-24,Clean Energy,FVCB,0.03333333333333333
2023-02-24,Clean Energy,CSIQ,0.03333333333333333
2023-02-24,Clean Energy,ACNB,0.03333333333333333
2023-02-24,Clean Energy,GAIN,0.03333333333333333
2023-02-24,Critical Minerals,CLMB,0.03333333333333333
2023-02-24,Critical Minerals,CSIQ,0.03333333333333333
2023-02-24,Critical Minerals,CHSCO,0.03333333333333333
2023-02-24,Critical Minerals,LND,0.03333333333333333
2023-02-24,Critical Minerals,AVD,0.03333333333333333
2023-02-24,Critical Minerals,GRVY,0.03333333333333333
2023-02-24,Critical Minerals,ICCC,0.03333333333333333
2023-02-24,Critical Minerals,MITK,0.03333333333333333
2023-02-24,Critical Minerals,GPRO,0.03333333333333333
2023-02-24,Critical Minerals,HRTG,0.03333333333333333
2023-02-24,Critical Minerals,STRS,0.03333333333333333
2023-02-24,Critical Minerals,LGO,0.03333333333333333
2023-02-24,Critical Minerals,FF,0.03333333333333333
2023-02-24,Critical Minerals,VIRC,0.03333333333333333
2023-02-24,Critical Minerals,RCKY,0.03333333333333333
2023-02-24,Critical Minerals,GHG,0.03333333333333333
2023-02-24,Critical Minerals,VHI,0.03333333333333333
2023-02-24,Critical Minerals,MTUS,0.03333333333333333
2023-02-24,Critical Minerals,CRESY,0.03333333333333333
2023-02-24,Critical Minerals,BSIN,0.03333333333333333
2023-02-24,Critical Minerals,CLNE,0.03333333333333333
2023-02-24,Critical Minerals,CXDO,0.03333333333333333
2023-02-24,Critical Minerals,SUPV,0.03333333333333333
2023-02-24,Critical Minerals,ONCY,0.03333333333333333
2023-02-24,Critical Minerals,METC,0.03333333333333333
2023-02-24,Critical Minerals,MAKO,0.03333333333333333
2023-02-24,Critical Minerals,RIGL,0.03333333333333333
2023-02-24,Critical Minerals,MVST,0.03333333333333333
2023-02-24,Critical Minerals,PACK,0.03333333333333333
2023-02-24,Critical Minerals,TENX,0.03333333333333333
2023-02-24,Cybersecurity,CBNK,0.03333333333333333
2023-02-24,Cybersecurity,CBAN,0.03333333333333333
2023-02-24,Cybersecurity,FEIM,0.03333333333333333
2023-02-24,Cybersecurity,EBF,0.03333333333333333
2023-02-24,Cybersecurity,FMAO,0.03333333333333333
2023-02-24,Cybersecurity,WSBF,0.03333333333333333
2023-02-24,Cybersecurity,CASS,0.03333333333333333
2023-02-24,Cybersecurity,TTEC,0.03333333333333333
2023-02-24,Cybersecurity,CFFI,0.03333333333333333
2023-02-24,Cybersecurity,JOUT,0.03333333333333333
2023-02-24,Cybersecurity,RBB,0.03333333333333333
2023-02-24,Cybersecurity,HCKT,0.03333333333333333
2023-02-24,Cybersecurity,LARK,0.03333333333333333
2023-02-24,Cybersecurity,FRAF,0.03333333333333333
2023-02-24,Cybersecurity,TG,0.03333333333333333
2023-02-24,Cybersecurity,TSBK,0.03333333333333333
2023-02-24,Cybersecurity,VLGEA,0.03333333333333333
2023-02-24,Cybersecurity,TAYD,0.03333333333333333
2023-02-24,Cybersecurity,HWBK,0.03333333333333333
2023-02-24,Cybersecurity,MITK,0.03333333333333333
2023-02-24,Cybersecurity,JMSB,0.03333333333333333
2023-02-24,Cybersecurity,SPOK,0.03333333333333333
2023-02-24,Cybersecurity,CIVB,0.03333333333333333
2023-02-24,Cybersecurity,ARTNA,0.03333333333333333
2023-02-24,Cybersecurity,CCNE,0.03333333333333333
2023-02-24,Cybersecurity,AMPH,0.03333333333333333
2023-02-24,Cybersecurity,CSTE,0.03333333333333333
2023-02-24,Cybersecurity,KVHI,0.03333333333333333
2023-02-24,Cybersecurity,WEYS,0.03333333333333333
2023-02-24,Cybersecurity,FRST,0.03333333333333333
2023-02-24,Defense,FBIZ,0.03333333333333333
2023-02-24,Defense,GPJA,0.03333333333333333
2023-02-24,Defense,DGICA,0.03333333333333333
2023-02-24,Defense,BBDC,0.03333333333333333
2023-02-24,Defense,CBFV,0.03333333333333333
2023-02-24,Defense,CASS,0.03333333333333333
2023-02-24,Defense,EBF,0.03333333333333333
2023-02-24,Defense,CBNK,0.03333333333333333
2023-02-24,Defense,OXM,0.03333333333333333
2023-02-24,Defense,TAYD,0.03333333333333333
2023-02-24,Defense,BCML,0.03333333333333333
2023-02-24,Defense,TSBK,0.03333333333333333
2023-02-24,Defense,PCYO,0.03333333333333333
2023-02-24,Defense,GLRE,0.03333333333333333
2023-02-24,Defense,LARK,0.03333333333333333
2023-02-24,Defense,SGA,0.03333333333333333
2023-02-24,Defense,CTO,0.03333333333333333
2023-02-24,Defense,NRC,0.03333333333333333
2023-02-24,Defense,ARTNA,0.03333333333333333
2023-02-24,Defense,GHI,0.03333333333333333
2023-02-24,Defense,TRC,0.03333333333333333
2023-02-24,Defense,HWBK,0.03333333333333333
2023-02-24,Defense,CIVB,0.03333333333333333
2023-02-24,Defense,NAVI,0.03333333333333333
2023-02-24,Defense,APOG,0.03333333333333333
2023-02-24,Defense,HSTM,0.03333333333333333
2023-02-24,Defense,PKBK,0.03333333333333333
2023-02-24,Defense,FUNC,0.03333333333333333
2023-02-24,Defense,HURC,0.03333333333333333
2023-02-24,Defense,NVEC,0.03333333333333333
2023-02-24,Fintech,MHNC,0.03333333333333333
2023-02-24,Fintech,BCAL,0.03333333333333333
2023-02-24,Fintech,GPJA,0.03333333333333333
2023-02-24,Fintech,DSWL,0.03333333333333333
2023-02-24,Fintech,CHSCM,0.03333333333333333
2023-02-24,Fintech,FXNC,0.03333333333333333
2023-02-24,Fintech,CBAN,0.03333333333333333
2023-02-24,Fintech,WILC,0.03333333333333333
2023-02-24,Fintech,CFBK,0.03333333333333333
2023-02-24,Fintech,FNWD,0.03333333333333333
2023-02-24,Fintech,MHLA,0.03333333333333333
2023-02-24,Fintech,CBFV,0.03333333333333333
2023-02-24,Fintech,CZWI,0.03333333333333333
2023-02-24,Fintech,BOTJ,0.03333333333333333
2023-02-24,Fintech,RBKB,0.03333333333333333
2023-02-24,Fintech,TTEC,0.03333333333333333
2023-02-24,Fintech,FUNC,0.03333333333333333
2023-02-24,Fintech,EPSN,0.03333333333333333
2023-02-24,Fintech,JOUT,0.03333333333333333
2023-02-24,Fintech,RDCM,0.03333333333333333
2023-02-24,Fintech,SMBK,0.03333333333333333
2023-02-24,Fintech,SSBI,0.03333333333333333
2023-02-24,Fintech,XRX,0.03333333333333333
2023-02-24,Fintech,MATV,0.03333333333333333
2023-02-24,Fintech,FPH,0.03333333333333333
2023-02-24,Fintech,HELE,0.03333333333333333
2023-02-24,Fintech,HQI,0.03333333333333333
2023-02-24,Fintech,LOCO,0.03333333333333333
2023-02-24,Fintech,ISBA,0.03333333333333333
2023-02-24,Fintech,NODK,0.03333333333333333
2023-02-24,Robotics & AI,GPJA,0.03333333333333333
2023-02-24,Robotics & AI,MHNC,0.03333333333333333
2023-02-24,Robotics & AI,GBLI,0.03333333333333333
2023-02-24,Robotics & AI,NVEC,0.03333333333333333
2023-02-24,Robotics & AI,HURC,0.03333333333333333
2023-02-24,Robotics & AI,SILC,0.03333333333333333
2023-02-24,Robotics & AI,JOUT,0.03333333333333333
2023-02-24,Robotics & AI,CMCO,0.03333333333333333
2023-02-24,Robotics & AI,MEI,0.03333333333333333
2023-02-24,Robotics & AI,TSBK,0.03333333333333333
2023-02-24,Robotics & AI,FWRD,0.03333333333333333
2023-02-24,Robotics & AI,EVO,0.03333333333333333
2023-02-24,Robotics & AI,CLMB,0.03333333333333333
2023-02-24,Robotics & AI,RDCM,0.03333333333333333
2023-02-24,Robotics & AI,TG,0.03333333333333333
2023-02-24,Robotics & AI,AIRG,0.03333333333333333
2023-02-24,Robotics & AI,PROV,0.03333333333333333
2023-02-24,Robotics & AI,MHLA,0.03333333333333333
2023-02-24,Robotics & AI,GOOS,0.03333333333333333
2023-02-24,Robotics & AI,MITK,0.03333333333333333
2023-02-24,Robotics & AI,LEGH,0.03333333333333333
2023-02-24,Robotics & AI,OEC,0.03333333333333333
2023-02-24,Robotics & AI,HY,0.03333333333333333
2023-02-24,Robotics & AI,HOFT,0.03333333333333333
2023-02-24,Robotics & AI,NECB,0.03333333333333333
2023-02-24,Robotics & AI,JMSB,0.03333333333333333
2023-02-24,Robotics & AI,XRX,0.03333333333333333
2023-02-24,Robotics & AI,MX,0.03333333333333333
2023-02-24,Robotics & AI,CSTE,0.03333333333333333
2023-02-24,Robotics & AI,ALLT,0.03333333333333333
2023-02-24,Timber & Forestry,HURC,0.03333333333333333
2023-02-24,Timber & Forestry,CMCO,0.03333333333333333
2023-02-24,Timber & Forestry,JOUT,0.03333333333333333
2023-02-24,Timber & Forestry,FNRN,0.03333333333333333
2023-02-24,Timber & Forestry,MEI,0.03333333333333333
2023-02-24,Timber & Forestry,EBF,0.03333333333333333
2023-02-24,Timber & Forestry,FWRD,0.03333333333333333
2023-02-24,Timber & Forestry,EVO,0.03333333333333333
2023-02-24,Timber & Forestry,PCYO,0.03333333333333333
2023-02-24,Timber & Forestry,ALRS,0.03333333333333333
2023-02-24,Timber & Forestry,KFRC,0.03333333333333333
2023-02-24,Timber & Forestry,DJCO,0.03333333333333333
2023-02-24,Timber & Forestry,MATV,0.03333333333333333
2023-02-24,Timber & Forestry,KE,0.03333333333333333
2023-02-24,Timber & Forestry,OEC,0.03333333333333333
2023-02-24,Timber & Forestry,KMDA,0.03333333333333333
2023-02-24,Timber & Forestry,FNLC,0.03333333333333333
2023-02-24,Timber & Forestry,CLMB,0.03333333333333333
2023-02-24,Timber & Forestry,WNC,0.03333333333333333
2023-02-24,Timber & Forestry,TRNS,0.03333333333333333
2023-02-24,Timber & Forestry,RELL,0.03333333333333333
2023-02-24,Timber & Forestry,ALCO,0.03333333333333333
2023-02-24,Timber & Forestry,CSTE,0.03333333333333333
2023-02-24,Timber & Forestry,KVHI,0.03333333333333333
2023-02-24,Timber & Forestry,HSTM,0.03333333333333333
2023-02-24,Timber & Forestry,EML,0.03333333333333333
2023-02-24,Timber & Forestry,AVD,0.03333333333333333
2023-02-24,Timber & Forestry,CCOI,0.03333333333333333
2023-02-24,Timber & Forestry,HY,0.03333333333333333
2023-02-24,Timber & Forestry,KRO,0.03333333333333333
2023-02-24,US Infrastructure,EBF,0.03333333333333333
2023-02-24,US Infrastructure,CBNK,0.03333333333333333
2023-02-24,US Infrastructure,HURC,0.03333333333333333
2023-02-24,US Infrastructure,HCKT,0.03333333333333333
2023-02-24,US Infrastructure,KFRC,0.03333333333333333
2023-02-24,US Infrastructure,GLRE,0.03333333333333333
2023-02-24,US Infrastructure,TRC,0.03333333333333333
2023-02-24,US Infrastructure,RGCO,0.03333333333333333
2023-02-24,US Infrastructure,FRAF,0.03333333333333333
2023-02-24,US Infrastructure,NVEC,0.03333333333333333
2023-02-24,US Infrastructure,FWRD,0.03333333333333333
2023-02-24,US Infrastructure,MATV,0.03333333333333333
2023-02-24,US Infrastructure,AVD,0.03333333333333333
2023-02-24,US Infrastructure,HSTM,0.03333333333333333
2023-02-24,US Infrastructure,EVO,0.03333333333333333
2023-02-24,US Infrastructure,VLGEA,0.03333333333333333
2023-02-24,US Infrastructure,ERII,0.03333333333333333
2023-02-24,US Infrastructure,TG,0.03333333333333333
2023-02-24,US Infrastructure,OVBC,0.03333333333333333
2023-02-24,US Infrastructure,MEI,0.03333333333333333
2023-02-24,US Infrastructure,SILC,0.03333333333333333
2023-02-24,US Infrastructure,ARTNA,0.03333333333333333
2023-02-24,US Infrastructure,TRNS,0.03333333333333333
2023-02-24,US Infrastructure,CTO,0.03333333333333333
2023-02-24,US Infrastructure,AMSF,0.03333333333333333
2023-02-24,US Infrastructure,BBDC,0.03333333333333333
2023-02-24,US Infrastructure,SPOK,0.03333333333333333
2023-02-24,US Infrastructure,WEYS,0.03333333333333333
2023-02-24,US Infrastructure,APOG,0.03333333333333333
2023-02-24,US Infrastructure,TBRG,0.03333333333333333
2023-02-24,Water,EBF,0.03333333333333333
2023-02-24,Water,GBLI,0.03333333333333333
2023-02-24,Water,NFBK,0.03333333333333333
2023-02-24,Water,FWRD,0.03333333333333333
2023-02-24,Water,RGCO,0.03333333333333333
2023-02-24,Water,UTMD,0.03333333333333333
2023-02-24,Water,HURC,0.03333333333333333
2023-02-24,Water,BBSI,0.03333333333333333
2023-02-24,Water,TTEC,0.03333333333333333
2023-02-24,Water,MHNC,0.03333333333333333
2023-02-24,Water,HCKT,0.03333333333333333
2023-02-24,Water,MATV,0.03333333333333333
2023-02-24,Water,TRST,0.03333333333333333
2023-02-24,Water,FNLC,0.03333333333333333
2023-02-24,Water,GWRS,0.03333333333333333
2023-02-24,Water,WTBA,0.03333333333333333
2023-02-24,Water,GLRE,0.03333333333333333
2023-02-24,Water,ARTNA,0.03333333333333333
2023-02-24,Water,EVO,0.03333333333333333
2023-02-24,Water,HWBK,0.03333333333333333
2023-02-24,Water,MEI,0.03333333333333333
2023-02-24,Water,TRNS,0.03333333333333333
2023-02-24,Water,CIVB,0.03333333333333333
2023-02-24,Water,AVD,0.03333333333333333
2023-02-24,Water,EIG,0.03333333333333333
2023-02-24,Water,CCOI,0.03333333333333333
2023-02-24,Water,NRIM,0.03333333333333333
2023-02-24,Water,AMSF,0.03333333333333333
2023-02-24,Water,OPBK,0.03333333333333333
2023-02-24,Water,OVBC,0.03333333333333333
2023-03-31,AI Infrastructure,GPJA,0.03333333333333333
2023-03-31,AI Infrastructure,HURC,0.03333333333333333
2023-03-31,AI Infrastructure,FNRN,0.03333333333333333
2023-03-31,AI Infrastructure,CFBK,0.03333333333333333
2023-03-31,AI Infrastructure,GBLI,0.03333333333333333
2023-03-31,AI Infrastructure,BOTJ,0.03333333333333333
2023-03-31,AI Infrastructure,SILC,0.03333333333333333
2023-03-31,AI Infrastructure,TSBK,0.03333333333333333
2023-03-31,AI Infrastructure,TG,0.03333333333333333
2023-03-31,AI Infrastructure,PROV,0.03333333333333333
2023-03-31,AI Infrastructure,WNC,0.03333333333333333
2023-03-31,AI Infrastructure,WSBF,0.03333333333333333
2023-03-31,AI Infrastructure,AIRG,0.03333333333333333
2023-03-31,AI Infrastructure,RDVT,0.03333333333333333
2023-03-31,AI Infrastructure,FMAO,0.03333333333333333
2023-03-31,AI Infrastructure,MX,0.03333333333333333
2023-03-31,AI Infrastructure,FWDI,0.03333333333333333
2023-03-31,AI Infrastructure,JMSB,0.03333333333333333
2023-03-31,AI Infrastructure,DLHC,0.03333333333333333
2023-03-31,AI Infrastructure,VREX,0.03333333333333333
2023-03-31,AI Infrastructure,SSBI,0.03333333333333333
2023-03-31,AI Infrastructure,BRID,0.03333333333333333
2023-03-31,AI Infrastructure,TATT,0.03333333333333333
2023-03-31,AI Infrastructure,SSTK,0.03333333333333333
2023-03-31,AI Infrastructure,OSG,0.03333333333333333
2023-03-31,AI Infrastructure,GPRO,0.03333333333333333
2023-03-31,AI Infrastructure,SB,0.03333333333333333
2023-03-31,AI Infrastructure,INVE,0.03333333333333333
2023-03-31,AI Infrastructure,MAGN,0.03333333333333333
2023-03-31,AI Infrastructure,FOCL,0.03333333333333333
2023-03-31,Agribusiness,FRPH,0.03333333333333333
2023-03-31,Agribusiness,EBF,0.03333333333333333
2023-03-31,Agribusiness,HURC,0.03333333333333333
2023-03-31,Agribusiness,FCCO,0.03333333333333333
2023-03-31,Agribusiness,HCKT,0.03333333333333333
2023-03-31,Agribusiness,WTBA,0.03333333333333333
2023-03-31,Agribusiness,EPSN,0.03333333333333333
2023-03-31,Agribusiness,VLGEA,0.03333333333333333
2023-03-31,Agribusiness,ALRS,0.03333333333333333
2023-03-31,Agribusiness,FRBA,0.03333333333333333
2023-03-31,Agribusiness,ACNB,0.03333333333333333
2023-03-31,Agribusiness,TRNS,0.03333333333333333
2023-03-31,Agribusiness,AVD,0.03333333333333333
2023-03-31,Agribusiness,TG,0.03333333333333333
2023-03-31,Agribusiness,OVBC,0.03333333333333333
2023-03-31,Agribusiness,ERII,0.03333333333333333
2023-03-31,Agribusiness,CLMB,0.03333333333333333
2023-03-31,Agribusiness,OPBK,0.03333333333333333
2023-03-31,Agribusiness,ISBA,0.03333333333333333
2023-03-31,Agribusiness,ALCO,0.03333333333333333
2023-03-31,Agribusiness,ANGO,0.03333333333333333
2023-03-31,Agribusiness,TITN,0.03333333333333333
2023-03-31,Agribusiness,SILC,0.03333333333333333
2023-03-31,Agribusiness,MATV,0.03333333333333333
2023-03-31,Agribusiness,AMPH,0.03333333333333333
2023-03-31,Agribusiness,LAND,0.03333333333333333
2023-03-31,Agribusiness,MITK,0.03333333333333333
2023-03-31,Agribusiness,AMSF,0.03333333333333333
2023-03-31,Agribusiness,SHBI,0.03333333333333333
2023-03-31,Agribusiness,NRIM,0.03333333333333333
2023-03-31,Clean Energy,PPIH,0.03333333333333333
2023-03-31,Clean Energy,PROV,0.03333333333333333
2023-03-31,Clean Energy,GBLI,0.03333333333333333
2023-03-31,Clean Energy,SILC,0.03333333333333333
2023-03-31,Clean Energy,EBMT,0.03333333333333333
2023-03-31,Clean Energy,RBB,0.03333333333333333
2023-03-31,Clean Energy,CBAN,0.03333333333333333
2023-03-31,Clean Energy,WNEB,0.03333333333333333
2023-03-31,Clean Energy,PBHC,0.03333333333333333
2023-03-31,Clean Energy,OXM,0.03333333333333333
2023-03-31,Clean Energy,DLHC,0.03333333333333333
2023-03-31,Clean Energy,RDVT,0.03333333333333333
2023-03-31,Clean Energy,ANGO,0.03333333333333333
2023-03-31,Clean Energy,CBFV,0.03333333333333333
2023-03-31,Clean Energy,GWRS,0.03333333333333333
2023-03-31,Clean Energy,FEIM,0.03333333333333333
2023-03-31,Clean Energy,WSBF,0.03333333333333333
2023-03-31,Clean Energy,PDLB,0.03333333333333333
2023-03-31,Clean Energy,CSIQ,0.03333333333333333
2023-03-31,Clean Energy,EVO,0.03333333333333333
2023-03-31,Clean Energy,NECB,0.03333333333333333
2023-03-31,Clean Energy,ACTG,0.03333333333333333
2023-03-31,Clean Energy,MLAB,0.03333333333333333
2023-03-31,Clean Energy,KWY,0.03333333333333333
2023-03-31,Clean Energy,PANL,0.03333333333333333
2023-03-31,Clean Energy,CZWI,0.03333333333333333
2023-03-31,Clean Energy,LPRO,0.03333333333333333
2023-03-31,Clean Energy,OPBK,0.03333333333333333
2023-03-31,Clean Energy,NC,0.03333333333333333
2023-03-31,Clean Energy,OFLX,0.03333333333333333
2023-03-31,Critical Minerals,CLMB,0.03333333333333333
2023-03-31,Critical Minerals,AVD,0.03333333333333333
2023-03-31,Critical Minerals,CSIQ,0.03333333333333333
2023-03-31,Critical Minerals,SILC,0.03333333333333333
2023-03-31,Critical Minerals,FF,0.03333333333333333
2023-03-31,Critical Minerals,OEC,0.03333333333333333
2023-03-31,Critical Minerals,DJCO,0.03333333333333333
2023-03-31,Critical Minerals,MITK,0.03333333333333333
2023-03-31,Critical Minerals,MEI,0.03333333333333333
2023-03-31,Critical Minerals,KRO,0.03333333333333333
2023-03-31,Critical Minerals,JKS,0.03333333333333333
2023-03-31,Critical Minerals,USNA,0.03333333333333333
2023-03-31,Critical Minerals,LND,0.03333333333333333
2023-03-31,Critical Minerals,GHG,0.03333333333333333
2023-03-31,Critical Minerals,LGO,0.03333333333333333
2023-03-31,Critical Minerals,BSIN,0.03333333333333333
2023-03-31,Critical Minerals,RCKY,0.03333333333333333
2023-03-31,Critical Minerals,TROX,0.03333333333333333
2023-03-31,Critical Minerals,MAKO,0.03333333333333333
2023-03-31,Critical Minerals,MTUS,0.03333333333333333
2023-03-31,Critical Minerals,CRESY,0.03333333333333333
2023-03-31,Critical Minerals,JAKK,0.03333333333333333
2023-03-31,Critical Minerals,TBCH,0.03333333333333333
2023-03-31,Critical Minerals,ASA,0.03333333333333333
2023-03-31,Critical Minerals,DQ,0.03333333333333333
2023-03-31,Critical Minerals,AEC,0.03333333333333333
2023-03-31,Critical Minerals,BAK,0.03333333333333333
2023-03-31,Critical Minerals,MVST,0.03333333333333333
2023-03-31,Critical Minerals,ACB,0.03333333333333333
2023-03-31,Critical Minerals,EDRY,0.03333333333333333
2023-03-31,Cybersecurity,CBNK,0.03333333333333333
2023-03-31,Cybersecurity,FRPH,0.03333333333333333
2023-03-31,Cybersecurity,EBF,0.03333333333333333
2023-03-31,Cybersecurity,EBMT,0.03333333333333333
2023-03-31,Cybersecurity,CBAN,0.03333333333333333
2023-03-31,Cybersecurity,JOUT,0.03333333333333333
2023-03-31,Cybersecurity,WSBF,0.03333333333333333
2023-03-31,Cybersecurity,TTEC,0.03333333333333333
2023-03-31,Cybersecurity,FEIM,0.03333333333333333
2023-03-31,Cybersecurity,CASS,0.03333333333333333
2023-03-31,Cybersecurity,HURC,0.03333333333333333
2023-03-31,Cybersecurity,CFFI,0.03333333333333333
2023-03-31,Cybersecurity,FMAO,0.03333333333333333
2023-03-31,Cybersecurity,LARK,0.03333333333333333
2023-03-31,Cybersecurity,RBB,0.03333333333333333
2023-03-31,Cybersecurity,HCKT,0.03333333333333333
2023-03-31,Cybersecurity,CBFV,0.03333333333333333
2023-03-31,Cybersecurity,TSBK,0.03333333333333333
2023-03-31,Cybersecurity,HWBK,0.03333333333333333
2023-03-31,Cybersecurity,TG,0.03333333333333333
2023-03-31,Cybersecurity,DGICA,0.03333333333333333
2023-03-31,Cybersecurity,FRAF,0.03333333333333333
2023-03-31,Cybersecurity,TAYD,0.03333333333333333
2023-03-31,Cybersecurity,CIVB,0.03333333333333333
2023-03-31,Cybersecurity,MITK,0.03333333333333333
2023-03-31,Cybersecurity,FRST,0.03333333333333333
2023-03-31,Cybersecurity,KRNY,0.03333333333333333
2023-03-31,Cybersecurity,CCNE,0.03333333333333333
2023-03-31,Cybersecurity,BRID,0.03333333333333333
2023-03-31,Cybersecurity,ULBI,0.03333333333333333
2023-03-31,Defense,GPJA,0.03333333333333333
2023-03-31,Defense,DGICA,0.03333333333333333
2023-03-31,Defense,CBFV,0.03333333333333333
2023-03-31,Defense,CASS,0.03333333333333333
2023-03-31,Defense,FBIZ,0.03333333333333333
2023-03-31,Defense,CBNK,0.03333333333333333
2023-03-31,Defense,BBSI,0.03333333333333333
2023-03-31,Defense,EBF,0.03333333333333333
2023-03-31,Defense,WSBF,0.03333333333333333
2023-03-31,Defense,FCCO,0.03333333333333333
2023-03-31,Defense,TAYD,0.03333333333333333
2023-03-31,Defense,HCKT,0.03333333333333333
2023-03-31,Defense,TSBK,0.03333333333333333
2023-03-31,Defense,FRPH,0.03333333333333333
2023-03-31,Defense,TTEC,0.03333333333333333
2023-03-31,Defense,FISI,0.03333333333333333
2023-03-31,Defense,NRIM,0.03333333333333333
2023-03-31,Defense,BBDC,0.03333333333333333
2023-03-31,Defense,TRST,0.03333333333333333
2023-03-31,Defense,LARK,0.03333333333333333
2023-03-31,Defense,CBAN,0.03333333333333333
2023-03-31,Defense,FRST,0.03333333333333333
2023-03-31,Defense,APOG,0.03333333333333333
2023-03-31,Defense,CTO,0.03333333333333333
2023-03-31,Defense,MHLA,0.03333333333333333
2023-03-31,Defense,OVBC,0.03333333333333333
2023-03-31,Defense,NRC,0.03333333333333333
2023-03-31,Defense,GLRE,0.03333333333333333
2023-03-31,Defense,FEIM,0.03333333333333333
2023-03-31,Defense,MITK,0.03333333333333333
2023-03-31,Fintech,BCAL,0.03333333333333333
2023-03-31,Fintech,GPJA,0.03333333333333333
2023-03-31,Fintech,VABK,0.03333333333333333
2023-03-31,Fintech,FNRN,0.03333333333333333
2023-03-31,Fintech,GBLI,0.03333333333333333
2023-03-31,Fintech,MHNC,0.03333333333333333
2023-03-31,Fintech,CBAN,0.03333333333333333
2023-03-31,Fintech,DSWL,0.03333333333333333
2023-03-31,Fintech,CBFV,0.03333333333333333
2023-03-31,Fintech,MHLA,0.03333333333333333
2023-03-31,Fintech,BOTJ,0.03333333333333333
2023-03-31,Fintech,FXNC,0.03333333333333333
2023-03-31,Fintech,FNWD,0.03333333333333333
2023-03-31,Fintech,CZFS,0.03333333333333333
2023-03-31,Fintech,FRST,0.03333333333333333
2023-03-31,Fintech,MVBF,0.03333333333333333
2023-03-31,Fintech,JOUT,0.03333333333333333
2023-03-31,Fintech,CZWI,0.03333333333333333
2023-03-31,Fintech,RBKB,0.03333333333333333
2023-03-31,Fintech,TTEC,0.03333333333333333
2023-03-31,Fintech,MRBK,0.03333333333333333
2023-03-31,Fintech,SMBK,0.03333333333333333
2023-03-31,Fintech,ASRV,0.03333333333333333
2023-03-31,Fintech,EML,0.03333333333333333
2023-03-31,Fintech,FUNC,0.03333333333333333
2023-03-31,Fintech,MITK,0.03333333333333333
2023-03-31,Fintech,XRX,0.03333333333333333
2023-03-31,Fintech,SSBI,0.03333333333333333
2023-03-31,Fintech,MATV,0.03333333333333333
2023-03-31,Fintech,GILT,0.03333333333333333
2023-03-31,Robotics & AI,GPJA,0.03333333333333333
2023-03-31,Robotics & AI,MHNC,0.03333333333333333
2023-03-31,Robotics & AI,GBLI,0.03333333333333333
2023-03-31,Robotics & AI,JOUT,0.03333333333333333
2023-03-31,Robotics & AI,FWRD,0.03333333333333333
2023-03-31,Robotics & AI,HURC,0.03333333333333333
2023-03-31,Robotics & AI,NVEC,0.03333333333333333
2023-03-31,Robotics & AI,TITN,0.03333333333333333
2023-03-31,Robotics & AI,CMCO,0.03333333333333333
2023-03-31,Robotics & AI,SILC,0.03333333333333333
2023-03-31,Robotics & AI,MEI,0.03333333333333333
2023-03-31,Robotics & AI,TSBK,0.03333333333333333
2023-03-31,Robotics & AI,TG,0.03333333333333333
2023-03-31,Robotics & AI,EVO,0.03333333333333333
2023-03-31,Robotics & AI,CBNK,0.03333333333333333
2023-03-31,Robotics & AI,HY,0.03333333333333333
2023-03-31,Robotics & AI,MITK,0.03333333333333333
2023-03-31,Robotics & AI,GOOS,0.03333333333333333
2023-03-31,Robotics & AI,MHLA,0.03333333333333333
2023-03-31,Robotics & AI,TTEC,0.03333333333333333
2023-03-31,Robotics & AI,OEC,0.03333333333333333
2023-03-31,Robotics & AI,AIRG,0.03333333333333333
2023-03-31,Robotics & AI,FEIM,0.03333333333333333
2023-03-31,Robotics & AI,HOFT,0.03333333333333333
2023-03-31,Robotics & AI,MATV,0.03333333333333333
2023-03-31,Robotics & AI,XRX,0.03333333333333333
2023-03-31,Robotics & AI,NECB,0.03333333333333333
2023-03-31,Robotics & AI,NAVI,0.03333333333333333
2023-03-31,Robotics & AI,LPRO,0.03333333333333333
2023-03-31,Robotics & AI,MX,0.03333333333333333
2023-03-31,Timber & Forestry,MEI,0.03333333333333333
2023-03-31,Timber & Forestry,JOUT,0.03333333333333333
2023-03-31,Timber & Forestry,HURC,0.03333333333333333
2023-03-31,Timber & Forestry,GPJA,0.03333333333333333
2023-03-31,Timber & Forestry,FWRD,0.03333333333333333
2023-03-31,Timber & Forestry,GBLI,0.03333333333333333
2023-03-31,Timber & Forestry,CMCO,0.03333333333333333
2023-03-31,Timber & Forestry,TITN,0.03333333333333333
2023-03-31,Timber & Forestry,FRPH,0.03333333333333333
2023-03-31,Timber & Forestry,MHNC,0.03333333333333333
2023-03-31,Timber & Forestry,NVEC,0.03333333333333333
2023-03-31,Timber & Forestry,ALRS,0.03333333333333333
2023-03-31,Timber & Forestry,EVO,0.03333333333333333
2023-03-31,Timber & Forestry,KFRC,0.03333333333333333
2023-03-31,Timber & Forestry,DGICA,0.03333333333333333
2023-03-31,Timber & Forestry,TG,0.03333333333333333
2023-03-31,Timber & Forestry,MATV,0.03333333333333333
2023-03-31,Timber & Forestry,DJCO,0.03333333333333333
2023-03-31,Timber & Forestry,EML,0.03333333333333333
2023-03-31,Timber & Forestry,KE,0.03333333333333333
2023-03-31,Timber & Forestry,OEC,0.03333333333333333
2023-03-31,Timber & Forestry,TRNS,0.03333333333333333
2023-03-31,Timber & Forestry,MHLA,0.03333333333333333
2023-03-31,Timber & Forestry,CLMB,0.03333333333333333
2023-03-31,Timber & Forestry,LEGH,0.03333333333333333
2023-03-31,Timber & Forestry,RELL,0.03333333333333333
2023-03-31,Timber & Forestry,WNC,0.03333333333333333
2023-03-31,Timber & Forestry,HY,0.03333333333333333
2023-03-31,Timber & Forestry,KMDA,0.03333333333333333
2023-03-31,Timber & Forestry,CSTE,0.03333333333333333
2023-03-31,US Infrastructure,EBF,0.03333333333333333
2023-03-31,US Infrastructure,BBSI,0.03333333333333333
2023-03-31,US Infrastructure,GBLI,0.03333333333333333
2023-03-31,US Infrastructure,CBNK,0.03333333333333333
2023-03-31,US Infrastructure,HURC,0.03333333333333333
2023-03-31,US Infrastructure,HCKT,0.03333333333333333
2023-03-31,US Infrastructure,KFRC,0.03333333333333333
2023-03-31,US Infrastructure,DGICA,0.03333333333333333
2023-03-31,US Infrastructure,RGCO,0.03333333333333333
2023-03-31,US Infrastructure,WSBF,0.03333333333333333
2023-03-31,US Infrastructure,TTEC,0.03333333333333333
2023-03-31,US Infrastructure,WTBA,0.03333333333333333
2023-03-31,US Infrastructure,TRST,0.03333333333333333
2023-03-31,US Infrastructure,FWRD,0.03333333333333333
2023-03-31,US Infrastructure,OVBC,0.03333333333333333
2023-03-31,US Infrastructure,GLRE,0.03333333333333333
2023-03-31,US Infrastructure,FRAF,0.03333333333333333
2023-03-31,US Infrastructure,HSTM,0.03333333333333333
2023-03-31,US Infrastructure,MITK,0.03333333333333333
2023-03-31,US Infrastructure,ERII,0.03333333333333333
2023-03-31,US Infrastructure,FNLC,0.03333333333333333
2023-03-31,US Infrastructure,MATV,0.03333333333333333
2023-03-31,US Infrastructure,TRNS,0.03333333333333333
2023-03-31,US Infrastructure,BMRC,0.03333333333333333
2023-03-31,US Infrastructure,MHLA,0.03333333333333333
2023-03-31,US Infrastructure,VLGEA,0.03333333333333333
2023-03-31,US Infrastructure,NRIM,0.03333333333333333
2023-03-31,US Infrastructure,FISI,0.03333333333333333
2023-03-31,US Infrastructure,OPBK,0.03333333333333333
2023-03-31,US Infrastructure,CTO,0.03333333333333333
2023-03-31,Water,CHSCO,0.03333333333333333
2023-03-31,Water,GBLI,0.03333333333333333
2023-03-31,Water,CBNK,0.03333333333333333
2023-03-31,Water,NFBK,0.03333333333333333
2023-03-31,Water,HCKT,0.03333333333333333
2023-03-31,Water,FWRD,0.03333333333333333
2023-03-31,Water,UTMD,0.03333333333333333
2023-03-31,Water,RGCO,0.03333333333333333
2023-03-31,Water,FNLC,0.03333333333333333
2023-03-31,Water,TTEC,0.03333333333333333
2023-03-31,Water,TRST,0.03333333333333333
2023-03-31,Water,TRNS,0.03333333333333333
2023-03-31,Water,WTBA,0.03333333333333333
2023-03-31,Water,GWRS,0.03333333333333333
2023-03-31,Water,MEI,0.03333333333333333
2023-03-31,Water,MATV,0.03333333333333333
2023-03-31,Water,MHNC,0.03333333333333333
2023-03-31,Water,EVO,0.03333333333333333
2023-03-31,Water,WNEB,0.03333333333333333
2023-03-31,Water,VLGEA,0.03333333333333333
2023-03-31,Water,NRIM,0.03333333333333333
2023-03-31,Water,NVEC,0.03333333333333333
2023-03-31,Water,OPBK,0.03333333333333333
2023-03-31,Water,CCOI,0.03333333333333333
2023-03-31,Water,MLAB,0.03333333333333333
2023-03-31,Water,EIG,0.03333333333333333
2023-03-31,Water,GAIN,0.03333333333333333
2023-03-31,Water,BPRN,0.03333333333333333
2023-03-31,Water,SHBI,0.03333333333333333
2023-03-31,Water,AMSF,0.03333333333333333
2023-04-28,AI Infrastructure,NVEC,0.03333333333333333
2023-04-28,AI Infrastructure,GPJA,0.03333333333333333
2023-04-28,AI Infrastructure,TSBK,0.03333333333333333
2023-04-28,AI Infrastructure,HURC,0.03333333333333333
2023-04-28,AI Infrastructure,CFBK,0.03333333333333333
2023-04-28,AI Infrastructure,SILC,0.03333333333333333
2023-04-28,AI Infrastructure,TG,0.03333333333333333
2023-04-28,AI Infrastructure,MITK,0.03333333333333333
2023-04-28,AI Infrastructure,BOTJ,0.03333333333333333
2023-04-28,AI Infrastructure,DLHC,0.03333333333333333
2023-04-28,AI Infrastructure,WSBF,0.03333333333333333
2023-04-28,AI Infrastructure,RDVT,0.03333333333333333
2023-04-28,AI Infrastructure,APOG,0.03333333333333333
2023-04-28,AI Infrastructure,HY,0.03333333333333333
2023-04-28,AI Infrastructure,JMSB,0.03333333333333333
2023-04-28,AI Infrastructure,VREX,0.03333333333333333
2023-04-28,AI Infrastructure,MX,0.03333333333333333
2023-04-28,AI Infrastructure,CMTL,0.03333333333333333
2023-04-28,AI Infrastructure,FMAO,0.03333333333333333
2023-04-28,AI Infrastructure,SSBI,0.03333333333333333
2023-04-28,AI Infrastructure,INVE,0.03333333333333333
2023-04-28,AI Infrastructure,RELL,0.03333333333333333
2023-04-28,AI Infrastructure,ALLT,0.03333333333333333
2023-04-28,AI Infrastructure,FWDI,0.03333333333333333
2023-04-28,AI Infrastructure,OSG,0.03333333333333333
2023-04-28,AI Infrastructure,CSIQ,0.03333333333333333
2023-04-28,AI Infrastructure,SB,0.03333333333333333
2023-04-28,AI Infrastructure,PKBK,0.03333333333333333
2023-04-28,AI Infrastructure,LOAN,0.03333333333333333
2023-04-28,AI Infrastructure,GILT,0.03333333333333333
2023-04-28,Agribusiness,FRPH,0.03333333333333333
2023-04-28,Agribusiness,EBF,0.03333333333333333
2023-04-28,Agribusiness,HCKT,0.03333333333333333
2023-04-28,Agribusiness,HURC,0.03333333333333333
2023-04-28,Agribusiness,DSWL,0.03333333333333333
2023-04-28,Agribusiness,VLGEA,0.03333333333333333
2023-04-28,Agribusiness,WTBA,0.03333333333333333
2023-04-28,Agribusiness,EPSN,0.03333333333333333
2023-04-28,Agribusiness,GLRE,0.03333333333333333
2023-04-28,Agribusiness,TRNS,0.03333333333333333
2023-04-28,Agribusiness,ALRS,0.03333333333333333
2023-04-28,Agribusiness,IIIN,0.03333333333333333
2023-04-28,Agribusiness,ACNB,0.03333333333333333
2023-04-28,Agribusiness,OPBK,0.03333333333333333
2023-04-28,Agribusiness,AVD,0.03333333333333333
2023-04-28,Agribusiness,ERII,0.03333333333333333
2023-04-28,Agribusiness,CLMB,0.03333333333333333
2023-04-28,Agribusiness,ISBA,0.03333333333333333
2023-04-28,Agribusiness,MATV,0.03333333333333333
2023-04-28,Agribusiness,ALCO,0.03333333333333333
2023-04-28,Agribusiness,OVBC,0.03333333333333333
2023-04-28,Agribusiness,SPOK,0.03333333333333333
2023-04-28,Agribusiness,LAND,0.03333333333333333
2023-04-28,Agribusiness,MHLA,0.03333333333333333
2023-04-28,Agribusiness,LEGH,0.03333333333333333
2023-04-28,Agribusiness,NRIM,0.03333333333333333
2023-04-28,Agribusiness,CTO,0.03333333333333333
2023-04-28,Agribusiness,AMSF,0.03333333333333333
2023-04-28,Agribusiness,NC,0.03333333333333333
2023-04-28,Agribusiness,FRD,0.03333333333333333
2023-04-28,Clean Energy,NKSH,0.03333333333333333
2023-04-28,Clean Energy,GBLI,0.03333333333333333
2023-04-28,Clean Energy,CBAN,0.03333333333333333
2023-04-28,Clean Energy,PBHC,0.03333333333333333
2023-04-28,Clean Energy,ANGO,0.03333333333333333
2023-04-28,Clean Energy,PROV,0.03333333333333333
2023-04-28,Clean Energy,WSBF,0.03333333333333333
2023-04-28,Clean Energy,RBB,0.03333333333333333
2023-04-28,Clean Energy,GWRS,0.03333333333333333
2023-04-28,Clean Energy,FEIM,0.03333333333333333
2023-04-28,Clean Energy,SILC,0.03333333333333333
2023-04-28,Clean Energy,PPIH,0.03333333333333333
2023-04-28,Clean Energy,WNEB,0.03333333333333333
2023-04-28,Clean Energy,PANL,0.03333333333333333
2023-04-28,Clean Energy,MITK,0.03333333333333333
2023-04-28,Clean Energy,OPBK,0.03333333333333333
2023-04-28,Clean Energy,KWY,0.03333333333333333
2023-04-28,Clean Energy,MLAB,0.03333333333333333
2023-04-28,Clean Energy,NECB,0.03333333333333333
2023-04-28,Clean Energy,NC,0.03333333333333333
2023-04-28,Clean Energy,RDVT,0.03333333333333333
2023-04-28,Clean Energy,DLHC,0.03333333333333333
2023-04-28,Clean Energy,LCNB,0.03333333333333333
2023-04-28,Clean Energy,CZWI,0.03333333333333333
2023-04-28,Clean Energy,FPH,0.03333333333333333
2023-04-28,Clean Energy,CSIQ,0.03333333333333333
2023-04-28,Clean Energy,PDLB,0.03333333333333333
2023-04-28,Clean Energy,STRS,0.03333333333333333
2023-04-28,Clean Energy,ACTG,0.03333333333333333
2023-04-28,Clean Energy,HRTG,0.03333333333333333
2023-04-28,Critical Minerals,AVD,0.03333333333333333
2023-04-28,Critical Minerals,CLMB,0.03333333333333333
2023-04-28,Critical Minerals,FRPH,0.03333333333333333
2023-04-28,Critical Minerals,HCKT,0.03333333333333333
2023-04-28,Critical Minerals,CSIQ,0.03333333333333333
2023-04-28,Critical Minerals,SILC,0.03333333333333333
2023-04-28,Critical Minerals,MITK,0.03333333333333333
2023-04-28,Critical Minerals,LND,0.03333333333333333
2023-04-28,Critical Minerals,OEC,0.03333333333333333
2023-04-28,Critical Minerals,FF,0.03333333333333333
2023-04-28,Critical Minerals,USNA,0.03333333333333333
2023-04-28,Critical Minerals,BBSI,0.03333333333333333
2023-04-28,Critical Minerals,AMPH,0.03333333333333333
2023-04-28,Critical Minerals,MEI,0.03333333333333333
2023-04-28,Critical Minerals,EGAN,0.03333333333333333
2023-04-28,Critical Minerals,HRTG,0.03333333333333333
2023-04-28,Critical Minerals,SRI,0.03333333333333333
2023-04-28,Critical Minerals,CMCO,0.03333333333333333
2023-04-28,Critical Minerals,GHG,0.03333333333333333
2023-04-28,Critical Minerals,JKS,0.03333333333333333
2023-04-28,Critical Minerals,KRO,0.03333333333333333
2023-04-28,Critical Minerals,EML,0.03333333333333333
2023-04-28,Critical Minerals,TIPT,0.03333333333333333
2023-04-28,Critical Minerals,LGO,0.03333333333333333
2023-04-28,Critical Minerals,OSPN,0.03333333333333333
2023-04-28,Critical Minerals,GSIT,0.03333333333333333
2023-04-28,Critical Minerals,TROX,0.03333333333333333
2023-04-28,Critical Minerals,CRESY,0.03333333333333333
2023-04-28,Critical Minerals,FTK,0.03333333333333333
2023-04-28,Critical Minerals,MAKO,0.03333333333333333
2023-04-28,Cybersecurity,FRPH,0.03333333333333333
2023-04-28,Cybersecurity,EBF,0.03333333333333333
2023-04-28,Cybersecurity,EBMT,0.03333333333333333
2023-04-28,Cybersecurity,FNRN,0.03333333333333333
2023-04-28,Cybersecurity,HURC,0.03333333333333333
2023-04-28,Cybersecurity,CBNK,0.03333333333333333
2023-04-28,Cybersecurity,GPJA,0.03333333333333333
2023-04-28,Cybersecurity,CFBK,0.03333333333333333
2023-04-28,Cybersecurity,KFRC,0.03333333333333333
2023-04-28,Cybersecurity,HCKT,0.03333333333333333
2023-04-28,Cybersecurity,CFFI,0.03333333333333333
2023-04-28,Cybersecurity,CASS,0.03333333333333333
2023-04-28,Cybersecurity,FEIM,0.03333333333333333
2023-04-28,Cybersecurity,LARK,0.03333333333333333
2023-04-28,Cybersecurity,TG,0.03333333333333333
2023-04-28,Cybersecurity,TTEC,0.03333333333333333
2023-04-28,Cybersecurity,JOUT,0.03333333333333333
2023-04-28,Cybersecurity,FRAF,0.03333333333333333
2023-04-28,Cybersecurity,FMAO,0.03333333333333333
2023-04-28,Cybersecurity,HWBK,0.03333333333333333
2023-04-28,Cybersecurity,WSBF,0.03333333333333333
2023-04-28,Cybersecurity,BOTJ,0.03333333333333333
2023-04-28,Cybersecurity,CBFV,0.03333333333333333
2023-04-28,Cybersecurity,ULBI,0.03333333333333333
2023-04-28,Cybersecurity,EPSN,0.03333333333333333
2023-04-28,Cybersecurity,MNSB,0.03333333333333333
2023-04-28,Cybersecurity,GLRE,0.03333333333333333
2023-04-28,Cybersecurity,TAYD,0.03333333333333333
2023-04-28,Cybersecurity,KMDA,0.03333333333333333
2023-04-28,Cybersecurity,CIVB,0.03333333333333333
2023-04-28,Defense,FBIZ,0.03333333333333333
2023-04-28,Defense,GPJA,0.03333333333333333
2023-04-28,Defense,CBFV,0.03333333333333333
2023-04-28,Defense,FCCO,0.03333333333333333
2023-04-28,Defense,CASS,0.03333333333333333
2023-04-28,Defense,EBF,0.03333333333333333
2023-04-28,Defense,BBSI,0.03333333333333333
2023-04-28,Defense,FRPH,0.03333333333333333
2023-04-28,Defense,BBDC,0.03333333333333333
2023-04-28,Defense,BCML,0.03333333333333333
2023-04-28,Defense,TAYD,0.03333333333333333
2023-04-28,Defense,DGICA,0.03333333333333333
2023-04-28,Defense,OXM,0.03333333333333333
2023-04-28,Defense,LARK,0.03333333333333333
2023-04-28,Defense,VABK,0.03333333333333333
2023-04-28,Defense,GLRE,0.03333333333333333
2023-04-28,Defense,CTO,0.03333333333333333
2023-04-28,Defense,NRC,0.03333333333333333
2023-04-28,Defense,RDCM,0.03333333333333333
2023-04-28,Defense,FEIM,0.03333333333333333
2023-04-28,Defense,OVBC,0.03333333333333333
2023-04-28,Defense,NRIM,0.03333333333333333
2023-04-28,Defense,TRC,0.03333333333333333
2023-04-28,Defense,ARTNA,0.03333333333333333
2023-04-28,Defense,CIVB,0.03333333333333333
2023-04-28,Defense,TG,0.03333333333333333
2023-04-28,Defense,NVEC,0.03333333333333333
2023-04-28,Defense,FUNC,0.03333333333333333
2023-04-28,Defense,APOG,0.03333333333333333
2023-04-28,Defense,HURC,0.03333333333333333
2023-04-28,Fintech,BCAL,0.03333333333333333
2023-04-28,Fintech,GPJA,0.03333333333333333
2023-04-28,Fintech,CBAN,0.03333333333333333
2023-04-28,Fintech,GBLI,0.03333333333333333
2023-04-28,Fintech,MHNC,0.03333333333333333
2023-04-28,Fintech,FNRN,0.03333333333333333
2023-04-28,Fintech,CFBK,0.03333333333333333
2023-04-28,Fintech,MHLA,0.03333333333333333
2023-04-28,Fintech,FRST,0.03333333333333333
2023-04-28,Fintech,CBFV,0.03333333333333333
2023-04-28,Fintech,DGICA,0.03333333333333333
2023-04-28,Fintech,WSBF,0.03333333333333333
2023-04-28,Fintech,JOUT,0.03333333333333333
2023-04-28,Fintech,DSWL,0.03333333333333333
2023-04-28,Fintech,CBNK,0.03333333333333333
2023-04-28,Fintech,BOTJ,0.03333333333333333
2023-04-28,Fintech,TAYD,0.03333333333333333
2023-04-28,Fintech,MRBK,0.03333333333333333
2023-04-28,Fintech,CZWI,0.03333333333333333
2023-04-28,Fintech,SSBI,0.03333333333333333
2023-04-28,Fintech,TTEC,0.03333333333333333
2023-04-28,Fintech,CMTL,0.03333333333333333
2023-04-28,Fintech,SMBK,0.03333333333333333
2023-04-28,Fintech,RBKB,0.03333333333333333
2023-04-28,Fintech,MITK,0.03333333333333333
2023-04-28,Fintech,FUNC,0.03333333333333333
2023-04-28,Fintech,HURC,0.03333333333333333
2023-04-28,Fintech,CFFI,0.03333333333333333
2023-04-28,Fintech,FEIM,0.03333333333333333
2023-04-28,Fintech,MATV,0.03333333333333333
2023-04-28,Robotics & AI,MHNC,0.03333333333333333
2023-04-28,Robotics & AI,GBLI,0.03333333333333333
2023-04-28,Robotics & AI,GPJA,0.03333333333333333
2023-04-28,Robotics & AI,NVEC,0.03333333333333333
2023-04-28,Robotics & AI,FWRD,0.03333333333333333
2023-04-28,Robotics & AI,JOUT,0.03333333333333333
2023-04-28,Robotics & AI,TSBK,0.03333333333333333
2023-04-28,Robotics & AI,MEI,0.03333333333333333
2023-04-28,Robotics & AI,HURC,0.03333333333333333
2023-04-28,Robotics & AI,CMCO,0.03333333333333333
2023-04-28,Robotics & AI,SILC,0.03333333333333333
2023-04-28,Robotics & AI,TG,0.03333333333333333
2023-04-28,Robotics & AI,CBNK,0.03333333333333333
2023-04-28,Robotics & AI,TITN,0.03333333333333333
2023-04-28,Robotics & AI,IIIN,0.03333333333333333
2023-04-28,Robotics & AI,MITK,0.03333333333333333
2023-04-28,Robotics & AI,MHLA,0.03333333333333333
2023-04-28,Robotics & AI,HWBK,0.03333333333333333
2023-04-28,Robotics & AI,HY,0.03333333333333333
2023-04-28,Robotics & AI,EVO,0.03333333333333333
2023-04-28,Robotics & AI,GOOS,0.03333333333333333
2023-04-28,Robotics & AI,FEIM,0.03333333333333333
2023-04-28,Robotics & AI,OEC,0.03333333333333333
2023-04-28,Robotics & AI,APOG,0.03333333333333333
2023-04-28,Robotics & AI,MATV,0.03333333333333333
2023-04-28,Robotics & AI,NAVI,0.03333333333333333
2023-04-28,Robotics & AI,XRX,0.03333333333333333
2023-04-28,Robotics & AI,NECB,0.03333333333333333
2023-04-28,Robotics & AI,MX,0.03333333333333333
2023-04-28,Robotics & AI,CMTL,0.03333333333333333
2023-04-28,Timber & Forestry,JOUT,0.03333333333333333
2023-04-28,Timber & Forestry,MEI,0.03333333333333333
2023-04-28,Timber & Forestry,GBLI,0.03333333333333333
2023-04-28,Timber & Forestry,FWRD,0.03333333333333333
2023-04-28,Timber & Forestry,CMCO,0.03333333333333333
2023-04-28,Timber & Forestry,HURC,0.03333333333333333
2023-04-28,Timber & Forestry,TITN,0.03333333333333333
2023-04-28,Timber & Forestry,MHNC,0.03333333333333333
2023-04-28,Timber & Forestry,NVEC,0.03333333333333333
2023-04-28,Timber & Forestry,TG,0.03333333333333333
2023-04-28,Timber & Forestry,HWBK,0.03333333333333333
2023-04-28,Timber & Forestry,ALRS,0.03333333333333333
2023-04-28,Timber & Forestry,IIIN,0.03333333333333333
2023-04-28,Timber & Forestry,NWFL,0.03333333333333333
2023-04-28,Timber & Forestry,KE,0.03333333333333333
2023-04-28,Timber & Forestry,EVO,0.03333333333333333
2023-04-28,Timber & Forestry,LEGH,0.03333333333333333
2023-04-28,Timber & Forestry,VLGEA,0.03333333333333333
2023-04-28,Timber & Forestry,OEC,0.03333333333333333
2023-04-28,Timber & Forestry,SILC,0.03333333333333333
2023-04-28,Timber & Forestry,CLMB,0.03333333333333333
2023-04-28,Timber & Forestry,MATV,0.03333333333333333
2023-04-28,Timber & Forestry,KMDA,0.03333333333333333
2023-04-28,Timber & Forestry,HY,0.03333333333333333
2023-04-28,Timber & Forestry,WNC,0.03333333333333333
2023-04-28,Timber & Forestry,CSTE,0.03333333333333333
2023-04-28,Timber & Forestry,MITK,0.03333333333333333
2023-04-28,Timber & Forestry,LPRO,0.03333333333333333
2023-04-28,Timber & Forestry,AIRG,0.03333333333333333
2023-04-28,Timber & Forestry,KRO,0.03333333333333333
2023-04-28,US Infrastructure,CHSCO,0.03333333333333333
2023-04-28,US Infrastructure,GBLI,0.03333333333333333
2023-04-28,US Infrastructure,CBNK,0.03333333333333333
2023-04-28,US Infrastructure,HCKT,0.03333333333333333
2023-04-28,US Infrastructure,KFRC,0.03333333333333333
2023-04-28,US Infrastructure,BBSI,0.03333333333333333
2023-04-28,US Infrastructure,NFBK,0.03333333333333333
2023-04-28,US Infrastructure,MHNC,0.03333333333333333
2023-04-28,US Infrastructure,TRC,0.03333333333333333
2023-04-28,US Infrastructure,UTMD,0.03333333333333333
2023-04-28,US Infrastructure,RGCO,0.03333333333333333
2023-04-28,US Infrastructure,FWRD,0.03333333333333333
2023-04-28,US Infrastructure,TRNS,0.03333333333333333
2023-04-28,US Infrastructure,WTBA,0.03333333333333333
2023-04-28,US Infrastructure,NVEC,0.03333333333333333
2023-04-28,US Infrastructure,IIIN,0.03333333333333333
2023-04-28,US Infrastructure,TRST,0.03333333333333333
2023-04-28,US Infrastructure,FXNC,0.03333333333333333
2023-04-28,US Infrastructure,NRIM,0.03333333333333333
2023-04-28,US Infrastructure,MITK,0.03333333333333333
2023-04-28,US Infrastructure,MHLA,0.03333333333333333
2023-04-28,US Infrastructure,OPBK,0.03333333333333333
2023-04-28,US Infrastructure,MATV,0.03333333333333333
2023-04-28,US Infrastructure,VLGEA,0.03333333333333333
2023-04-28,US Infrastructure,ERII,0.03333333333333333
2023-04-28,US Infrastructure,MEI,0.03333333333333333
2023-04-28,US Infrastructure,EVO,0.03333333333333333
2023-04-28,US Infrastructure,OVBC,0.03333333333333333
2023-04-28,US Infrastructure,ALCO,0.03333333333333333
2023-04-28,US Infrastructure,EPSN,0.03333333333333333
2023-04-28,Water,GBLI,0.03333333333333333
2023-04-28,Water,CBNK,0.03333333333333333
2023-04-28,Water,NFBK,0.03333333333333333
2023-04-28,Water,HCKT,0.03333333333333333
2023-04-28,Water,NKSH,0.03333333333333333
2023-04-28,Water,FWRD,0.03333333333333333
2023-04-28,Water,RGCO,0.03333333333333333
2023-04-28,Water,UTMD,0.03333333333333333
2023-04-28,Water,PCYO,0.03333333333333333
2023-04-28,Water,GWRS,0.03333333333333333
2023-04-28,Water,TRST,0.03333333333333333
2023-04-28,Water,WTBA,0.03333333333333333
2023-04-28,Water,FNLC,0.03333333333333333
2023-04-28,Water,TRNS,0.03333333333333333
2023-04-28,Water,MEI,0.03333333333333333
2023-04-28,Water,GLRE,0.03333333333333333
2023-04-28,Water,PBHC,0.03333333333333333
2023-04-28,Water,MHNC,0.03333333333333333
2023-04-28,Water,MATV,0.03333333333333333
2023-04-28,Water,EVO,0.03333333333333333
2023-04-28,Water,OPBK,0.03333333333333333
2023-04-28,Water,NVEC,0.03333333333333333
2023-04-28,Water,NRIM,0.03333333333333333
2023-04-28,Water,FXNC,0.03333333333333333
2023-04-28,Water,ANGO,0.03333333333333333
2023-04-28,Water,VLGEA,0.03333333333333333
2023-04-28,Water,CCOI,0.03333333333333333
2023-04-28,Water,FVCB,0.03333333333333333
2023-04-28,Water,NWFL,0.03333333333333333
2023-04-28,Water,ACNB,0.03333333333333333
2023-05-26,AI Infrastructure,CFBK,0.03333333333333333
2023-05-26,AI Infrastructure,GPJA,0.03333333333333333
2023-05-26,AI Infrastructure,GBLI,0.03333333333333333
2023-05-26,AI Infrastructure,FNRN,0.03333333333333333
2023-05-26,AI Infrastructure,TSBK,0.03333333333333333
2023-05-26,AI Infrastructure,HURC,0.03333333333333333
2023-05-26,AI Infrastructure,OBT,0.03333333333333333
2023-05-26,AI Infrastructure,PROV,0.03333333333333333
2023-05-26,AI Infrastructure,WSBF,0.03333333333333333
2023-05-26,AI Infrastructure,BOTJ,0.03333333333333333
2023-05-26,AI Infrastructure,RDCM,0.03333333333333333
2023-05-26,AI Infrastructure,NFBK,0.03333333333333333
2023-05-26,AI Infrastructure,FBIZ,0.03333333333333333
2023-05-26,AI Infrastructure,TG,0.03333333333333333
2023-05-26,AI Infrastructure,CMTL,0.03333333333333333
2023-05-26,AI Infrastructure,SILC,0.03333333333333333
2023-05-26,AI Infrastructure,RDVT,0.03333333333333333
2023-05-26,AI Infrastructure,SSBI,0.03333333333333333
2023-05-26,AI Infrastructure,FMAO,0.03333333333333333
2023-05-26,AI Infrastructure,PDLB,0.03333333333333333
2023-05-26,AI Infrastructure,QNST,0.03333333333333333
2023-05-26,AI Infrastructure,MNSB,0.03333333333333333
2023-05-26,AI Infrastructure,HY,0.03333333333333333
2023-05-26,AI Infrastructure,KRNY,0.03333333333333333
2023-05-26,AI Infrastructure,CIVB,0.03333333333333333
2023-05-26,AI Infrastructure,MRBK,0.03333333333333333
2023-05-26,AI Infrastructure,DLHC,0.03333333333333333
2023-05-26,AI Infrastructure,FWDI,0.03333333333333333
2023-05-26,AI Infrastructure,ACTG,0.03333333333333333
2023-05-26,AI Infrastructure,RELL,0.03333333333333333
2023-05-26,Agribusiness,FRPH,0.03333333333333333
2023-05-26,Agribusiness,HCKT,0.03333333333333333
2023-05-26,Agribusiness,HURC,0.03333333333333333
2023-05-26,Agribusiness,VLGEA,0.03333333333333333
2023-05-26,Agribusiness,TRC,0.03333333333333333
2023-05-26,Agribusiness,AVD,0.03333333333333333
2023-05-26,Agribusiness,TG,0.03333333333333333
2023-05-26,Agribusiness,WTBA,0.03333333333333333
2023-05-26,Agribusiness,OVBC,0.03333333333333333
2023-05-26,Agribusiness,JOUT,0.03333333333333333
2023-05-26,Agribusiness,TRNS,0.03333333333333333
2023-05-26,Agribusiness,ACNB,0.03333333333333333
2023-05-26,Agribusiness,ALRS,0.03333333333333333
2023-05-26,Agribusiness,EPSN,0.03333333333333333
2023-05-26,Agribusiness,ERII,0.03333333333333333
2023-05-26,Agribusiness,OPBK,0.03333333333333333
2023-05-26,Agribusiness,ALCO,0.03333333333333333
2023-05-26,Agribusiness,MATV,0.03333333333333333
2023-05-26,Agribusiness,SPOK,0.03333333333333333
2023-05-26,Agribusiness,NRIM,0.03333333333333333
2023-05-26,Agribusiness,CTO,0.03333333333333333
2023-05-26,Agribusiness,AMSF,0.03333333333333333
2023-05-26,Agribusiness,FRD,0.03333333333333333
2023-05-26,Agribusiness,PKE,0.03333333333333333
2023-05-26,Agribusiness,LAND,0.03333333333333333
2023-05-26,Agribusiness,MSBI,0.03333333333333333
2023-05-26,Agribusiness,CODA,0.03333333333333333
2023-05-26,Agribusiness,NX,0.03333333333333333
2023-05-26,Agribusiness,BRT,0.03333333333333333
2023-05-26,Agribusiness,LND,0.03333333333333333
2023-05-26,Clean Energy,NKSH,0.03333333333333333
2023-05-26,Clean Energy,PROV,0.03333333333333333
2023-05-26,Clean Energy,GBLI,0.03333333333333333
2023-05-26,Clean Energy,SILC,0.03333333333333333
2023-05-26,Clean Energy,PBHC,0.03333333333333333
2023-05-26,Clean Energy,WNEB,0.03333333333333333
2023-05-26,Clean Energy,GWRS,0.03333333333333333
2023-05-26,Clean Energy,PPIH,0.03333333333333333
2023-05-26,Clean Energy,PANL,0.03333333333333333
2023-05-26,Clean Energy,ANGO,0.03333333333333333
2023-05-26,Clean Energy,ACNB,0.03333333333333333
2023-05-26,Clean Energy,OXM,0.03333333333333333
2023-05-26,Clean Energy,CSIQ,0.03333333333333333
2023-05-26,Clean Energy,SPOK,0.03333333333333333
2023-05-26,Clean Energy,ACTG,0.03333333333333333
2023-05-26,Clean Energy,SNFCA,0.03333333333333333
2023-05-26,Clean Energy,DLHC,0.03333333333333333
2023-05-26,Clean Energy,KWY,0.03333333333333333
2023-05-26,Clean Energy,RBB,0.03333333333333333
2023-05-26,Clean Energy,OPBK,0.03333333333333333
2023-05-26,Clean Energy,PDLB,0.03333333333333333
2023-05-26,Clean Energy,NECB,0.03333333333333333
2023-05-26,Clean Energy,OFLX,0.03333333333333333
2023-05-26,Clean Energy,LCNB,0.03333333333333333
2023-05-26,Clean Energy,OVBC,0.03333333333333333
2023-05-26,Clean Energy,CTO,0.03333333333333333
2023-05-26,Clean Energy,FPH,0.03333333333333333
2023-05-26,Clean Energy,RDVT,0.03333333333333333
2023-05-26,Clean Energy,GASS,0.03333333333333333
2023-05-26,Clean Energy,MAYS,0.03333333333333333
2023-05-26,Critical Minerals,CLMB,0.03333333333333333
2023-05-26,Critical Minerals,CSIQ,0.03333333333333333
2023-05-26,Critical Minerals,CODA,0.03333333333333333
2023-05-26,Critical Minerals,DSWL,0.03333333333333333
2023-05-26,Critical Minerals,LND,0.03333333333333333
2023-05-26,Critical Minerals,AVD,0.03333333333333333
2023-05-26,Critical Minerals,MITK,0.03333333333333333
2023-05-26,Critical Minerals,GHG,0.03333333333333333
2023-05-26,Critical Minerals,SB,0.03333333333333333
2023-05-26,Critical Minerals,FF,0.03333333333333333
2023-05-26,Critical Minerals,OEC,0.03333333333333333
2023-05-26,Critical Minerals,USNA,0.03333333333333333
2023-05-26,Critical Minerals,LGO,0.03333333333333333
2023-05-26,Critical Minerals,LSBK,0.03333333333333333
2023-05-26,Critical Minerals,CRESY,0.03333333333333333
2023-05-26,Critical Minerals,TROX,0.03333333333333333
2023-05-26,Critical Minerals,VIRC,0.03333333333333333
2023-05-26,Critical Minerals,TRVG,0.03333333333333333
2023-05-26,Critical Minerals,TBCH,0.03333333333333333
2023-05-26,Critical Minerals,JAKK,0.03333333333333333
2023-05-26,Critical Minerals,CVGI,0.03333333333333333
2023-05-26,Critical Minerals,EDRY,0.03333333333333333
2023-05-26,Critical Minerals,STRT,0.03333333333333333
2023-05-26,Critical Minerals,MVST,0.03333333333333333
2023-05-26,Critical Minerals,ASA,0.03333333333333333
2023-05-26,Critical Minerals,MAKO,0.03333333333333333
2023-05-26,Critical Minerals,ACB,0.03333333333333333
2023-05-26,Critical Minerals,DQ,0.03333333333333333
2023-05-26,Critical Minerals,SXC,0.03333333333333333
2023-05-26,Critical Minerals,CXDO,0.03333333333333333
2023-05-26,Cybersecurity,CBNK,0.03333333333333333
2023-05-26,Cybersecurity,FRPH,0.03333333333333333
2023-05-26,Cybersecurity,EBF,0.03333333333333333
2023-05-26,Cybersecurity,TTEC,0.03333333333333333
2023-05-26,Cybersecurity,CBAN,0.03333333333333333
2023-05-26,Cybersecurity,GPJA,0.03333333333333333
2023-05-26,Cybersecurity,CFBK,0.03333333333333333
2023-05-26,Cybersecurity,JOUT,0.03333333333333333
2023-05-26,Cybersecurity,BCAL,0.03333333333333333
2023-05-26,Cybersecurity,WSBF,0.03333333333333333
2023-05-26,Cybersecurity,CFFI,0.03333333333333333
2023-05-26,Cybersecurity,HURC,0.03333333333333333
2023-05-26,Cybersecurity,HCKT,0.03333333333333333
2023-05-26,Cybersecurity,TSBK,0.03333333333333333
2023-05-26,Cybersecurity,FEIM,0.03333333333333333
2023-05-26,Cybersecurity,EBMT,0.03333333333333333
2023-05-26,Cybersecurity,CASS,0.03333333333333333
2023-05-26,Cybersecurity,LARK,0.03333333333333333
2023-05-26,Cybersecurity,HWBK,0.03333333333333333
2023-05-26,Cybersecurity,TG,0.03333333333333333
2023-05-26,Cybersecurity,CIVB,0.03333333333333333
2023-05-26,Cybersecurity,CBFV,0.03333333333333333
2023-05-26,Cybersecurity,RBB,0.03333333333333333
2023-05-26,Cybersecurity,MITK,0.03333333333333333
2023-05-26,Cybersecurity,FWRD,0.03333333333333333
2023-05-26,Cybersecurity,FMAO,0.03333333333333333
2023-05-26,Cybersecurity,BOTJ,0.03333333333333333
2023-05-26,Cybersecurity,NRC,0.03333333333333333
2023-05-26,Cybersecurity,FRAF,0.03333333333333333
2023-05-26,Cybersecurity,MNSB,0.03333333333333333
2023-05-26,Defense,CASS,0.03333333333333333
2023-05-26,Defense,GPJA,0.03333333333333333
2023-05-26,Defense,EBF,0.03333333333333333
2023-05-26,Defense,FBIZ,0.03333333333333333
2023-05-26,Defense,CBFV,0.03333333333333333
2023-05-26,Defense,DGICA,0.03333333333333333
2023-05-26,Defense,FRPH,0.03333333333333333
2023-05-26,Defense,BCML,0.03333333333333333
2023-05-26,Defense,BBDC,0.03333333333333333
2023-05-26,Defense,TAYD,0.03333333333333333
2023-05-26,Defense,FCCO,0.03333333333333333
2023-05-26,Defense,NRC,0.03333333333333333
2023-05-26,Defense,LARK,0.03333333333333333
2023-05-26,Defense,FISI,0.03333333333333333
2023-05-26,Defense,FEIM,0.03333333333333333
2023-05-26,Defense,GLRE,0.03333333333333333
2023-05-26,Defense,CIVB,0.03333333333333333
2023-05-26,Defense,TTEC,0.03333333333333333
2023-05-26,Defense,RDCM,0.03333333333333333
2023-05-26,Defense,TRC,0.03333333333333333
2023-05-26,Defense,KFRC,0.03333333333333333
2023-05-26,Defense,SGA,0.03333333333333333
2023-05-26,Defense,ARTNA,0.03333333333333333
2023-05-26,Defense,HSTM,0.03333333333333333
2023-05-26,Defense,HURC,0.03333333333333333
2023-05-26,Defense,TBRG,0.03333333333333333
2023-05-26,Defense,CTO,0.03333333333333333
2023-05-26,Defense,HQI,0.03333333333333333
2023-05-26,Defense,NVEC,0.03333333333333333
2023-05-26,Defense,OVBC,0.03333333333333333
2023-05-26,Fintech,GPJA,0.03333333333333333
2023-05-26,Fintech,BCAL,0.03333333333333333
2023-05-26,Fintech,MHNC,0.03333333333333333
2023-05-26,Fintech,CBAN,0.03333333333333333
2023-05-26,Fintech,GBLI,0.03333333333333333
2023-05-26,Fintech,FNRN,0.03333333333333333
2023-05-26,Fintech,CFBK,0.03333333333333333
2023-05-26,Fintech,MHLA,0.03333333333333333
2023-05-26,Fintech,DSWL,0.03333333333333333
2023-05-26,Fintech,WSBF,0.03333333333333333
2023-05-26,Fintech,EML,0.03333333333333333
2023-05-26,Fintech,BOTJ,0.03333333333333333
2023-05-26,Fintech,JOUT,0.03333333333333333
2023-05-26,Fintech,TTEC,0.03333333333333333
2023-05-26,Fintech,CBFV,0.03333333333333333
2023-05-26,Fintech,FRST,0.03333333333333333
2023-05-26,Fintech,CMTL,0.03333333333333333
2023-05-26,Fintech,MATV,0.03333333333333333
2023-05-26,Fintech,MITK,0.03333333333333333
2023-05-26,Fintech,SSBI,0.03333333333333333
2023-05-26,Fintech,MRBK,0.03333333333333333
2023-05-26,Fintech,ASRV,0.03333333333333333
2023-05-26,Fintech,CFFI,0.03333333333333333
2023-05-26,Fintech,FUNC,0.03333333333333333
2023-05-26,Fintech,MVBF,0.03333333333333333
2023-05-26,Fintech,XRX,0.03333333333333333
2023-05-26,Fintech,CZWI,0.03333333333333333
2023-05-26,Fintech,HWBK,0.03333333333333333
2023-05-26,Fintech,LOCO,0.03333333333333333
2023-05-26,Fintech,RBKB,0.03333333333333333
2023-05-26,Robotics & AI,GPJA,0.03333333333333333
2023-05-26,Robotics & AI,MHNC,0.03333333333333333
2023-05-26,Robotics & AI,GBLI,0.03333333333333333
2023-05-26,Robotics & AI,FWRD,0.03333333333333333
2023-05-26,Robotics & AI,CBNK,0.03333333333333333
2023-05-26,Robotics & AI,JOUT,0.03333333333333333
2023-05-26,Robotics & AI,TSBK,0.03333333333333333
2023-05-26,Robotics & AI,CMCO,0.03333333333333333
2023-05-26,Robotics & AI,CBAN,0.03333333333333333
2023-05-26,Robotics & AI,DGICA,0.03333333333333333
2023-05-26,Robotics & AI,WSBF,0.03333333333333333
2023-05-26,Robotics & AI,SILC,0.03333333333333333
2023-05-26,Robotics & AI,MITK,0.03333333333333333
2023-05-26,Robotics & AI,EVO,0.03333333333333333
2023-05-26,Robotics & AI,IIIN,0.03333333333333333
2023-05-26,Robotics & AI,NVEC,0.03333333333333333
2023-05-26,Robotics & AI,MHLA,0.03333333333333333
2023-05-26,Robotics & AI,MEI,0.03333333333333333
2023-05-26,Robotics & AI,NAVI,0.03333333333333333
2023-05-26,Robotics & AI,APOG,0.03333333333333333
2023-05-26,Robotics & AI,TTEC,0.03333333333333333
2023-05-26,Robotics & AI,AIRG,0.03333333333333333
2023-05-26,Robotics & AI,NECB,0.03333333333333333
2023-05-26,Robotics & AI,CMTL,0.03333333333333333
2023-05-26,Robotics & AI,USNA,0.03333333333333333
2023-05-26,Robotics & AI,OEC,0.03333333333333333
2023-05-26,Robotics & AI,NRIM,0.03333333333333333
2023-05-26,Robotics & AI,BRID,0.03333333333333333
2023-05-26,Robotics & AI,FEIM,0.03333333333333333
2023-05-26,Robotics & AI,SSBI,0.03333333333333333
2023-05-26,Timber & Forestry,GBLI,0.03333333333333333
2023-05-26,Timber & Forestry,JOUT,0.03333333333333333
2023-05-26,Timber & Forestry,HURC,0.03333333333333333
2023-05-26,Timber & Forestry,MEI,0.03333333333333333
2023-05-26,Timber & Forestry,EVO,0.03333333333333333
2023-05-26,Timber & Forestry,NVEC,0.03333333333333333
2023-05-26,Timber & Forestry,CMCO,0.03333333333333333
2023-05-26,Timber & Forestry,MHNC,0.03333333333333333
2023-05-26,Timber & Forestry,FWRD,0.03333333333333333
2023-05-26,Timber & Forestry,HWBK,0.03333333333333333
2023-05-26,Timber & Forestry,TITN,0.03333333333333333
2023-05-26,Timber & Forestry,TG,0.03333333333333333
2023-05-26,Timber & Forestry,LEGH,0.03333333333333333
2023-05-26,Timber & Forestry,IIIN,0.03333333333333333
2023-05-26,Timber & Forestry,NWFL,0.03333333333333333
2023-05-26,Timber & Forestry,VLGEA,0.03333333333333333
2023-05-26,Timber & Forestry,CLMB,0.03333333333333333
2023-05-26,Timber & Forestry,MATV,0.03333333333333333
2023-05-26,Timber & Forestry,SILC,0.03333333333333333
2023-05-26,Timber & Forestry,OEC,0.03333333333333333
2023-05-26,Timber & Forestry,KMDA,0.03333333333333333
2023-05-26,Timber & Forestry,KE,0.03333333333333333
2023-05-26,Timber & Forestry,HY,0.03333333333333333
2023-05-26,Timber & Forestry,FRD,0.03333333333333333
2023-05-26,Timber & Forestry,WNC,0.03333333333333333
2023-05-26,Timber & Forestry,LPRO,0.03333333333333333
2023-05-26,Timber & Forestry,KVHI,0.03333333333333333
2023-05-26,Timber & Forestry,KELYA,0.03333333333333333
2023-05-26,Timber & Forestry,CSTE,0.03333333333333333
2023-05-26,Timber & Forestry,CODA,0.03333333333333333
2023-05-26,US Infrastructure,BBSI,0.03333333333333333
2023-05-26,US Infrastructure,EBF,0.03333333333333333
2023-05-26,US Infrastructure,HCKT,0.03333333333333333
2023-05-26,US Infrastructure,CBNK,0.03333333333333333
2023-05-26,US Infrastructure,KFRC,0.03333333333333333
2023-05-26,US Infrastructure,DGICA,0.03333333333333333
2023-05-26,US Infrastructure,HURC,0.03333333333333333
2023-05-26,US Infrastructure,GSBC,0.03333333333333333
2023-05-26,US Infrastructure,NFBK,0.03333333333333333
2023-05-26,US Infrastructure,RGCO,0.03333333333333333
2023-05-26,US Infrastructure,UTMD,0.03333333333333333
2023-05-26,US Infrastructure,FWRD,0.03333333333333333
2023-05-26,US Infrastructure,WSBF,0.03333333333333333
2023-05-26,US Infrastructure,TRC,0.03333333333333333
2023-05-26,US Infrastructure,TRST,0.03333333333333333
2023-05-26,US Infrastructure,TTEC,0.03333333333333333
2023-05-26,US Infrastructure,HSTM,0.03333333333333333
2023-05-26,US Infrastructure,THFF,0.03333333333333333
2023-05-26,US Infrastructure,OVBC,0.03333333333333333
2023-05-26,US Infrastructure,IIIN,0.03333333333333333
2023-05-26,US Infrastructure,NVEC,0.03333333333333333
2023-05-26,US Infrastructure,FISI,0.03333333333333333
2023-05-26,US Infrastructure,CTO,0.03333333333333333
2023-05-26,US Infrastructure,TRNS,0.03333333333333333
2023-05-26,US Infrastructure,GLRE,0.03333333333333333
2023-05-26,US Infrastructure,NRIM,0.03333333333333333
2023-05-26,US Infrastructure,WTBA,0.03333333333333333
2023-05-26,US Infrastructure,MATV,0.03333333333333333
2023-05-26,US Infrastructure,ERII,0.03333333333333333
2023-05-26,US Infrastructure,CCNE,0.03333333333333333
2023-05-26,Water,GBLI,0.03333333333333333
2023-05-26,Water,PCYO,0.03333333333333333
2023-05-26,Water,HCKT,0.03333333333333333
2023-05-26,Water,UTMD,0.03333333333333333
2023-05-26,Water,FWRD,0.03333333333333333
2023-05-26,Water,EVO,0.03333333333333333
2023-05-26,Water,RGCO,0.03333333333333333
2023-05-26,Water,NKSH,0.03333333333333333
2023-05-26,Water,GWRS,0.03333333333333333
2023-05-26,Water,GLRE,0.03333333333333333
2023-05-26,Water,IIIN,0.03333333333333333
2023-05-26,Water,MHNC,0.03333333333333333
2023-05-26,Water,MEI,0.03333333333333333
2023-05-26,Water,NVEC,0.03333333333333333
2023-05-26,Water,TRNS,0.03333333333333333
2023-05-26,Water,ARTNA,0.03333333333333333
2023-05-26,Water,NWFL,0.03333333333333333
2023-05-26,Water,VLGEA,0.03333333333333333
2023-05-26,Water,GAIN,0.03333333333333333
2023-05-26,Water,NRIM,0.03333333333333333
2023-05-26,Water,EIG,0.03333333333333333
2023-05-26,Water,OVBC,0.03333333333333333
2023-05-26,Water,LEGH,0.03333333333333333
2023-05-26,Water,ANGO,0.03333333333333333
2023-05-26,Water,MLAB,0.03333333333333333
2023-05-26,Water,WNEB,0.03333333333333333
2023-05-26,Water,SILC,0.03333333333333333
2023-05-26,Water,OPBK,0.03333333333333333
2023-05-26,Water,OEC,0.03333333333333333
2023-05-26,Water,VREX,0.03333333333333333
2023-06-30,AI Infrastructure,GBLI,0.03333333333333333
2023-06-30,AI Infrastructure,CFBK,0.03333333333333333
2023-06-30,AI Infrastructure,FNRN,0.03333333333333333
2023-06-30,AI Infrastructure,OBT,0.03333333333333333
2023-06-30,AI Infrastructure,HURC,0.03333333333333333
2023-06-30,AI Infrastructure,RDCM,0.03333333333333333
2023-06-30,AI Infrastructure,TSBK,0.03333333333333333
2023-06-30,AI Infrastructure,PROV,0.03333333333333333
2023-06-30,AI Infrastructure,RDVT,0.03333333333333333
2023-06-30,AI Infrastructure,SILC,0.03333333333333333
2023-06-30,AI Infrastructure,WSBF,0.03333333333333333
2023-06-30,AI Infrastructure,NFBK,0.03333333333333333
2023-06-30,AI Infrastructure,BOTJ,0.03333333333333333
2023-06-30,AI Infrastructure,PPIH,0.03333333333333333
2023-06-30,AI Infrastructure,SSBI,0.03333333333333333
2023-06-30,AI Infrastructure,MRBK,0.03333333333333333
2023-06-30,AI Infrastructure,DLHC,0.03333333333333333
2023-06-30,AI Infrastructure,MNSB,0.03333333333333333
2023-06-30,AI Infrastructure,PDLB,0.03333333333333333
2023-06-30,AI Infrastructure,QNST,0.03333333333333333
2023-06-30,AI Infrastructure,KRNY,0.03333333333333333
2023-06-30,AI Infrastructure,MX,0.03333333333333333
2023-06-30,AI Infrastructure,RELL,0.03333333333333333
2023-06-30,AI Infrastructure,INVE,0.03333333333333333
2023-06-30,AI Infrastructure,KRNT,0.03333333333333333
2023-06-30,AI Infrastructure,VREX,0.03333333333333333
2023-06-30,AI Infrastructure,YEXT,0.03333333333333333
2023-06-30,AI Infrastructure,SGC,0.03333333333333333
2023-06-30,AI Infrastructure,FWDI,0.03333333333333333
2023-06-30,AI Infrastructure,JMSB,0.03333333333333333
2023-06-30,Agribusiness,CHSCO,0.03333333333333333
2023-06-30,Agribusiness,HCKT,0.03333333333333333
2023-06-30,Agribusiness,HURC,0.03333333333333333
2023-06-30,Agribusiness,GPJA,0.03333333333333333
2023-06-30,Agribusiness,TRC,0.03333333333333333
2023-06-30,Agribusiness,TG,0.03333333333333333
2023-06-30,Agribusiness,VLGEA,0.03333333333333333
2023-06-30,Agribusiness,EPSN,0.03333333333333333
2023-06-30,Agribusiness,ALCO,0.03333333333333333
2023-06-30,Agribusiness,WTBA,0.03333333333333333
2023-06-30,Agribusiness,MITK,0.03333333333333333
2023-06-30,Agribusiness,AVD,0.03333333333333333
2023-06-30,Agribusiness,CLMB,0.03333333333333333
2023-06-30,Agribusiness,OVBC,0.03333333333333333
2023-06-30,Agribusiness,IIIN,0.03333333333333333
2023-06-30,Agribusiness,OFIX,0.03333333333333333
2023-06-30,Agribusiness,USNA,0.03333333333333333
2023-06-30,Agribusiness,OPBK,0.03333333333333333
2023-06-30,Agribusiness,ALRS,0.03333333333333333
2023-06-30,Agribusiness,MATV,0.03333333333333333
2023-06-30,Agribusiness,AMPH,0.03333333333333333
2023-06-30,Agribusiness,ERII,0.03333333333333333
2023-06-30,Agribusiness,NRIM,0.03333333333333333
2023-06-30,Agribusiness,PKE,0.03333333333333333
2023-06-30,Agribusiness,LAND,0.03333333333333333
2023-06-30,Agribusiness,VNDA,0.03333333333333333
2023-06-30,Agribusiness,AMSF,0.03333333333333333
2023-06-30,Agribusiness,FF,0.03333333333333333
2023-06-30,Agribusiness,FRD,0.03333333333333333
2023-06-30,Agribusiness,NX,0.03333333333333333
2023-06-30,Clean Energy,SELF,0.03333333333333333
2023-06-30,Clean Energy,SILC,0.03333333333333333
2023-06-30,Clean Energy,PPIH,0.03333333333333333
2023-06-30,Clean Energy,EVO,0.03333333333333333
2023-06-30,Clean Energy,WSBF,0.03333333333333333
2023-06-30,Clean Energy,DLHC,0.03333333333333333
2023-06-30,Clean Energy,PANL,0.03333333333333333
2023-06-30,Clean Energy,CSIQ,0.03333333333333333
2023-06-30,Clean Energy,MITK,0.03333333333333333
2023-06-30,Clean Energy,RBB,0.03333333333333333
2023-06-30,Clean Energy,ANGO,0.03333333333333333
2023-06-30,Clean Energy,FF,0.03333333333333333
2023-06-30,Clean Energy,SNFCA,0.03333333333333333
2023-06-30,Clean Energy,NECB,0.03333333333333333
2023-06-30,Clean Energy,KWY,0.03333333333333333
2023-06-30,Clean Energy,ACTG,0.03333333333333333
2023-06-30,Clean Energy,PDLB,0.03333333333333333
2023-06-30,Clean Energy,ICCC,0.03333333333333333
2023-06-30,Clean Energy,LCNB,0.03333333333333333
2023-06-30,Clean Energy,RDVT,0.03333333333333333
2023-06-30,Clean Energy,KRNT,0.03333333333333333
2023-06-30,Clean Energy,FPH,0.03333333333333333
2023-06-30,Clean Energy,OFLX,0.03333333333333333
2023-06-30,Clean Energy,MAYS,0.03333333333333333
2023-06-30,Clean Energy,JKS,0.03333333333333333
2023-06-30,Clean Energy,SMID,0.03333333333333333
2023-06-30,Clean Energy,ALLT,0.03333333333333333
2023-06-30,Clean Energy,FLXS,0.03333333333333333
2023-06-30,Clean Energy,LTRX,0.03333333333333333
2023-06-30,Clean Energy,TRAK,0.03333333333333333
2023-06-30,Critical Minerals,CLMB,0.03333333333333333
2023-06-30,Critical Minerals,CSIQ,0.03333333333333333
2023-06-30,Critical Minerals,SILC,0.03333333333333333
2023-06-30,Critical Minerals,OEC,0.03333333333333333
2023-06-30,Critical Minerals,EGAN,0.03333333333333333
2023-06-30,Critical Minerals,AVD,0.03333333333333333
2023-06-30,Critical Minerals,MITK,0.03333333333333333
2023-06-30,Critical Minerals,FF,0.03333333333333333
2023-06-30,Critical Minerals,CODA,0.03333333333333333
2023-06-30,Critical Minerals,GHG,0.03333333333333333
2023-06-30,Critical Minerals,DSWL,0.03333333333333333
2023-06-30,Critical Minerals,SELF,0.03333333333333333
2023-06-30,Critical Minerals,GRVY,0.03333333333333333
2023-06-30,Critical Minerals,MEI,0.03333333333333333
2023-06-30,Critical Minerals,SB,0.03333333333333333
2023-06-30,Critical Minerals,JKS,0.03333333333333333
2023-06-30,Critical Minerals,USNA,0.03333333333333333
2023-06-30,Critical Minerals,LND,0.03333333333333333
2023-06-30,Critical Minerals,TROX,0.03333333333333333
2023-06-30,Critical Minerals,GPRO,0.03333333333333333
2023-06-30,Critical Minerals,LGO,0.03333333333333333
2023-06-30,Critical Minerals,KRO,0.03333333333333333
2023-06-30,Critical Minerals,OSPN,0.03333333333333333
2023-06-30,Critical Minerals,CMCO,0.03333333333333333
2023-06-30,Critical Minerals,SRI,0.03333333333333333
2023-06-30,Critical Minerals,ACCO,0.03333333333333333
2023-06-30,Critical Minerals,ASYS,0.03333333333333333
2023-06-30,Critical Minerals,TIPT,0.03333333333333333
2023-06-30,Critical Minerals,TBCH,0.03333333333333333
2023-06-30,Critical Minerals,CRESY,0.03333333333333333
2023-06-30,Cybersecurity,CBNK,0.03333333333333333
2023-06-30,Cybersecurity,GPJA,0.03333333333333333
2023-06-30,Cybersecurity,CBAN,0.03333333333333333
2023-06-30,Cybersecurity,EBF,0.03333333333333333
2023-06-30,Cybersecurity,CFBK,0.03333333333333333
2023-06-30,Cybersecurity,FRPH,0.03333333333333333
2023-06-30,Cybersecurity,TTEC,0.03333333333333333
2023-06-30,Cybersecurity,WSBF,0.03333333333333333
2023-06-30,Cybersecurity,HURC,0.03333333333333333
2023-06-30,Cybersecurity,JOUT,0.03333333333333333
2023-06-30,Cybersecurity,CASS,0.03333333333333333
2023-06-30,Cybersecurity,HCKT,0.03333333333333333
2023-06-30,Cybersecurity,MHNC,0.03333333333333333
2023-06-30,Cybersecurity,FEIM,0.03333333333333333
2023-06-30,Cybersecurity,TG,0.03333333333333333
2023-06-30,Cybersecurity,KFRC,0.03333333333333333
2023-06-30,Cybersecurity,EBMT,0.03333333333333333
2023-06-30,Cybersecurity,FWRD,0.03333333333333333
2023-06-30,Cybersecurity,HWBK,0.03333333333333333
2023-06-30,Cybersecurity,CBFV,0.03333333333333333
2023-06-30,Cybersecurity,LARK,0.03333333333333333
2023-06-30,Cybersecurity,MITK,0.03333333333333333
2023-06-30,Cybersecurity,CFFI,0.03333333333333333
2023-06-30,Cybersecurity,RBB,0.03333333333333333
2023-06-30,Cybersecurity,TAYD,0.03333333333333333
2023-06-30,Cybersecurity,FRAF,0.03333333333333333
2023-06-30,Cybersecurity,BOTJ,0.03333333333333333
2023-06-30,Cybersecurity,NRC,0.03333333333333333
2023-06-30,Cybersecurity,FMAO,0.03333333333333333
2023-06-30,Cybersecurity,OFIX,0.03333333333333333
2023-06-30,Defense,GPJA,0.03333333333333333
2023-06-30,Defense,CASS,0.03333333333333333
2023-06-30,Defense,DGICA,0.03333333333333333
2023-06-30,Defense,EBF,0.03333333333333333
2023-06-30,Defense,BBSI,0.03333333333333333
2023-06-30,Defense,TAYD,0.03333333333333333
2023-06-30,Defense,CBNK,0.03333333333333333
2023-06-30,Defense,BBDC,0.03333333333333333
2023-06-30,Defense,ITIC,0.03333333333333333
2023-06-30,Defense,WSBF,0.03333333333333333
2023-06-30,Defense,FISI,0.03333333333333333
2023-06-30,Defense,LARK,0.03333333333333333
2023-06-30,Defense,TRC,0.03333333333333333
2023-06-30,Defense,NRIM,0.03333333333333333
2023-06-30,Defense,GLRE,0.03333333333333333
2023-06-30,Defense,UTMD,0.03333333333333333
2023-06-30,Defense,CTO,0.03333333333333333
2023-06-30,Defense,HSTM,0.03333333333333333
2023-06-30,Defense,SGA,0.03333333333333333
2023-06-30,Defense,TTEC,0.03333333333333333
2023-06-30,Defense,FEIM,0.03333333333333333
2023-06-30,Defense,OVBC,0.03333333333333333
2023-06-30,Defense,RGCO,0.03333333333333333
2023-06-30,Defense,MITK,0.03333333333333333
2023-06-30,Defense,APOG,0.03333333333333333
2023-06-30,Defense,NRC,0.03333333333333333
2023-06-30,Defense,ARTNA,0.03333333333333333
2023-06-30,Defense,HURC,0.03333333333333333
2023-06-30,Defense,MHLA,0.03333333333333333
2023-06-30,Defense,KFRC,0.03333333333333333
2023-06-30,Fintech,BCAL,0.03333333333333333
2023-06-30,Fintech,GPJA,0.03333333333333333
2023-06-30,Fintech,MHNC,0.03333333333333333
2023-06-30,Fintech,GBLI,0.03333333333333333
2023-06-30,Fintech,ITIC,0.03333333333333333
2023-06-30,Fintech,CBAN,0.03333333333333333
2023-06-30,Fintech,DSWL,0.03333333333333333
2023-06-30,Fintech,CFBK,0.03333333333333333
2023-06-30,Fintech,FNWD,0.03333333333333333
2023-06-30,Fintech,CBFV,0.03333333333333333
2023-06-30,Fintech,NECB,0.03333333333333333
2023-06-30,Fintech,OXM,0.03333333333333333
2023-06-30,Fintech,MHLA,0.03333333333333333
2023-06-30,Fintech,NFBK,0.03333333333333333
2023-06-30,Fintech,JOUT,0.03333333333333333
2023-06-30,Fintech,WSBF,0.03333333333333333
2023-06-30,Fintech,FRST,0.03333333333333333
2023-06-30,Fintech,EML,0.03333333333333333
2023-06-30,Fintech,TTEC,0.03333333333333333
2023-06-30,Fintech,BOTJ,0.03333333333333333
2023-06-30,Fintech,FRPH,0.03333333333333333
2023-06-30,Fintech,SSBI,0.03333333333333333
2023-06-30,Fintech,MITK,0.03333333333333333
2023-06-30,Fintech,MATV,0.03333333333333333
2023-06-30,Fintech,MVBF,0.03333333333333333
2023-06-30,Fintech,CZWI,0.03333333333333333
2023-06-30,Fintech,XRX,0.03333333333333333
2023-06-30,Fintech,FUNC,0.03333333333333333
2023-06-30,Fintech,RBKB,0.03333333333333333
2023-06-30,Fintech,PCB,0.03333333333333333
2023-06-30,Robotics & AI,MHNC,0.03333333333333333
2023-06-30,Robotics & AI,GPJA,0.03333333333333333
2023-06-30,Robotics & AI,GBLI,0.03333333333333333
2023-06-30,Robotics & AI,FWRD,0.03333333333333333
2023-06-30,Robotics & AI,JOUT,0.03333333333333333
2023-06-30,Robotics & AI,CBNK,0.03333333333333333
2023-06-30,Robotics & AI,CBAN,0.03333333333333333
2023-06-30,Robotics & AI,MITK,0.03333333333333333
2023-06-30,Robotics & AI,SILC,0.03333333333333333
2023-06-30,Robotics & AI,EVO,0.03333333333333333
2023-06-30,Robotics & AI,NVEC,0.03333333333333333
2023-06-30,Robotics & AI,TSBK,0.03333333333333333
2023-06-30,Robotics & AI,TG,0.03333333333333333
2023-06-30,Robotics & AI,HURC,0.03333333333333333
2023-06-30,Robotics & AI,IIIN,0.03333333333333333
2023-06-30,Robotics & AI,PROV,0.03333333333333333
2023-06-30,Robotics & AI,FEIM,0.03333333333333333
2023-06-30,Robotics & AI,MHLA,0.03333333333333333
2023-06-30,Robotics & AI,TTEC,0.03333333333333333
2023-06-30,Robotics & AI,NECB,0.03333333333333333
2023-06-30,Robotics & AI,HY,0.03333333333333333
2023-06-30,Robotics & AI,RDVT,0.03333333333333333
2023-06-30,Robotics & AI,NAVI,0.03333333333333333
2023-06-30,Robotics & AI,LPRO,0.03333333333333333
2023-06-30,Robotics & AI,DLHC,0.03333333333333333
2023-06-30,Robotics & AI,SSBI,0.03333333333333333
2023-06-30,Robotics & AI,BRID,0.03333333333333333
2023-06-30,Robotics & AI,APOG,0.03333333333333333
2023-06-30,Robotics & AI,HOFT,0.03333333333333333
2023-06-30,Robotics & AI,GOOS,0.03333333333333333
2023-06-30,Timber & Forestry,GBLI,0.03333333333333333
2023-06-30,Timber & Forestry,JOUT,0.03333333333333333
2023-06-30,Timber & Forestry,HURC,0.03333333333333333
2023-06-30,Timber & Forestry,MEI,0.03333333333333333
2023-06-30,Timber & Forestry,NVEC,0.03333333333333333
2023-06-30,Timber & Forestry,ITIC,0.03333333333333333
2023-06-30,Timber & Forestry,FWRD,0.03333333333333333
2023-06-30,Timber & Forestry,CMCO,0.03333333333333333
2023-06-30,Timber & Forestry,EVO,0.03333333333333333
2023-06-30,Timber & Forestry,HWBK,0.03333333333333333
2023-06-30,Timber & Forestry,IIIN,0.03333333333333333
2023-06-30,Timber & Forestry,LEGH,0.03333333333333333
2023-06-30,Timber & Forestry,CLMB,0.03333333333333333
2023-06-30,Timber & Forestry,EPSN,0.03333333333333333
2023-06-30,Timber & Forestry,NWFL,0.03333333333333333
2023-06-30,Timber & Forestry,TRNS,0.03333333333333333
2023-06-30,Timber & Forestry,OEC,0.03333333333333333
2023-06-30,Timber & Forestry,SILC,0.03333333333333333
2023-06-30,Timber & Forestry,EML,0.03333333333333333
2023-06-30,Timber & Forestry,MATV,0.03333333333333333
2023-06-30,Timber & Forestry,WNC,0.03333333333333333
2023-06-30,Timber & Forestry,KMDA,0.03333333333333333
2023-06-30,Timber & Forestry,TITN,0.03333333333333333
2023-06-30,Timber & Forestry,ERII,0.03333333333333333
2023-06-30,Timber & Forestry,LPRO,0.03333333333333333
2023-06-30,Timber & Forestry,CSTE,0.03333333333333333
2023-06-30,Timber & Forestry,KE,0.03333333333333333
2023-06-30,Timber & Forestry,MAGN,0.03333333333333333
2023-06-30,Timber & Forestry,AVD,0.03333333333333333
2023-06-30,Timber & Forestry,FRD,0.03333333333333333
2023-06-30,US Infrastructure,CHSCO,0.03333333333333333
2023-06-30,US Infrastructure,HCKT,0.03333333333333333
2023-06-30,US Infrastructure,UTMD,0.03333333333333333
2023-06-30,US Infrastructure,TRC,0.03333333333333333
2023-06-30,US Infrastructure,RGCO,0.03333333333333333
2023-06-30,US Infrastructure,FWRD,0.03333333333333333
2023-06-30,US Infrastructure,MHNC,0.03333333333333333
2023-06-30,US Infrastructure,TRNS,0.03333333333333333
2023-06-30,US Infrastructure,CODI,0.03333333333333333
2023-06-30,US Infrastructure,TRST,0.03333333333333333
2023-06-30,US Infrastructure,FXNC,0.03333333333333333
2023-06-30,US Infrastructure,NVEC,0.03333333333333333
2023-06-30,US Infrastructure,IIIN,0.03333333333333333
2023-06-30,US Infrastructure,MATV,0.03333333333333333
2023-06-30,US Infrastructure,MEI,0.03333333333333333
2023-06-30,US Infrastructure,VLGEA,0.03333333333333333
2023-06-30,US Infrastructure,WTBA,0.03333333333333333
2023-06-30,US Infrastructure,BBDC,0.03333333333333333
2023-06-30,US Infrastructure,ERII,0.03333333333333333
2023-06-30,US Infrastructure,CTO,0.03333333333333333
2023-06-30,US Infrastructure,EPSN,0.03333333333333333
2023-06-30,US Infrastructure,NRIM,0.03333333333333333
2023-06-30,US Infrastructure,AVD,0.03333333333333333
2023-06-30,US Infrastructure,OPBK,0.03333333333333333
2023-06-30,US Infrastructure,VREX,0.03333333333333333
2023-06-30,US Infrastructure,CCOI,0.03333333333333333
2023-06-30,US Infrastructure,MLAB,0.03333333333333333
2023-06-30,US Infrastructure,ANGO,0.03333333333333333
2023-06-30,US Infrastructure,SILC,0.03333333333333333
2023-06-30,US Infrastructure,SHBI,0.03333333333333333
2023-06-30,Water,GBLI,0.03333333333333333
2023-06-30,Water,UTMD,0.03333333333333333
2023-06-30,Water,EVO,0.03333333333333333
2023-06-30,Water,HCKT,0.03333333333333333
2023-06-30,Water,PCYO,0.03333333333333333
2023-06-30,Water,GWRS,0.03333333333333333
2023-06-30,Water,GLRE,0.03333333333333333
2023-06-30,Water,TRC,0.03333333333333333
2023-06-30,Water,RGCO,0.03333333333333333
2023-06-30,Water,TRNS,0.03333333333333333
2023-06-30,Water,FWRD,0.03333333333333333
2023-06-30,Water,NWFL,0.03333333333333333
2023-06-30,Water,ARTNA,0.03333333333333333
2023-06-30,Water,MLAB,0.03333333333333333
2023-06-30,Water,MHNC,0.03333333333333333
2023-06-30,Water,NVEC,0.03333333333333333
2023-06-30,Water,IIIN,0.03333333333333333
2023-06-30,Water,FNLC,0.03333333333333333
2023-06-30,Water,MATV,0.03333333333333333
2023-06-30,Water,VLGEA,0.03333333333333333
2023-06-30,Water,FXNC,0.03333333333333333
2023-06-30,Water,MEI,0.03333333333333333
2023-06-30,Water,GAIN,0.03333333333333333
2023-06-30,Water,EIG,0.03333333333333333
2023-06-30,Water,CMCO,0.03333333333333333
2023-06-30,Water,AVD,0.03333333333333333
2023-06-30,Water,ANGO,0.03333333333333333
2023-06-30,Water,LEGH,0.03333333333333333
2023-06-30,Water,ERII,0.03333333333333333
2023-06-30,Water,NRIM,0.03333333333333333
2023-07-28,AI Infrastructure,BCAL,0.03333333333333333
2023-07-28,AI Infrastructure,VABK,0.03333333333333333
2023-07-28,AI Infrastructure,CFBK,0.03333333333333333
2023-07-28,AI Infrastructure,FNRN,0.03333333333333333
2023-07-28,AI Infrastructure,PROV,0.03333333333333333
2023-07-28,AI Infrastructure,RDVT,0.03333333333333333
2023-07-28,AI Infrastructure,HURC,0.03333333333333333
2023-07-28,AI Infrastructure,RDCM,0.03333333333333333
2023-07-28,AI Infrastructure,CCNE,0.03333333333333333
2023-07-28,AI Infrastructure,PBHC,0.03333333333333333
2023-07-28,AI Infrastructure,OBT,0.03333333333333333
2023-07-28,AI Infrastructure,TSBK,0.03333333333333333
2023-07-28,AI Infrastructure,BOTJ,0.03333333333333333
2023-07-28,AI Infrastructure,NFBK,0.03333333333333333
2023-07-28,AI Infrastructure,SILC,0.03333333333333333
2023-07-28,AI Infrastructure,WSBF,0.03333333333333333
2023-07-28,AI Infrastructure,FBIZ,0.03333333333333333
2023-07-28,AI Infrastructure,SSBI,0.03333333333333333
2023-07-28,AI Infrastructure,QNST,0.03333333333333333
2023-07-28,AI Infrastructure,PPIH,0.03333333333333333
2023-07-28,AI Infrastructure,MRBK,0.03333333333333333
2023-07-28,AI Infrastructure,ASRV,0.03333333333333333
2023-07-28,AI Infrastructure,MNSB,0.03333333333333333
2023-07-28,AI Infrastructure,KRNY,0.03333333333333333
2023-07-28,AI Infrastructure,KRNT,0.03333333333333333
2023-07-28,AI Infrastructure,DLHC,0.03333333333333333
2023-07-28,AI Infrastructure,JMSB,0.03333333333333333
2023-07-28,AI Infrastructure,PDLB,0.03333333333333333
2023-07-28,AI Infrastructure,CIVB,0.03333333333333333
2023-07-28,AI Infrastructure,KELYA,0.03333333333333333
2023-07-28,Agribusiness,HCKT,0.03333333333333333
2023-07-28,Agribusiness,FCCO,0.03333333333333333
2023-07-28,Agribusiness,TRC,0.03333333333333333
2023-07-28,Agribusiness,TG,0.03333333333333333
2023-07-28,Agribusiness,VLGEA,0.03333333333333333
2023-07-28,Agribusiness,ALCO,0.03333333333333333
2023-07-28,Agribusiness,AVD,0.03333333333333333
2023-07-28,Agribusiness,EPSN,0.03333333333333333
2023-07-28,Agribusiness,WTBA,0.03333333333333333
2023-07-28,Agribusiness,ERII,0.03333333333333333
2023-07-28,Agribusiness,ACNB,0.03333333333333333
2023-07-28,Agribusiness,OVBC,0.03333333333333333
2023-07-28,Agribusiness,BBDC,0.03333333333333333
2023-07-28,Agribusiness,MLAB,0.03333333333333333
2023-07-28,Agribusiness,OPBK,0.03333333333333333
2023-07-28,Agribusiness,NRIM,0.03333333333333333
2023-07-28,Agribusiness,ALRS,0.03333333333333333
2023-07-28,Agribusiness,CTO,0.03333333333333333
2023-07-28,Agribusiness,LAND,0.03333333333333333
2023-07-28,Agribusiness,USNA,0.03333333333333333
2023-07-28,Agribusiness,CCOI,0.03333333333333333
2023-07-28,Agribusiness,ISBA,0.03333333333333333
2023-07-28,Agribusiness,PKE,0.03333333333333333
2023-07-28,Agribusiness,FPI,0.03333333333333333
2023-07-28,Agribusiness,TBI,0.03333333333333333
2023-07-28,Agribusiness,MAGN,0.03333333333333333
2023-07-28,Agribusiness,TITN,0.03333333333333333
2023-07-28,Agribusiness,FRD,0.03333333333333333
2023-07-28,Agribusiness,SHBI,0.03333333333333333
2023-07-28,Agribusiness,CWCO,0.03333333333333333
2023-07-28,Clean Energy,SELF,0.03333333333333333
2023-07-28,Clean Energy,PROV,0.03333333333333333
2023-07-28,Clean Energy,NKSH,0.03333333333333333
2023-07-28,Clean Energy,GWRS,0.03333333333333333
2023-07-28,Clean Energy,WSBF,0.03333333333333333
2023-07-28,Clean Energy,SILC,0.03333333333333333
2023-07-28,Clean Energy,PPIH,0.03333333333333333
2023-07-28,Clean Energy,ANGO,0.03333333333333333
2023-07-28,Clean Energy,DLHC,0.03333333333333333
2023-07-28,Clean Energy,OXM,0.03333333333333333
2023-07-28,Clean Energy,ACNB,0.03333333333333333
2023-07-28,Clean Energy,ARTNA,0.03333333333333333
2023-07-28,Clean Energy,NECB,0.03333333333333333
2023-07-28,Clean Energy,WNEB,0.03333333333333333
2023-07-28,Clean Energy,PDLB,0.03333333333333333
2023-07-28,Clean Energy,CSIQ,0.03333333333333333
2023-07-28,Clean Energy,PANL,0.03333333333333333
2023-07-28,Clean Energy,KWY,0.03333333333333333
2023-07-28,Clean Energy,SPOK,0.03333333333333333
2023-07-28,Clean Energy,RBB,0.03333333333333333
2023-07-28,Clean Energy,LCNB,0.03333333333333333
2023-07-28,Clean Energy,OFLX,0.03333333333333333
2023-07-28,Clean Energy,HAFC,0.03333333333333333
2023-07-28,Clean Energy,FPH,0.03333333333333333
2023-07-28,Clean Energy,RDVT,0.03333333333333333
2023-07-28,Clean Energy,KRNT,0.03333333333333333
2023-07-28,Clean Energy,ACTG,0.03333333333333333
2023-07-28,Clean Energy,ICCC,0.03333333333333333
2023-07-28,Clean Energy,MAYS,0.03333333333333333
2023-07-28,Clean Energy,HRTG,0.03333333333333333
2023-07-28,Critical Minerals,CSIQ,0.03333333333333333
2023-07-28,Critical Minerals,CLMB,0.03333333333333333
2023-07-28,Critical Minerals,DSWL,0.03333333333333333
2023-07-28,Critical Minerals,AVD,0.03333333333333333
2023-07-28,Critical Minerals,PANL,0.03333333333333333
2023-07-28,Critical Minerals,LND,0.03333333333333333
2023-07-28,Critical Minerals,EGAN,0.03333333333333333
2023-07-28,Critical Minerals,MITK,0.03333333333333333
2023-07-28,Critical Minerals,OEC,0.03333333333333333
2023-07-28,Critical Minerals,FF,0.03333333333333333
2023-07-28,Critical Minerals,MEI,0.03333333333333333
2023-07-28,Critical Minerals,LGO,0.03333333333333333
2023-07-28,Critical Minerals,GRVY,0.03333333333333333
2023-07-28,Critical Minerals,GPRO,0.03333333333333333
2023-07-28,Critical Minerals,USNA,0.03333333333333333
2023-07-28,Critical Minerals,OSPN,0.03333333333333333
2023-07-28,Critical Minerals,GHG,0.03333333333333333
2023-07-28,Critical Minerals,CRESY,0.03333333333333333
2023-07-28,Critical Minerals,TROX,0.03333333333333333
2023-07-28,Critical Minerals,HRTG,0.03333333333333333
2023-07-28,Critical Minerals,VIRC,0.03333333333333333
2023-07-28,Critical Minerals,ASYS,0.03333333333333333
2023-07-28,Critical Minerals,STRS,0.03333333333333333
2023-07-28,Critical Minerals,TRVG,0.03333333333333333
2023-07-28,Critical Minerals,MTUS,0.03333333333333333
2023-07-28,Critical Minerals,TBCH,0.03333333333333333
2023-07-28,Critical Minerals,EDRY,0.03333333333333333
2023-07-28,Critical Minerals,MVST,0.03333333333333333
2023-07-28,Critical Minerals,CVGI,0.03333333333333333
2023-07-28,Critical Minerals,MAKO,0.03333333333333333
2023-07-28,Cybersecurity,CBNK,0.03333333333333333
2023-07-28,Cybersecurity,TTEC,0.03333333333333333
2023-07-28,Cybersecurity,GPJA,0.03333333333333333
2023-07-28,Cybersecurity,MHNC,0.03333333333333333
2023-07-28,Cybersecurity,CBAN,0.03333333333333333
2023-07-28,Cybersecurity,EBMT,0.03333333333333333
2023-07-28,Cybersecurity,CFBK,0.03333333333333333
2023-07-28,Cybersecurity,WSBF,0.03333333333333333
2023-07-28,Cybersecurity,HCKT,0.03333333333333333
2023-07-28,Cybersecurity,TG,0.03333333333333333
2023-07-28,Cybersecurity,FWRD,0.03333333333333333
2023-07-28,Cybersecurity,JOUT,0.03333333333333333
2023-07-28,Cybersecurity,HWBK,0.03333333333333333
2023-07-28,Cybersecurity,FEIM,0.03333333333333333
2023-07-28,Cybersecurity,LARK,0.03333333333333333
2023-07-28,Cybersecurity,MITK,0.03333333333333333
2023-07-28,Cybersecurity,CBFV,0.03333333333333333
2023-07-28,Cybersecurity,TAYD,0.03333333333333333
2023-07-28,Cybersecurity,OFIX,0.03333333333333333
2023-07-28,Cybersecurity,EPSN,0.03333333333333333
2023-07-28,Cybersecurity,FRAF,0.03333333333333333
2023-07-28,Cybersecurity,BOTJ,0.03333333333333333
2023-07-28,Cybersecurity,MNSB,0.03333333333333333
2023-07-28,Cybersecurity,CFFI,0.03333333333333333
2023-07-28,Cybersecurity,NRC,0.03333333333333333
2023-07-28,Cybersecurity,FMAO,0.03333333333333333
2023-07-28,Cybersecurity,RBB,0.03333333333333333
2023-07-28,Cybersecurity,FRST,0.03333333333333333
2023-07-28,Cybersecurity,MBI,0.03333333333333333
2023-07-28,Cybersecurity,MATV,0.03333333333333333
2023-07-28,Defense,CASS,0.03333333333333333
2023-07-28,Defense,TAYD,0.03333333333333333
2023-07-28,Defense,GPJA,0.03333333333333333
2023-07-28,Defense,EBF,0.03333333333333333
2023-07-28,Defense,FBIZ,0.03333333333333333
2023-07-28,Defense,FRPH,0.03333333333333333
2023-07-28,Defense,DGICA,0.03333333333333333
2023-07-28,Defense,LARK,0.03333333333333333
2023-07-28,Defense,BBDC,0.03333333333333333
2023-07-28,Defense,TSBK,0.03333333333333333
2023-07-28,Defense,FISI,0.03333333333333333
2023-07-28,Defense,CBNK,0.03333333333333333
2023-07-28,Defense,FCCO,0.03333333333333333
2023-07-28,Defense,OXM,0.03333333333333333
2023-07-28,Defense,TBRG,0.03333333333333333
2023-07-28,Defense,GLRE,0.03333333333333333
2023-07-28,Defense,TTEC,0.03333333333333333
2023-07-28,Defense,NRC,0.03333333333333333
2023-07-28,Defense,MITK,0.03333333333333333
2023-07-28,Defense,CIVB,0.03333333333333333
2023-07-28,Defense,SGA,0.03333333333333333
2023-07-28,Defense,TG,0.03333333333333333
2023-07-28,Defense,OVBC,0.03333333333333333
2023-07-28,Defense,ARTNA,0.03333333333333333
2023-07-28,Defense,FEIM,0.03333333333333333
2023-07-28,Defense,APOG,0.03333333333333333
2023-07-28,Defense,CTO,0.03333333333333333
2023-07-28,Defense,HSTM,0.03333333333333333
2023-07-28,Defense,GHI,0.03333333333333333
2023-07-28,Defense,KFRC,0.03333333333333333
2023-07-28,Fintech,MHNC,0.03333333333333333
2023-07-28,Fintech,GPJA,0.03333333333333333
2023-07-28,Fintech,BCAL,0.03333333333333333
2023-07-28,Fintech,GBLI,0.03333333333333333
2023-07-28,Fintech,DSWL,0.03333333333333333
2023-07-28,Fintech,CHSCM,0.03333333333333333
2023-07-28,Fintech,FNRN,0.03333333333333333
2023-07-28,Fintech,CBAN,0.03333333333333333
2023-07-28,Fintech,CBFV,0.03333333333333333
2023-07-28,Fintech,MHLA,0.03333333333333333
2023-07-28,Fintech,CFBK,0.03333333333333333
2023-07-28,Fintech,NECB,0.03333333333333333
2023-07-28,Fintech,FNWD,0.03333333333333333
2023-07-28,Fintech,BOTJ,0.03333333333333333
2023-07-28,Fintech,OXM,0.03333333333333333
2023-07-28,Fintech,TTEC,0.03333333333333333
2023-07-28,Fintech,CZWI,0.03333333333333333
2023-07-28,Fintech,WSBF,0.03333333333333333
2023-07-28,Fintech,JOUT,0.03333333333333333
2023-07-28,Fintech,RBKB,0.03333333333333333
2023-07-28,Fintech,NFBK,0.03333333333333333
2023-07-28,Fintech,SSBI,0.03333333333333333
2023-07-28,Fintech,RDCM,0.03333333333333333
2023-07-28,Fintech,PBHC,0.03333333333333333
2023-07-28,Fintech,FRST,0.03333333333333333
2023-07-28,Fintech,XRX,0.03333333333333333
2023-07-28,Fintech,MRBK,0.03333333333333333
2023-07-28,Fintech,MITK,0.03333333333333333
2023-07-28,Fintech,FUNC,0.03333333333333333
2023-07-28,Fintech,MATV,0.03333333333333333
2023-07-28,Robotics & AI,MHNC,0.03333333333333333
2023-07-28,Robotics & AI,GPJA,0.03333333333333333
2023-07-28,Robotics & AI,GBLI,0.03333333333333333
2023-07-28,Robotics & AI,JOUT,0.03333333333333333
2023-07-28,Robotics & AI,CBAN,0.03333333333333333
2023-07-28,Robotics & AI,CBNK,0.03333333333333333
2023-07-28,Robotics & AI,TSBK,0.03333333333333333
2023-07-28,Robotics & AI,TG,0.03333333333333333
2023-07-28,Robotics & AI,FWRD,0.03333333333333333
2023-07-28,Robotics & AI,PROV,0.03333333333333333
2023-07-28,Robotics & AI,SILC,0.03333333333333333
2023-07-28,Robotics & AI,MITK,0.03333333333333333
2023-07-28,Robotics & AI,EVO,0.03333333333333333
2023-07-28,Robotics & AI,RDVT,0.03333333333333333
2023-07-28,Robotics & AI,WSBF,0.03333333333333333
2023-07-28,Robotics & AI,TTEC,0.03333333333333333
2023-07-28,Robotics & AI,NECB,0.03333333333333333
2023-07-28,Robotics & AI,LPRO,0.03333333333333333
2023-07-28,Robotics & AI,OBT,0.03333333333333333
2023-07-28,Robotics & AI,NAVI,0.03333333333333333
2023-07-28,Robotics & AI,FEIM,0.03333333333333333
2023-07-28,Robotics & AI,BBDC,0.03333333333333333
2023-07-28,Robotics & AI,SSBI,0.03333333333333333
2023-07-28,Robotics & AI,DLHC,0.03333333333333333
2023-07-28,Robotics & AI,HY,0.03333333333333333
2023-07-28,Robotics & AI,HOFT,0.03333333333333333
2023-07-28,Robotics & AI,APOG,0.03333333333333333
2023-07-28,Robotics & AI,MBI,0.03333333333333333
2023-07-28,Robotics & AI,MNSB,0.03333333333333333
2023-07-28,Robotics & AI,KRNT,0.03333333333333333
2023-07-28,Timber & Forestry,JOUT,0.03333333333333333
2023-07-28,Timber & Forestry,GBLI,0.03333333333333333
2023-07-28,Timber & Forestry,MHNC,0.03333333333333333
2023-07-28,Timber & Forestry,HURC,0.03333333333333333
2023-07-28,Timber & Forestry,FWRD,0.03333333333333333
2023-07-28,Timber & Forestry,MEI,0.03333333333333333
2023-07-28,Timber & Forestry,CMCO,0.03333333333333333
2023-07-28,Timber & Forestry,CLMB,0.03333333333333333
2023-07-28,Timber & Forestry,NVEC,0.03333333333333333
2023-07-28,Timber & Forestry,IIIN,0.03333333333333333
2023-07-28,Timber & Forestry,LEGH,0.03333333333333333
2023-07-28,Timber & Forestry,SILC,0.03333333333333333
2023-07-28,Timber & Forestry,TRNS,0.03333333333333333
2023-07-28,Timber & Forestry,OEC,0.03333333333333333
2023-07-28,Timber & Forestry,MATV,0.03333333333333333
2023-07-28,Timber & Forestry,EVO,0.03333333333333333
2023-07-28,Timber & Forestry,KMDA,0.03333333333333333
2023-07-28,Timber & Forestry,ERII,0.03333333333333333
2023-07-28,Timber & Forestry,LPRO,0.03333333333333333
2023-07-28,Timber & Forestry,CSTE,0.03333333333333333
2023-07-28,Timber & Forestry,WNC,0.03333333333333333
2023-07-28,Timber & Forestry,MLAB,0.03333333333333333
2023-07-28,Timber & Forestry,KE,0.03333333333333333
2023-07-28,Timber & Forestry,MAGN,0.03333333333333333
2023-07-28,Timber & Forestry,TITN,0.03333333333333333
2023-07-28,Timber & Forestry,MED,0.03333333333333333
2023-07-28,Timber & Forestry,FF,0.03333333333333333
2023-07-28,Timber & Forestry,FRD,0.03333333333333333
2023-07-28,Timber & Forestry,NUS,0.03333333333333333
2023-07-28,Timber & Forestry,HY,0.03333333333333333
2023-07-28,US Infrastructure,HCKT,0.03333333333333333
2023-07-28,US Infrastructure,BBSI,0.03333333333333333
2023-07-28,US Infrastructure,ATLO,0.03333333333333333
2023-07-28,US Infrastructure,UTMD,0.03333333333333333
2023-07-28,US Infrastructure,FWRD,0.03333333333333333
2023-07-28,US Infrastructure,TRC,0.03333333333333333
2023-07-28,US Infrastructure,GSBC,0.03333333333333333
2023-07-28,US Infrastructure,WSBF,0.03333333333333333
2023-07-28,US Infrastructure,NFBK,0.03333333333333333
2023-07-28,US Infrastructure,NKSH,0.03333333333333333
2023-07-28,US Infrastructure,RGCO,0.03333333333333333
2023-07-28,US Infrastructure,THFF,0.03333333333333333
2023-07-28,US Infrastructure,CODI,0.03333333333333333
2023-07-28,US Infrastructure,MITK,0.03333333333333333
2023-07-28,US Infrastructure,TRST,0.03333333333333333
2023-07-28,US Infrastructure,NRIM,0.03333333333333333
2023-07-28,US Infrastructure,TRNS,0.03333333333333333
2023-07-28,US Infrastructure,CTO,0.03333333333333333
2023-07-28,US Infrastructure,OVBC,0.03333333333333333
2023-07-28,US Infrastructure,FXNC,0.03333333333333333
2023-07-28,US Infrastructure,GLRE,0.03333333333333333
2023-07-28,US Infrastructure,MEI,0.03333333333333333
2023-07-28,US Infrastructure,BBDC,0.03333333333333333
2023-07-28,US Infrastructure,FISI,0.03333333333333333
2023-07-28,US Infrastructure,ERII,0.03333333333333333
2023-07-28,US Infrastructure,MATV,0.03333333333333333
2023-07-28,US Infrastructure,FBIZ,0.03333333333333333
2023-07-28,US Infrastructure,PBHC,0.03333333333333333
2023-07-28,US Infrastructure,IIIN,0.03333333333333333
2023-07-28,US Infrastructure,MHLA,0.03333333333333333
2023-07-28,Water,GBLI,0.03333333333333333
2023-07-28,Water,HCKT,0.03333333333333333
2023-07-28,Water,FWRD,0.03333333333333333
2023-07-28,Water,UTMD,0.03333333333333333
2023-07-28,Water,PCYO,0.03333333333333333
2023-07-28,Water,GWRS,0.03333333333333333
2023-07-28,Water,EVO,0.03333333333333333
2023-07-28,Water,TRC,0.03333333333333333
2023-07-28,Water,GLRE,0.03333333333333333
2023-07-28,Water,MEI,0.03333333333333333
2023-07-28,Water,RGCO,0.03333333333333333
2023-07-28,Water,MATV,0.03333333333333333
2023-07-28,Water,ARTNA,0.03333333333333333
2023-07-28,Water,TRNS,0.03333333333333333
2023-07-28,Water,IIIN,0.03333333333333333
2023-07-28,Water,NWFL,0.03333333333333333
2023-07-28,Water,HSTM,0.03333333333333333
2023-07-28,Water,OEC,0.03333333333333333
2023-07-28,Water,NVEC,0.03333333333333333
2023-07-28,Water,FNLC,0.03333333333333333
2023-07-28,Water,MLAB,0.03333333333333333
2023-07-28,Water,VLGEA,0.03333333333333333
2023-07-28,Water,NRIM,0.03333333333333333
2023-07-28,Water,EIG,0.03333333333333333
2023-07-28,Water,ANGO,0.03333333333333333
2023-07-28,Water,LEGH,0.03333333333333333
2023-07-28,Water,VREX,0.03333333333333333
2023-07-28,Water,OVBC,0.03333333333333333
2023-07-28,Water,ERII,0.03333333333333333
2023-07-28,Water,SILC,0.03333333333333333
2023-08-25,AI Infrastructure,VABK,0.03333333333333333
2023-08-25,AI Infrastructure,RDVT,0.03333333333333333
2023-08-25,AI Infrastructure,CFBK,0.03333333333333333
2023-08-25,AI Infrastructure,PROV,0.03333333333333333
2023-08-25,AI Infrastructure,NFBK,0.03333333333333333
2023-08-25,AI Infrastructure,FNRN,0.03333333333333333
2023-08-25,AI Infrastructure,TSBK,0.03333333333333333
2023-08-25,AI Infrastructure,CCNE,0.03333333333333333
2023-08-25,AI Infrastructure,WSBF,0.03333333333333333
2023-08-25,AI Infrastructure,FWRD,0.03333333333333333
2023-08-25,AI Infrastructure,HURC,0.03333333333333333
2023-08-25,AI Infrastructure,FBIZ,0.03333333333333333
2023-08-25,AI Infrastructure,BOTJ,0.03333333333333333
2023-08-25,AI Infrastructure,PPIH,0.03333333333333333
2023-08-25,AI Infrastructure,ASRV,0.03333333333333333
2023-08-25,AI Infrastructure,KRNT,0.03333333333333333
2023-08-25,AI Infrastructure,SILC,0.03333333333333333
2023-08-25,AI Infrastructure,MRBK,0.03333333333333333
2023-08-25,AI Infrastructure,KRNY,0.03333333333333333
2023-08-25,AI Infrastructure,SSBI,0.03333333333333333
2023-08-25,AI Infrastructure,CIVB,0.03333333333333333
2023-08-25,AI Infrastructure,QNST,0.03333333333333333
2023-08-25,AI Infrastructure,FMAO,0.03333333333333333
2023-08-25,AI Infrastructure,DLHC,0.03333333333333333
2023-08-25,AI Infrastructure,JMSB,0.03333333333333333
2023-08-25,AI Infrastructure,MNSB,0.03333333333333333
2023-08-25,AI Infrastructure,INVE,0.03333333333333333
2023-08-25,AI Infrastructure,YEXT,0.03333333333333333
2023-08-25,AI Infrastructure,VREX,0.03333333333333333
2023-08-25,AI Infrastructure,ALLT,0.03333333333333333
2023-08-25,Agribusiness,HCKT,0.03333333333333333
2023-08-25,Agribusiness,VLGEA,0.03333333333333333
2023-08-25,Agribusiness,TRC,0.03333333333333333
2023-08-25,Agribusiness,ALCO,0.03333333333333333
2023-08-25,Agribusiness,WTBA,0.03333333333333333
2023-08-25,Agribusiness,AVD,0.03333333333333333
2023-08-25,Agribusiness,EPSN,0.03333333333333333
2023-08-25,Agribusiness,ANGO,0.03333333333333333
2023-08-25,Agribusiness,MLAB,0.03333333333333333
2023-08-25,Agribusiness,ACNB,0.03333333333333333
2023-08-25,Agribusiness,ERII,0.03333333333333333
2023-08-25,Agribusiness,IIIN,0.03333333333333333
2023-08-25,Agribusiness,MATV,0.03333333333333333
2023-08-25,Agribusiness,OVBC,0.03333333333333333
2023-08-25,Agribusiness,LAND,0.03333333333333333
2023-08-25,Agribusiness,SPOK,0.03333333333333333
2023-08-25,Agribusiness,OFIX,0.03333333333333333
2023-08-25,Agribusiness,CCOI,0.03333333333333333
2023-08-25,Agribusiness,OPBK,0.03333333333333333
2023-08-25,Agribusiness,NRIM,0.03333333333333333
2023-08-25,Agribusiness,FPI,0.03333333333333333
2023-08-25,Agribusiness,CTO,0.03333333333333333
2023-08-25,Agribusiness,ISBA,0.03333333333333333
2023-08-25,Agribusiness,TBI,0.03333333333333333
2023-08-25,Agribusiness,PKE,0.03333333333333333
2023-08-25,Agribusiness,CWCO,0.03333333333333333
2023-08-25,Agribusiness,FRD,0.03333333333333333
2023-08-25,Agribusiness,BRT,0.03333333333333333
2023-08-25,Agribusiness,NX,0.03333333333333333
2023-08-25,Agribusiness,LND,0.03333333333333333
2023-08-25,Clean Energy,PROV,0.03333333333333333
2023-08-25,Clean Energy,GBLI,0.03333333333333333
2023-08-25,Clean Energy,PBHC,0.03333333333333333
2023-08-25,Clean Energy,GWRS,0.03333333333333333
2023-08-25,Clean Energy,SELF,0.03333333333333333
2023-08-25,Clean Energy,WSBF,0.03333333333333333
2023-08-25,Clean Energy,SILC,0.03333333333333333
2023-08-25,Clean Energy,NKSH,0.03333333333333333
2023-08-25,Clean Energy,EVO,0.03333333333333333
2023-08-25,Clean Energy,FMNB,0.03333333333333333
2023-08-25,Clean Energy,ANGO,0.03333333333333333
2023-08-25,Clean Energy,OPBK,0.03333333333333333
2023-08-25,Clean Energy,DLHC,0.03333333333333333
2023-08-25,Clean Energy,ACNB,0.03333333333333333
2023-08-25,Clean Energy,CSIQ,0.03333333333333333
2023-08-25,Clean Energy,NECB,0.03333333333333333
2023-08-25,Clean Energy,MRBK,0.03333333333333333
2023-08-25,Clean Energy,RBB,0.03333333333333333
2023-08-25,Clean Energy,PDLB,0.03333333333333333
2023-08-25,Clean Energy,PPIH,0.03333333333333333
2023-08-25,Clean Energy,PANL,0.03333333333333333
2023-08-25,Clean Energy,ISBA,0.03333333333333333
2023-08-25,Clean Energy,SPOK,0.03333333333333333
2023-08-25,Clean Energy,WNEB,0.03333333333333333
2023-08-25,Clean Energy,CZWI,0.03333333333333333
2023-08-25,Clean Energy,KWY,0.03333333333333333
2023-08-25,Clean Energy,HAFC,0.03333333333333333
2023-08-25,Clean Energy,JKS,0.03333333333333333
2023-08-25,Clean Energy,ICCC,0.03333333333333333
2023-08-25,Clean Energy,SNFCA,0.03333333333333333
2023-08-25,Critical Minerals,CSIQ,0.03333333333333333
2023-08-25,Critical Minerals,DSWL,0.03333333333333333
2023-08-25,Critical Minerals,CLMB,0.03333333333333333
2023-08-25,Critical Minerals,LND,0.03333333333333333
2023-08-25,Critical Minerals,PANL,0.03333333333333333
2023-08-25,Critical Minerals,CODA,0.03333333333333333
2023-08-25,Critical Minerals,AVD,0.03333333333333333
2023-08-25,Critical Minerals,GRVY,0.03333333333333333
2023-08-25,Critical Minerals,SB,0.03333333333333333
2023-08-25,Critical Minerals,MEI,0.03333333333333333
2023-08-25,Critical Minerals,OEC,0.03333333333333333
2023-08-25,Critical Minerals,SNFCA,0.03333333333333333
2023-08-25,Critical Minerals,MITK,0.03333333333333333
2023-08-25,Critical Minerals,JKS,0.03333333333333333
2023-08-25,Critical Minerals,OSPN,0.03333333333333333
2023-08-25,Critical Minerals,USNA,0.03333333333333333
2023-08-25,Critical Minerals,LGO,0.03333333333333333
2023-08-25,Critical Minerals,FF,0.03333333333333333
2023-08-25,Critical Minerals,HRTG,0.03333333333333333
2023-08-25,Critical Minerals,VIRC,0.03333333333333333
2023-08-25,Critical Minerals,STRS,0.03333333333333333
2023-08-25,Critical Minerals,GHG,0.03333333333333333
2023-08-25,Critical Minerals,CRESY,0.03333333333333333
2023-08-25,Critical Minerals,FTK,0.03333333333333333
2023-08-25,Critical Minerals,MTUS,0.03333333333333333
2023-08-25,Critical Minerals,USIO,0.03333333333333333
2023-08-25,Critical Minerals,ASYS,0.03333333333333333
2023-08-25,Critical Minerals,OPRX,0.03333333333333333
2023-08-25,Critical Minerals,EDRY,0.03333333333333333
2023-08-25,Critical Minerals,TRVG,0.03333333333333333
2023-08-25,Cybersecurity,CBNK,0.03333333333333333
2023-08-25,Cybersecurity,TTEC,0.03333333333333333
2023-08-25,Cybersecurity,GPJA,0.03333333333333333
2023-08-25,Cybersecurity,CBAN,0.03333333333333333
2023-08-25,Cybersecurity,MHNC,0.03333333333333333
2023-08-25,Cybersecurity,EBF,0.03333333333333333
2023-08-25,Cybersecurity,EBMT,0.03333333333333333
2023-08-25,Cybersecurity,CFBK,0.03333333333333333
2023-08-25,Cybersecurity,WSBF,0.03333333333333333
2023-08-25,Cybersecurity,FEIM,0.03333333333333333
2023-08-25,Cybersecurity,HWBK,0.03333333333333333
2023-08-25,Cybersecurity,JOUT,0.03333333333333333
2023-08-25,Cybersecurity,HCKT,0.03333333333333333
2023-08-25,Cybersecurity,TG,0.03333333333333333
2023-08-25,Cybersecurity,MITK,0.03333333333333333
2023-08-25,Cybersecurity,HURC,0.03333333333333333
2023-08-25,Cybersecurity,LARK,0.03333333333333333
2023-08-25,Cybersecurity,CASS,0.03333333333333333
2023-08-25,Cybersecurity,CBFV,0.03333333333333333
2023-08-25,Cybersecurity,TSBK,0.03333333333333333
2023-08-25,Cybersecurity,EPSN,0.03333333333333333
2023-08-25,Cybersecurity,CIVB,0.03333333333333333
2023-08-25,Cybersecurity,FRAF,0.03333333333333333
2023-08-25,Cybersecurity,CFFI,0.03333333333333333
2023-08-25,Cybersecurity,FWRD,0.03333333333333333
2023-08-25,Cybersecurity,MNSB,0.03333333333333333
2023-08-25,Cybersecurity,NRC,0.03333333333333333
2023-08-25,Cybersecurity,RBB,0.03333333333333333
2023-08-25,Cybersecurity,BOTJ,0.03333333333333333
2023-08-25,Cybersecurity,FRST,0.03333333333333333
2023-08-25,Defense,CASS,0.03333333333333333
2023-08-25,Defense,DGICA,0.03333333333333333
2023-08-25,Defense,BBSI,0.03333333333333333
2023-08-25,Defense,GPJA,0.03333333333333333
2023-08-25,Defense,EBF,0.03333333333333333
2023-08-25,Defense,CBFV,0.03333333333333333
2023-08-25,Defense,FRPH,0.03333333333333333
2023-08-25,Defense,BBDC,0.03333333333333333
2023-08-25,Defense,LARK,0.03333333333333333
2023-08-25,Defense,WSBF,0.03333333333333333
2023-08-25,Defense,CBNK,0.03333333333333333
2023-08-25,Defense,FISI,0.03333333333333333
2023-08-25,Defense,ITIC,0.03333333333333333
2023-08-25,Defense,HCKT,0.03333333333333333
2023-08-25,Defense,TTEC,0.03333333333333333
2023-08-25,Defense,NRC,0.03333333333333333
2023-08-25,Defense,TSBK,0.03333333333333333
2023-08-25,Defense,SGA,0.03333333333333333
2023-08-25,Defense,UTMD,0.03333333333333333
2023-08-25,Defense,OVBC,0.03333333333333333
2023-08-25,Defense,MHLA,0.03333333333333333
2023-08-25,Defense,HSTM,0.03333333333333333
2023-08-25,Defense,TBRG,0.03333333333333333
2023-08-25,Defense,GLRE,0.03333333333333333
2023-08-25,Defense,GILT,0.03333333333333333
2023-08-25,Defense,NRIM,0.03333333333333333
2023-08-25,Defense,ARTNA,0.03333333333333333
2023-08-25,Defense,TRC,0.03333333333333333
2023-08-25,Defense,MITK,0.03333333333333333
2023-08-25,Defense,APOG,0.03333333333333333
2023-08-25,Fintech,GPJA,0.03333333333333333
2023-08-25,Fintech,MHNC,0.03333333333333333
2023-08-25,Fintech,BCAL,0.03333333333333333
2023-08-25,Fintech,GBLI,0.03333333333333333
2023-08-25,Fintech,CBAN,0.03333333333333333
2023-08-25,Fintech,ITIC,0.03333333333333333
2023-08-25,Fintech,FNRN,0.03333333333333333
2023-08-25,Fintech,DSWL,0.03333333333333333
2023-08-25,Fintech,JOUT,0.03333333333333333
2023-08-25,Fintech,CFBK,0.03333333333333333
2023-08-25,Fintech,TTEC,0.03333333333333333
2023-08-25,Fintech,CBNK,0.03333333333333333
2023-08-25,Fintech,CBFV,0.03333333333333333
2023-08-25,Fintech,NECB,0.03333333333333333
2023-08-25,Fintech,FRST,0.03333333333333333
2023-08-25,Fintech,MHLA,0.03333333333333333
2023-08-25,Fintech,BOTJ,0.03333333333333333
2023-08-25,Fintech,OXM,0.03333333333333333
2023-08-25,Fintech,MVBF,0.03333333333333333
2023-08-25,Fintech,RBKB,0.03333333333333333
2023-08-25,Fintech,FWRD,0.03333333333333333
2023-08-25,Fintech,SSBI,0.03333333333333333
2023-08-25,Fintech,LOCO,0.03333333333333333
2023-08-25,Fintech,MATV,0.03333333333333333
2023-08-25,Fintech,CZWI,0.03333333333333333
2023-08-25,Fintech,HWBK,0.03333333333333333
2023-08-25,Fintech,CFFI,0.03333333333333333
2023-08-25,Fintech,MRBK,0.03333333333333333
2023-08-25,Fintech,HELE,0.03333333333333333
2023-08-25,Fintech,EPSN,0.03333333333333333
2023-08-25,Robotics & AI,FWRD,0.03333333333333333
2023-08-25,Robotics & AI,CBNK,0.03333333333333333
2023-08-25,Robotics & AI,MHNC,0.03333333333333333
2023-08-25,Robotics & AI,JOUT,0.03333333333333333
2023-08-25,Robotics & AI,GBLI,0.03333333333333333
2023-08-25,Robotics & AI,CBAN,0.03333333333333333
2023-08-25,Robotics & AI,TG,0.03333333333333333
2023-08-25,Robotics & AI,MEI,0.03333333333333333
2023-08-25,Robotics & AI,CMCO,0.03333333333333333
2023-08-25,Robotics & AI,TTEC,0.03333333333333333
2023-08-25,Robotics & AI,HURC,0.03333333333333333
2023-08-25,Robotics & AI,WSBF,0.03333333333333333
2023-08-25,Robotics & AI,TSBK,0.03333333333333333
2023-08-25,Robotics & AI,PROV,0.03333333333333333
2023-08-25,Robotics & AI,DGICA,0.03333333333333333
2023-08-25,Robotics & AI,IIIN,0.03333333333333333
2023-08-25,Robotics & AI,EVO,0.03333333333333333
2023-08-25,Robotics & AI,SILC,0.03333333333333333
2023-08-25,Robotics & AI,CSTE,0.03333333333333333
2023-08-25,Robotics & AI,RDVT,0.03333333333333333
2023-08-25,Robotics & AI,MITK,0.03333333333333333
2023-08-25,Robotics & AI,NVEC,0.03333333333333333
2023-08-25,Robotics & AI,LPRO,0.03333333333333333
2023-08-25,Robotics & AI,NWFL,0.03333333333333333
2023-08-25,Robotics & AI,NECB,0.03333333333333333
2023-08-25,Robotics & AI,FEIM,0.03333333333333333
2023-08-25,Robotics & AI,VLGEA,0.03333333333333333
2023-08-25,Robotics & AI,KVHI,0.03333333333333333
2023-08-25,Robotics & AI,DLHC,0.03333333333333333
2023-08-25,Robotics & AI,NAVI,0.03333333333333333
2023-08-25,Timber & Forestry,GBLI,0.03333333333333333
2023-08-25,Timber & Forestry,MHNC,0.03333333333333333
2023-08-25,Timber & Forestry,JOUT,0.03333333333333333
2023-08-25,Timber & Forestry,HURC,0.03333333333333333
2023-08-25,Timber & Forestry,MEI,0.03333333333333333
2023-08-25,Timber & Forestry,CLMB,0.03333333333333333
2023-08-25,Timber & Forestry,RDCM,0.03333333333333333
2023-08-25,Timber & Forestry,NVEC,0.03333333333333333
2023-08-25,Timber & Forestry,EPSN,0.03333333333333333
2023-08-25,Timber & Forestry,CMCO,0.03333333333333333
2023-08-25,Timber & Forestry,IIIN,0.03333333333333333
2023-08-25,Timber & Forestry,GLRE,0.03333333333333333
2023-08-25,Timber & Forestry,FWRD,0.03333333333333333
2023-08-25,Timber & Forestry,MLAB,0.03333333333333333
2023-08-25,Timber & Forestry,MATV,0.03333333333333333
2023-08-25,Timber & Forestry,TRNS,0.03333333333333333
2023-08-25,Timber & Forestry,OEC,0.03333333333333333
2023-08-25,Timber & Forestry,LEGH,0.03333333333333333
2023-08-25,Timber & Forestry,KMDA,0.03333333333333333
2023-08-25,Timber & Forestry,CSTE,0.03333333333333333
2023-08-25,Timber & Forestry,OFIX,0.03333333333333333
2023-08-25,Timber & Forestry,MED,0.03333333333333333
2023-08-25,Timber & Forestry,LPRO,0.03333333333333333
2023-08-25,Timber & Forestry,SILC,0.03333333333333333
2023-08-25,Timber & Forestry,WNC,0.03333333333333333
2023-08-25,Timber & Forestry,NUS,0.03333333333333333
2023-08-25,Timber & Forestry,FRD,0.03333333333333333
2023-08-25,Timber & Forestry,TITN,0.03333333333333333
2023-08-25,Timber & Forestry,KELYA,0.03333333333333333
2023-08-25,Timber & Forestry,XRX,0.03333333333333333
2023-08-25,US Infrastructure,CHSCO,0.03333333333333333
2023-08-25,US Infrastructure,GBLI,0.03333333333333333
2023-08-25,US Infrastructure,HCKT,0.03333333333333333
2023-08-25,US Infrastructure,TRC,0.03333333333333333
2023-08-25,US Infrastructure,BBSI,0.03333333333333333
2023-08-25,US Infrastructure,RGCO,0.03333333333333333
2023-08-25,US Infrastructure,TRNS,0.03333333333333333
2023-08-25,US Infrastructure,FXNC,0.03333333333333333
2023-08-25,US Infrastructure,CODI,0.03333333333333333
2023-08-25,US Infrastructure,MEI,0.03333333333333333
2023-08-25,US Infrastructure,MITK,0.03333333333333333
2023-08-25,US Infrastructure,THFF,0.03333333333333333
2023-08-25,US Infrastructure,IIIN,0.03333333333333333
2023-08-25,US Infrastructure,TRST,0.03333333333333333
2023-08-25,US Infrastructure,MHLA,0.03333333333333333
2023-08-25,US Infrastructure,BBDC,0.03333333333333333
2023-08-25,US Infrastructure,MATV,0.03333333333333333
2023-08-25,US Infrastructure,FWRD,0.03333333333333333
2023-08-25,US Infrastructure,NRIM,0.03333333333333333
2023-08-25,US Infrastructure,ERII,0.03333333333333333
2023-08-25,US Infrastructure,ALCO,0.03333333333333333
2023-08-25,US Infrastructure,WTBA,0.03333333333333333
2023-08-25,US Infrastructure,EVO,0.03333333333333333
2023-08-25,US Infrastructure,NVEC,0.03333333333333333
2023-08-25,US Infrastructure,OVBC,0.03333333333333333
2023-08-25,US Infrastructure,FNLC,0.03333333333333333
2023-08-25,US Infrastructure,FRAF,0.03333333333333333
2023-08-25,US Infrastructure,MLAB,0.03333333333333333
2023-08-25,US Infrastructure,CTO,0.03333333333333333
2023-08-25,US Infrastructure,VLGEA,0.03333333333333333
2023-08-25,Water,GBLI,0.03333333333333333
2023-08-25,Water,UTMD,0.03333333333333333
2023-08-25,Water,HCKT,0.03333333333333333
2023-08-25,Water,MHNC,0.03333333333333333
2023-08-25,Water,PCYO,0.03333333333333333
2023-08-25,Water,MEI,0.03333333333333333
2023-08-25,Water,JOUT,0.03333333333333333
2023-08-25,Water,GLRE,0.03333333333333333
2023-08-25,Water,GWRS,0.03333333333333333
2023-08-25,Water,RGCO,0.03333333333333333
2023-08-25,Water,FWRD,0.03333333333333333
2023-08-25,Water,EVO,0.03333333333333333
2023-08-25,Water,MATV,0.03333333333333333
2023-08-25,Water,TRNS,0.03333333333333333
2023-08-25,Water,IIIN,0.03333333333333333
2023-08-25,Water,ARTNA,0.03333333333333333
2023-08-25,Water,HSTM,0.03333333333333333
2023-08-25,Water,NWFL,0.03333333333333333
2023-08-25,Water,MLAB,0.03333333333333333
2023-08-25,Water,FNLC,0.03333333333333333
2023-08-25,Water,NVEC,0.03333333333333333
2023-08-25,Water,OEC,0.03333333333333333
2023-08-25,Water,VLGEA,0.03333333333333333
2023-08-25,Water,NRIM,0.03333333333333333
2023-08-25,Water,EIG,0.03333333333333333
2023-08-25,Water,ANGO,0.03333333333333333
2023-08-25,Water,VREX,0.03333333333333333
2023-08-25,Water,ERII,0.03333333333333333
2023-08-25,Water,LEGH,0.03333333333333333
2023-08-25,Water,KVHI,0.03333333333333333
2023-09-29,AI Infrastructure,CFBK,0.03333333333333333
2023-09-29,AI Infrastructure,RDVT,0.03333333333333333
2023-09-29,AI Infrastructure,PROV,0.03333333333333333
2023-09-29,AI Infrastructure,HURC,0.03333333333333333
2023-09-29,AI Infrastructure,NVEC,0.03333333333333333
2023-09-29,AI Infrastructure,FWRD,0.03333333333333333
2023-09-29,AI Infrastructure,CCNE,0.03333333333333333
2023-09-29,AI Infrastructure,TSBK,0.03333333333333333
2023-09-29,AI Infrastructure,PPIH,0.03333333333333333
2023-09-29,AI Infrastructure,WSBF,0.03333333333333333
2023-09-29,AI Infrastructure,BOTJ,0.03333333333333333
2023-09-29,AI Infrastructure,SILC,0.03333333333333333
2023-09-29,AI Infrastructure,KRNT,0.03333333333333333
2023-09-29,AI Infrastructure,DLHC,0.03333333333333333
2023-09-29,AI Infrastructure,ACTG,0.03333333333333333
2023-09-29,AI Infrastructure,KRNY,0.03333333333333333
2023-09-29,AI Infrastructure,RELL,0.03333333333333333
2023-09-29,AI Infrastructure,INVE,0.03333333333333333
2023-09-29,AI Infrastructure,CIVB,0.03333333333333333
2023-09-29,AI Infrastructure,ALLT,0.03333333333333333
2023-09-29,AI Infrastructure,MX,0.03333333333333333
2023-09-29,AI Infrastructure,VREX,0.03333333333333333
2023-09-29,AI Infrastructure,CSIQ,0.03333333333333333
2023-09-29,AI Infrastructure,FLXS,0.03333333333333333
2023-09-29,AI Infrastructure,YEXT,0.03333333333333333
2023-09-29,AI Infrastructure,JMSB,0.03333333333333333
2023-09-29,AI Infrastructure,MCHX,0.03333333333333333
2023-09-29,AI Infrastructure,QNST,0.03333333333333333
2023-09-29,AI Infrastructure,OSG,0.03333333333333333
2023-09-29,AI Infrastructure,SB,0.03333333333333333
2023-09-29,Agribusiness,HCKT,0.03333333333333333
2023-09-29,Agribusiness,HURC,0.03333333333333333
2023-09-29,Agribusiness,VLGEA,0.03333333333333333
2023-09-29,Agribusiness,ALCO,0.03333333333333333
2023-09-29,Agribusiness,JOUT,0.03333333333333333
2023-09-29,Agribusiness,EPSN,0.03333333333333333
2023-09-29,Agribusiness,TTEC,0.03333333333333333
2023-09-29,Agribusiness,ULH,0.03333333333333333
2023-09-29,Agribusiness,WTBA,0.03333333333333333
2023-09-29,Agribusiness,IIIN,0.03333333333333333
2023-09-29,Agribusiness,SPOK,0.03333333333333333
2023-09-29,Agribusiness,ACNB,0.03333333333333333
2023-09-29,Agribusiness,OPBK,0.03333333333333333
2023-09-29,Agribusiness,MLAB,0.03333333333333333
2023-09-29,Agribusiness,ERII,0.03333333333333333
2023-09-29,Agribusiness,EVO,0.03333333333333333
2023-09-29,Agribusiness,LAND,0.03333333333333333
2023-09-29,Agribusiness,OVBC,0.03333333333333333
2023-09-29,Agribusiness,MATV,0.03333333333333333
2023-09-29,Agribusiness,FEIM,0.03333333333333333
2023-09-29,Agribusiness,AMSF,0.03333333333333333
2023-09-29,Agribusiness,PKE,0.03333333333333333
2023-09-29,Agribusiness,FF,0.03333333333333333
2023-09-29,Agribusiness,TITN,0.03333333333333333
2023-09-29,Agribusiness,CTO,0.03333333333333333
2023-09-29,Agribusiness,OFLX,0.03333333333333333
2023-09-29,Agribusiness,FRD,0.03333333333333333
2023-09-29,Agribusiness,CWCO,0.03333333333333333
2023-09-29,Agribusiness,LND,0.03333333333333333
2023-09-29,Agribusiness,CNDT,0.03333333333333333
2023-09-29,Clean Energy,GWRS,0.03333333333333333
2023-09-29,Clean Energy,WSBF,0.03333333333333333
2023-09-29,Clean Energy,EVO,0.03333333333333333
2023-09-29,Clean Energy,CSIQ,0.03333333333333333
2023-09-29,Clean Energy,SILC,0.03333333333333333
2023-09-29,Clean Energy,ANGO,0.03333333333333333
2023-09-29,Clean Energy,ACNB,0.03333333333333333
2023-09-29,Clean Energy,OPBK,0.03333333333333333
2023-09-29,Clean Energy,SELF,0.03333333333333333
2023-09-29,Clean Energy,SPOK,0.03333333333333333
2023-09-29,Clean Energy,RBB,0.03333333333333333
2023-09-29,Clean Energy,CLMB,0.03333333333333333
2023-09-29,Clean Energy,ARTNA,0.03333333333333333
2023-09-29,Clean Energy,DLHC,0.03333333333333333
2023-09-29,Clean Energy,ISBA,0.03333333333333333
2023-09-29,Clean Energy,OVBC,0.03333333333333333
2023-09-29,Clean Energy,FF,0.03333333333333333
2023-09-29,Clean Energy,PANL,0.03333333333333333
2023-09-29,Clean Energy,HAFC,0.03333333333333333
2023-09-29,Clean Energy,KWY,0.03333333333333333
2023-09-29,Clean Energy,JKS,0.03333333333333333
2023-09-29,Clean Energy,CDXS,0.03333333333333333
2023-09-29,Clean Energy,SNFCA,0.03333333333333333
2023-09-29,Clean Energy,NECB,0.03333333333333333
2023-09-29,Clean Energy,ICCC,0.03333333333333333
2023-09-29,Clean Energy,MAYS,0.03333333333333333
2023-09-29,Clean Energy,SMID,0.03333333333333333
2023-09-29,Clean Energy,SMBK,0.03333333333333333
2023-09-29,Clean Energy,AMTB,0.03333333333333333
2023-09-29,Clean Energy,OFLX,0.03333333333333333
2023-09-29,Critical Minerals,CSIQ,0.03333333333333333
2023-09-29,Critical Minerals,CLMB,0.03333333333333333
2023-09-29,Critical Minerals,RDCM,0.03333333333333333
2023-09-29,Critical Minerals,PANL,0.03333333333333333
2023-09-29,Critical Minerals,OEC,0.03333333333333333
2023-09-29,Critical Minerals,SILC,0.03333333333333333
2023-09-29,Critical Minerals,DSWL,0.03333333333333333
2023-09-29,Critical Minerals,AVD,0.03333333333333333
2023-09-29,Critical Minerals,LND,0.03333333333333333
2023-09-29,Critical Minerals,MEI,0.03333333333333333
2023-09-29,Critical Minerals,SB,0.03333333333333333
2023-09-29,Critical Minerals,SNFCA,0.03333333333333333
2023-09-29,Critical Minerals,LGO,0.03333333333333333
2023-09-29,Critical Minerals,OSPN,0.03333333333333333
2023-09-29,Critical Minerals,FF,0.03333333333333333
2023-09-29,Critical Minerals,USNA,0.03333333333333333
2023-09-29,Critical Minerals,MITK,0.03333333333333333
2023-09-29,Critical Minerals,JKS,0.03333333333333333
2023-09-29,Critical Minerals,GRVY,0.03333333333333333
2023-09-29,Critical Minerals,VIRC,0.03333333333333333
2023-09-29,Critical Minerals,OSG,0.03333333333333333
2023-09-29,Critical Minerals,FOCL,0.03333333333333333
2023-09-29,Critical Minerals,GHG,0.03333333333333333
2023-09-29,Critical Minerals,CRESY,0.03333333333333333
2023-09-29,Critical Minerals,STRS,0.03333333333333333
2023-09-29,Critical Minerals,MTUS,0.03333333333333333
2023-09-29,Critical Minerals,ASYS,0.03333333333333333
2023-09-29,Critical Minerals,TBCH,0.03333333333333333
2023-09-29,Critical Minerals,DSX,0.03333333333333333
2023-09-29,Critical Minerals,CXDO,0.03333333333333333
2023-09-29,Cybersecurity,TTEC,0.03333333333333333
2023-09-29,Cybersecurity,CBNK,0.03333333333333333
2023-09-29,Cybersecurity,CBAN,0.03333333333333333
2023-09-29,Cybersecurity,EBMT,0.03333333333333333
2023-09-29,Cybersecurity,MHNC,0.03333333333333333
2023-09-29,Cybersecurity,EBF,0.03333333333333333
2023-09-29,Cybersecurity,CFBK,0.03333333333333333
2023-09-29,Cybersecurity,WSBF,0.03333333333333333
2023-09-29,Cybersecurity,FEIM,0.03333333333333333
2023-09-29,Cybersecurity,JOUT,0.03333333333333333
2023-09-29,Cybersecurity,MITK,0.03333333333333333
2023-09-29,Cybersecurity,HWBK,0.03333333333333333
2023-09-29,Cybersecurity,HCKT,0.03333333333333333
2023-09-29,Cybersecurity,FBIZ,0.03333333333333333
2023-09-29,Cybersecurity,NKSH,0.03333333333333333
2023-09-29,Cybersecurity,CBFV,0.03333333333333333
2023-09-29,Cybersecurity,EPSN,0.03333333333333333
2023-09-29,Cybersecurity,TSBK,0.03333333333333333
2023-09-29,Cybersecurity,HURC,0.03333333333333333
2023-09-29,Cybersecurity,LARK,0.03333333333333333
2023-09-29,Cybersecurity,OBT,0.03333333333333333
2023-09-29,Cybersecurity,PBHC,0.03333333333333333
2023-09-29,Cybersecurity,RBB,0.03333333333333333
2023-09-29,Cybersecurity,ULH,0.03333333333333333
2023-09-29,Cybersecurity,FRAF,0.03333333333333333
2023-09-29,Cybersecurity,OFIX,0.03333333333333333
2023-09-29,Cybersecurity,BOTJ,0.03333333333333333
2023-09-29,Cybersecurity,CIVB,0.03333333333333333
2023-09-29,Cybersecurity,CFFI,0.03333333333333333
2023-09-29,Cybersecurity,NRC,0.03333333333333333
2023-09-29,Defense,CASS,0.03333333333333333
2023-09-29,Defense,CBFV,0.03333333333333333
2023-09-29,Defense,EBF,0.03333333333333333
2023-09-29,Defense,FBIZ,0.03333333333333333
2023-09-29,Defense,DGICA,0.03333333333333333
2023-09-29,Defense,GPJA,0.03333333333333333
2023-09-29,Defense,NRC,0.03333333333333333
2023-09-29,Defense,BCML,0.03333333333333333
2023-09-29,Defense,BBSI,0.03333333333333333
2023-09-29,Defense,FRPH,0.03333333333333333
2023-09-29,Defense,CBNK,0.03333333333333333
2023-09-29,Defense,HCKT,0.03333333333333333
2023-09-29,Defense,FISI,0.03333333333333333
2023-09-29,Defense,WSBF,0.03333333333333333
2023-09-29,Defense,LARK,0.03333333333333333
2023-09-29,Defense,BBDC,0.03333333333333333
2023-09-29,Defense,TTEC,0.03333333333333333
2023-09-29,Defense,TSBK,0.03333333333333333
2023-09-29,Defense,OXM,0.03333333333333333
2023-09-29,Defense,OVBC,0.03333333333333333
2023-09-29,Defense,CFBK,0.03333333333333333
2023-09-29,Defense,UTMD,0.03333333333333333
2023-09-29,Defense,FRST,0.03333333333333333
2023-09-29,Defense,SGA,0.03333333333333333
2023-09-29,Defense,PCYO,0.03333333333333333
2023-09-29,Defense,LSAK,0.03333333333333333
2023-09-29,Defense,MHLA,0.03333333333333333
2023-09-29,Defense,HSTM,0.03333333333333333
2023-09-29,Defense,MITK,0.03333333333333333
2023-09-29,Defense,CIVB,0.03333333333333333
2023-09-29,Fintech,GPJA,0.03333333333333333
2023-09-29,Fintech,BCAL,0.03333333333333333
2023-09-29,Fintech,CBAN,0.03333333333333333
2023-09-29,Fintech,MHNC,0.03333333333333333
2023-09-29,Fintech,ITIC,0.03333333333333333
2023-09-29,Fintech,GBLI,0.03333333333333333
2023-09-29,Fintech,JOUT,0.03333333333333333
2023-09-29,Fintech,DSWL,0.03333333333333333
2023-09-29,Fintech,BCML,0.03333333333333333
2023-09-29,Fintech,SELF,0.03333333333333333
2023-09-29,Fintech,FNRN,0.03333333333333333
2023-09-29,Fintech,CFBK,0.03333333333333333
2023-09-29,Fintech,CBFV,0.03333333333333333
2023-09-29,Fintech,TTEC,0.03333333333333333
2023-09-29,Fintech,NECB,0.03333333333333333
2023-09-29,Fintech,FRST,0.03333333333333333
2023-09-29,Fintech,MVBF,0.03333333333333333
2023-09-29,Fintech,BOTJ,0.03333333333333333
2023-09-29,Fintech,FWRD,0.03333333333333333
2023-09-29,Fintech,LOCO,0.03333333333333333
2023-09-29,Fintech,FMNB,0.03333333333333333
2023-09-29,Fintech,RBKB,0.03333333333333333
2023-09-29,Fintech,SSBI,0.03333333333333333
2023-09-29,Fintech,CFFI,0.03333333333333333
2023-09-29,Fintech,HELE,0.03333333333333333
2023-09-29,Fintech,MATV,0.03333333333333333
2023-09-29,Fintech,CZWI,0.03333333333333333
2023-09-29,Fintech,LPRO,0.03333333333333333
2023-09-29,Fintech,SGC,0.03333333333333333
2023-09-29,Fintech,CSTE,0.03333333333333333
2023-09-29,Robotics & AI,MHNC,0.03333333333333333
2023-09-29,Robotics & AI,ULH,0.03333333333333333
2023-09-29,Robotics & AI,FWRD,0.03333333333333333
2023-09-29,Robotics & AI,JOUT,0.03333333333333333
2023-09-29,Robotics & AI,CBNK,0.03333333333333333
2023-09-29,Robotics & AI,CBAN,0.03333333333333333
2023-09-29,Robotics & AI,GBLI,0.03333333333333333
2023-09-29,Robotics & AI,TTEC,0.03333333333333333
2023-09-29,Robotics & AI,HURC,0.03333333333333333
2023-09-29,Robotics & AI,MEI,0.03333333333333333
2023-09-29,Robotics & AI,RDVT,0.03333333333333333
2023-09-29,Robotics & AI,WSBF,0.03333333333333333
2023-09-29,Robotics & AI,CMCO,0.03333333333333333
2023-09-29,Robotics & AI,PROV,0.03333333333333333
2023-09-29,Robotics & AI,DGICA,0.03333333333333333
2023-09-29,Robotics & AI,TSBK,0.03333333333333333
2023-09-29,Robotics & AI,IIIN,0.03333333333333333
2023-09-29,Robotics & AI,SILC,0.03333333333333333
2023-09-29,Robotics & AI,MITK,0.03333333333333333
2023-09-29,Robotics & AI,NVEC,0.03333333333333333
2023-09-29,Robotics & AI,CSTE,0.03333333333333333
2023-09-29,Robotics & AI,FEIM,0.03333333333333333
2023-09-29,Robotics & AI,DLHC,0.03333333333333333
2023-09-29,Robotics & AI,KE,0.03333333333333333
2023-09-29,Robotics & AI,VLGEA,0.03333333333333333
2023-09-29,Robotics & AI,KVHI,0.03333333333333333
2023-09-29,Robotics & AI,MNSB,0.03333333333333333
2023-09-29,Robotics & AI,EVO,0.03333333333333333
2023-09-29,Robotics & AI,LPRO,0.03333333333333333
2023-09-29,Robotics & AI,MAYS,0.03333333333333333
2023-09-29,Timber & Forestry,GBLI,0.03333333333333333
2023-09-29,Timber & Forestry,MHNC,0.03333333333333333
2023-09-29,Timber & Forestry,JOUT,0.03333333333333333
2023-09-29,Timber & Forestry,FRPH,0.03333333333333333
2023-09-29,Timber & Forestry,ULH,0.03333333333333333
2023-09-29,Timber & Forestry,HURC,0.03333333333333333
2023-09-29,Timber & Forestry,EPSN,0.03333333333333333
2023-09-29,Timber & Forestry,CLMB,0.03333333333333333
2023-09-29,Timber & Forestry,NVEC,0.03333333333333333
2023-09-29,Timber & Forestry,RDCM,0.03333333333333333
2023-09-29,Timber & Forestry,MEI,0.03333333333333333
2023-09-29,Timber & Forestry,CMCO,0.03333333333333333
2023-09-29,Timber & Forestry,IIIN,0.03333333333333333
2023-09-29,Timber & Forestry,LEGH,0.03333333333333333
2023-09-29,Timber & Forestry,FWRD,0.03333333333333333
2023-09-29,Timber & Forestry,EVO,0.03333333333333333
2023-09-29,Timber & Forestry,GLRE,0.03333333333333333
2023-09-29,Timber & Forestry,OEC,0.03333333333333333
2023-09-29,Timber & Forestry,MLAB,0.03333333333333333
2023-09-29,Timber & Forestry,MATV,0.03333333333333333
2023-09-29,Timber & Forestry,DJCO,0.03333333333333333
2023-09-29,Timber & Forestry,CSTE,0.03333333333333333
2023-09-29,Timber & Forestry,SILC,0.03333333333333333
2023-09-29,Timber & Forestry,KMDA,0.03333333333333333
2023-09-29,Timber & Forestry,MED,0.03333333333333333
2023-09-29,Timber & Forestry,KELYA,0.03333333333333333
2023-09-29,Timber & Forestry,NUS,0.03333333333333333
2023-09-29,Timber & Forestry,LPRO,0.03333333333333333
2023-09-29,Timber & Forestry,XRX,0.03333333333333333
2023-09-29,Timber & Forestry,WNC,0.03333333333333333
2023-09-29,US Infrastructure,HCKT,0.03333333333333333
2023-09-29,US Infrastructure,GBLI,0.03333333333333333
2023-09-29,US Infrastructure,RGCO,0.03333333333333333
2023-09-29,US Infrastructure,BBSI,0.03333333333333333
2023-09-29,US Infrastructure,DGICA,0.03333333333333333
2023-09-29,US Infrastructure,UTMD,0.03333333333333333
2023-09-29,US Infrastructure,TRC,0.03333333333333333
2023-09-29,US Infrastructure,GSBC,0.03333333333333333
2023-09-29,US Infrastructure,WSBF,0.03333333333333333
2023-09-29,US Infrastructure,NFBK,0.03333333333333333
2023-09-29,US Infrastructure,MITK,0.03333333333333333
2023-09-29,US Infrastructure,IIIN,0.03333333333333333
2023-09-29,US Infrastructure,TRST,0.03333333333333333
2023-09-29,US Infrastructure,THFF,0.03333333333333333
2023-09-29,US Infrastructure,NRIM,0.03333333333333333
2023-09-29,US Infrastructure,BBDC,0.03333333333333333
2023-09-29,US Infrastructure,ULH,0.03333333333333333
2023-09-29,US Infrastructure,OVBC,0.03333333333333333
2023-09-29,US Infrastructure,FWRD,0.03333333333333333
2023-09-29,US Infrastructure,CTO,0.03333333333333333
2023-09-29,US Infrastructure,MATV,0.03333333333333333
2023-09-29,US Infrastructure,AVD,0.03333333333333333
2023-09-29,US Infrastructure,NVEC,0.03333333333333333
2023-09-29,US Infrastructure,MEI,0.03333333333333333
2023-09-29,US Infrastructure,VLGEA,0.03333333333333333
2023-09-29,US Infrastructure,ARTNA,0.03333333333333333
2023-09-29,US Infrastructure,CCNE,0.03333333333333333
2023-09-29,US Infrastructure,ANGO,0.03333333333333333
2023-09-29,US Infrastructure,VREX,0.03333333333333333
2023-09-29,US Infrastructure,ACNB,0.03333333333333333
2023-09-29,Water,GBLI,0.03333333333333333
2023-09-29,Water,EBF,0.03333333333333333
2023-09-29,Water,HCKT,0.03333333333333333
2023-09-29,Water,RGCO,0.03333333333333333
2023-09-29,Water,UTMD,0.03333333333333333
2023-09-29,Water,MHNC,0.03333333333333333
2023-09-29,Water,JOUT,0.03333333333333333
2023-09-29,Water,PCYO,0.03333333333333333
2023-09-29,Water,TRC,0.03333333333333333
2023-09-29,Water,KFRC,0.03333333333333333
2023-09-29,Water,BBSI,0.03333333333333333
2023-09-29,Water,GLRE,0.03333333333333333
2023-09-29,Water,EVO,0.03333333333333333
2023-09-29,Water,ARTNA,0.03333333333333333
2023-09-29,Water,GWRS,0.03333333333333333
2023-09-29,Water,ULH,0.03333333333333333
2023-09-29,Water,OXM,0.03333333333333333
2023-09-29,Water,MATV,0.03333333333333333
2023-09-29,Water,IIIN,0.03333333333333333
2023-09-29,Water,HSTM,0.03333333333333333
2023-09-29,Water,ANGO,0.03333333333333333
2023-09-29,Water,FWRD,0.03333333333333333
2023-09-29,Water,NWFL,0.03333333333333333
2023-09-29,Water,MLAB,0.03333333333333333
2023-09-29,Water,AVD,0.03333333333333333
2023-09-29,Water,MITK,0.03333333333333333
2023-09-29,Water,EIG,0.03333333333333333
2023-09-29,Water,FNLC,0.03333333333333333
2023-09-29,Water,OEC,0.03333333333333333
2023-09-29,Water,NVEC,0.03333333333333333
2023-10-27,AI Infrastructure,RDVT,0.03333333333333333
2023-10-27,AI Infrastructure,PROV,0.03333333333333333
2023-10-27,AI Infrastructure,NVEC,0.03333333333333333
2023-10-27,AI Infrastructure,FWRD,0.03333333333333333
2023-10-27,AI Infrastructure,TSBK,0.03333333333333333
2023-10-27,AI Infrastructure,HURC,0.03333333333333333
2023-10-27,AI Infrastructure,WSBF,0.03333333333333333
2023-10-27,AI Infrastructure,PPIH,0.03333333333333333
2023-10-27,AI Infrastructure,CCNE,0.03333333333333333
2023-10-27,AI Infrastructure,KE,0.03333333333333333
2023-10-27,AI Infrastructure,SILC,0.03333333333333333
2023-10-27,AI Infrastructure,MAYS,0.03333333333333333
2023-10-27,AI Infrastructure,ACTG,0.03333333333333333
2023-10-27,AI Infrastructure,KRNT,0.03333333333333333
2023-10-27,AI Infrastructure,HY,0.03333333333333333
2023-10-27,AI Infrastructure,DLHC,0.03333333333333333
2023-10-27,AI Infrastructure,ALLT,0.03333333333333333
2023-10-27,AI Infrastructure,FLXS,0.03333333333333333
2023-10-27,AI Infrastructure,INVE,0.03333333333333333
2023-10-27,AI Infrastructure,RELL,0.03333333333333333
2023-10-27,AI Infrastructure,MX,0.03333333333333333
2023-10-27,AI Infrastructure,VREX,0.03333333333333333
2023-10-27,AI Infrastructure,YEXT,0.03333333333333333
2023-10-27,AI Infrastructure,MCHX,0.03333333333333333
2023-10-27,AI Infrastructure,CSIQ,0.03333333333333333
2023-10-27,AI Infrastructure,JMSB,0.03333333333333333
2023-10-27,AI Infrastructure,SB,0.03333333333333333
2023-10-27,AI Infrastructure,ASYS,0.03333333333333333
2023-10-27,AI Infrastructure,BGSF,0.03333333333333333
2023-10-27,AI Infrastructure,PKBK,0.03333333333333333
2023-10-27,Agribusiness,FRPH,0.03333333333333333
2023-10-27,Agribusiness,HCKT,0.03333333333333333
2023-10-27,Agribusiness,HURC,0.03333333333333333
2023-10-27,Agribusiness,VLGEA,0.03333333333333333
2023-10-27,Agribusiness,JOUT,0.03333333333333333
2023-10-27,Agribusiness,ALCO,0.03333333333333333
2023-10-27,Agribusiness,EPSN,0.03333333333333333
2023-10-27,Agribusiness,TRC,0.03333333333333333
2023-10-27,Agribusiness,ULH,0.03333333333333333
2023-10-27,Agribusiness,WTBA,0.03333333333333333
2023-10-27,Agribusiness,TRNS,0.03333333333333333
2023-10-27,Agribusiness,IIIN,0.03333333333333333
2023-10-27,Agribusiness,MLAB,0.03333333333333333
2023-10-27,Agribusiness,OPBK,0.03333333333333333
2023-10-27,Agribusiness,EVO,0.03333333333333333
2023-10-27,Agribusiness,LAND,0.03333333333333333
2023-10-27,Agribusiness,OVBC,0.03333333333333333
2023-10-27,Agribusiness,ERII,0.03333333333333333
2023-10-27,Agribusiness,MATV,0.03333333333333333
2023-10-27,Agribusiness,CCOI,0.03333333333333333
2023-10-27,Agribusiness,SPOK,0.03333333333333333
2023-10-27,Agribusiness,AMSF,0.03333333333333333
2023-10-27,Agribusiness,FPI,0.03333333333333333
2023-10-27,Agribusiness,NUS,0.03333333333333333
2023-10-27,Agribusiness,PKE,0.03333333333333333
2023-10-27,Agribusiness,CTO,0.03333333333333333
2023-10-27,Agribusiness,TITN,0.03333333333333333
2023-10-27,Agribusiness,FF,0.03333333333333333
2023-10-27,Agribusiness,OFLX,0.03333333333333333
2023-10-27,Agribusiness,BRT,0.03333333333333333
2023-10-27,Clean Energy,SELF,0.03333333333333333
2023-10-27,Clean Energy,GBLI,0.03333333333333333
2023-10-27,Clean Energy,PANL,0.03333333333333333
2023-10-27,Clean Energy,NVEC,0.03333333333333333
2023-10-27,Clean Energy,CLMB,0.03333333333333333
2023-10-27,Clean Energy,THFF,0.03333333333333333
2023-10-27,Clean Energy,DLHC,0.03333333333333333
2023-10-27,Clean Energy,ISBA,0.03333333333333333
2023-10-27,Clean Energy,CSIQ,0.03333333333333333
2023-10-27,Clean Energy,OVBC,0.03333333333333333
2023-10-27,Clean Energy,LPRO,0.03333333333333333
2023-10-27,Clean Energy,ARTNA,0.03333333333333333
2023-10-27,Clean Energy,HAFC,0.03333333333333333
2023-10-27,Clean Energy,SPOK,0.03333333333333333
2023-10-27,Clean Energy,CTO,0.03333333333333333
2023-10-27,Clean Energy,SNFCA,0.03333333333333333
2023-10-27,Clean Energy,FF,0.03333333333333333
2023-10-27,Clean Energy,OFLX,0.03333333333333333
2023-10-27,Clean Energy,KWY,0.03333333333333333
2023-10-27,Clean Energy,STRS,0.03333333333333333
2023-10-27,Clean Energy,ALLT,0.03333333333333333
2023-10-27,Clean Energy,FPH,0.03333333333333333
2023-10-27,Clean Energy,JKS,0.03333333333333333
2023-10-27,Clean Energy,LCNB,0.03333333333333333
2023-10-27,Clean Energy,NATH,0.03333333333333333
2023-10-27,Clean Energy,SMID,0.03333333333333333
2023-10-27,Clean Energy,LOAN,0.03333333333333333
2023-10-27,Clean Energy,LND,0.03333333333333333
2023-10-27,Clean Energy,CDXS,0.03333333333333333
2023-10-27,Clean Energy,AMTB,0.03333333333333333
2023-10-27,Critical Minerals,CSIQ,0.03333333333333333
2023-10-27,Critical Minerals,CLMB,0.03333333333333333
2023-10-27,Critical Minerals,LND,0.03333333333333333
2023-10-27,Critical Minerals,SILC,0.03333333333333333
2023-10-27,Critical Minerals,RDCM,0.03333333333333333
2023-10-27,Critical Minerals,DSWL,0.03333333333333333
2023-10-27,Critical Minerals,MED,0.03333333333333333
2023-10-27,Critical Minerals,PANL,0.03333333333333333
2023-10-27,Critical Minerals,OEC,0.03333333333333333
2023-10-27,Critical Minerals,AVD,0.03333333333333333
2023-10-27,Critical Minerals,LGO,0.03333333333333333
2023-10-27,Critical Minerals,SB,0.03333333333333333
2023-10-27,Critical Minerals,FRPH,0.03333333333333333
2023-10-27,Critical Minerals,OSPN,0.03333333333333333
2023-10-27,Critical Minerals,ALRS,0.03333333333333333
2023-10-27,Critical Minerals,FCCO,0.03333333333333333
2023-10-27,Critical Minerals,MEI,0.03333333333333333
2023-10-27,Critical Minerals,GPJA,0.03333333333333333
2023-10-27,Critical Minerals,GPRO,0.03333333333333333
2023-10-27,Critical Minerals,SNFCA,0.03333333333333333
2023-10-27,Critical Minerals,CRESY,0.03333333333333333
2023-10-27,Critical Minerals,GASS,0.03333333333333333
2023-10-27,Critical Minerals,GRVY,0.03333333333333333
2023-10-27,Critical Minerals,USNA,0.03333333333333333
2023-10-27,Critical Minerals,JKS,0.03333333333333333
2023-10-27,Critical Minerals,MTUS,0.03333333333333333
2023-10-27,Critical Minerals,EGAN,0.03333333333333333
2023-10-27,Critical Minerals,KRO,0.03333333333333333
2023-10-27,Critical Minerals,TROX,0.03333333333333333
2023-10-27,Critical Minerals,GHG,0.03333333333333333
2023-10-27,Cybersecurity,TTEC,0.03333333333333333
2023-10-27,Cybersecurity,CBNK,0.03333333333333333
2023-10-27,Cybersecurity,CBAN,0.03333333333333333
2023-10-27,Cybersecurity,GPJA,0.03333333333333333
2023-10-27,Cybersecurity,FEIM,0.03333333333333333
2023-10-27,Cybersecurity,MHNC,0.03333333333333333
2023-10-27,Cybersecurity,EBMT,0.03333333333333333
2023-10-27,Cybersecurity,EBF,0.03333333333333333
2023-10-27,Cybersecurity,CFBK,0.03333333333333333
2023-10-27,Cybersecurity,WSBF,0.03333333333333333
2023-10-27,Cybersecurity,HCKT,0.03333333333333333
2023-10-27,Cybersecurity,JOUT,0.03333333333333333
2023-10-27,Cybersecurity,FBIZ,0.03333333333333333
2023-10-27,Cybersecurity,CBFV,0.03333333333333333
2023-10-27,Cybersecurity,MITK,0.03333333333333333
2023-10-27,Cybersecurity,TSBK,0.03333333333333333
2023-10-27,Cybersecurity,HWBK,0.03333333333333333
2023-10-27,Cybersecurity,LARK,0.03333333333333333
2023-10-27,Cybersecurity,HURC,0.03333333333333333
2023-10-27,Cybersecurity,EPSN,0.03333333333333333
2023-10-27,Cybersecurity,OBT,0.03333333333333333
2023-10-27,Cybersecurity,CIVB,0.03333333333333333
2023-10-27,Cybersecurity,RBB,0.03333333333333333
2023-10-27,Cybersecurity,ULH,0.03333333333333333
2023-10-27,Cybersecurity,FRAF,0.03333333333333333
2023-10-27,Cybersecurity,OFIX,0.03333333333333333
2023-10-27,Cybersecurity,FWRD,0.03333333333333333
2023-10-27,Cybersecurity,NECB,0.03333333333333333
2023-10-27,Cybersecurity,CFFI,0.03333333333333333
2023-10-27,Cybersecurity,MNSB,0.03333333333333333
2023-10-27,Defense,CASS,0.03333333333333333
2023-10-27,Defense,CBFV,0.03333333333333333
2023-10-27,Defense,EBF,0.03333333333333333
2023-10-27,Defense,ITIC,0.03333333333333333
2023-10-27,Defense,BCML,0.03333333333333333
2023-10-27,Defense,FRPH,0.03333333333333333
2023-10-27,Defense,FBIZ,0.03333333333333333
2023-10-27,Defense,BBSI,0.03333333333333333
2023-10-27,Defense,OXM,0.03333333333333333
2023-10-27,Defense,HCKT,0.03333333333333333
2023-10-27,Defense,DGICA,0.03333333333333333
2023-10-27,Defense,FISI,0.03333333333333333
2023-10-27,Defense,CBNK,0.03333333333333333
2023-10-27,Defense,BBDC,0.03333333333333333
2023-10-27,Defense,LARK,0.03333333333333333
2023-10-27,Defense,CFBK,0.03333333333333333
2023-10-27,Defense,OVBC,0.03333333333333333
2023-10-27,Defense,NRC,0.03333333333333333
2023-10-27,Defense,CCBG,0.03333333333333333
2023-10-27,Defense,TTEC,0.03333333333333333
2023-10-27,Defense,MHLA,0.03333333333333333
2023-10-27,Defense,KFRC,0.03333333333333333
2023-10-27,Defense,TSBK,0.03333333333333333
2023-10-27,Defense,UTMD,0.03333333333333333
2023-10-27,Defense,GLRE,0.03333333333333333
2023-10-27,Defense,SGA,0.03333333333333333
2023-10-27,Defense,CTO,0.03333333333333333
2023-10-27,Defense,HURC,0.03333333333333333
2023-10-27,Defense,HWBK,0.03333333333333333
2023-10-27,Defense,TBRG,0.03333333333333333
2023-10-27,Fintech,GPJA,0.03333333333333333
2023-10-27,Fintech,MHNC,0.03333333333333333
2023-10-27,Fintech,CBAN,0.03333333333333333
2023-10-27,Fintech,BCAL,0.03333333333333333
2023-10-27,Fintech,SELF,0.03333333333333333
2023-10-27,Fintech,VABK,0.03333333333333333
2023-10-27,Fintech,GBLI,0.03333333333333333
2023-10-27,Fintech,JOUT,0.03333333333333333
2023-10-27,Fintech,CFBK,0.03333333333333333
2023-10-27,Fintech,DSWL,0.03333333333333333
2023-10-27,Fintech,BCML,0.03333333333333333
2023-10-27,Fintech,FNRN,0.03333333333333333
2023-10-27,Fintech,TTEC,0.03333333333333333
2023-10-27,Fintech,CBFV,0.03333333333333333
2023-10-27,Fintech,NECB,0.03333333333333333
2023-10-27,Fintech,CBNK,0.03333333333333333
2023-10-27,Fintech,PBHC,0.03333333333333333
2023-10-27,Fintech,TSBK,0.03333333333333333
2023-10-27,Fintech,WSBF,0.03333333333333333
2023-10-27,Fintech,SGC,0.03333333333333333
2023-10-27,Fintech,MHLA,0.03333333333333333
2023-10-27,Fintech,FWRD,0.03333333333333333
2023-10-27,Fintech,BOTJ,0.03333333333333333
2023-10-27,Fintech,HURC,0.03333333333333333
2023-10-27,Fintech,CZWI,0.03333333333333333
2023-10-27,Fintech,EPSN,0.03333333333333333
2023-10-27,Fintech,FRST,0.03333333333333333
2023-10-27,Fintech,MVBF,0.03333333333333333
2023-10-27,Fintech,SSBI,0.03333333333333333
2023-10-27,Fintech,HWBK,0.03333333333333333
2023-10-27,Robotics & AI,MHNC,0.03333333333333333
2023-10-27,Robotics & AI,ULH,0.03333333333333333
2023-10-27,Robotics & AI,GBLI,0.03333333333333333
2023-10-27,Robotics & AI,HURC,0.03333333333333333
2023-10-27,Robotics & AI,SILC,0.03333333333333333
2023-10-27,Robotics & AI,FWRD,0.03333333333333333
2023-10-27,Robotics & AI,TTEC,0.03333333333333333
2023-10-27,Robotics & AI,CBNK,0.03333333333333333
2023-10-27,Robotics & AI,MEI,0.03333333333333333
2023-10-27,Robotics & AI,FCCO,0.03333333333333333
2023-10-27,Robotics & AI,CBAN,0.03333333333333333
2023-10-27,Robotics & AI,RDVT,0.03333333333333333
2023-10-27,Robotics & AI,NVEC,0.03333333333333333
2023-10-27,Robotics & AI,PROV,0.03333333333333333
2023-10-27,Robotics & AI,MITK,0.03333333333333333
2023-10-27,Robotics & AI,IIIN,0.03333333333333333
2023-10-27,Robotics & AI,MHLA,0.03333333333333333
2023-10-27,Robotics & AI,OBT,0.03333333333333333
2023-10-27,Robotics & AI,TSBK,0.03333333333333333
2023-10-27,Robotics & AI,FEIM,0.03333333333333333
2023-10-27,Robotics & AI,WSBF,0.03333333333333333
2023-10-27,Robotics & AI,BBDC,0.03333333333333333
2023-10-27,Robotics & AI,XRX,0.03333333333333333
2023-10-27,Robotics & AI,CSTE,0.03333333333333333
2023-10-27,Robotics & AI,KE,0.03333333333333333
2023-10-27,Robotics & AI,MAYS,0.03333333333333333
2023-10-27,Robotics & AI,DLHC,0.03333333333333333
2023-10-27,Robotics & AI,KVHI,0.03333333333333333
2023-10-27,Robotics & AI,VLGEA,0.03333333333333333
2023-10-27,Robotics & AI,SSBI,0.03333333333333333
2023-10-27,Timber & Forestry,GBLI,0.03333333333333333
2023-10-27,Timber & Forestry,MHNC,0.03333333333333333
2023-10-27,Timber & Forestry,GPJA,0.03333333333333333
2023-10-27,Timber & Forestry,FRPH,0.03333333333333333
2023-10-27,Timber & Forestry,EBF,0.03333333333333333
2023-10-27,Timber & Forestry,JOUT,0.03333333333333333
2023-10-27,Timber & Forestry,DSWL,0.03333333333333333
2023-10-27,Timber & Forestry,KFRC,0.03333333333333333
2023-10-27,Timber & Forestry,ULH,0.03333333333333333
2023-10-27,Timber & Forestry,EPSN,0.03333333333333333
2023-10-27,Timber & Forestry,HWBK,0.03333333333333333
2023-10-27,Timber & Forestry,HURC,0.03333333333333333
2023-10-27,Timber & Forestry,RDCM,0.03333333333333333
2023-10-27,Timber & Forestry,OXM,0.03333333333333333
2023-10-27,Timber & Forestry,FNWD,0.03333333333333333
2023-10-27,Timber & Forestry,GLRE,0.03333333333333333
2023-10-27,Timber & Forestry,IIIN,0.03333333333333333
2023-10-27,Timber & Forestry,NVEC,0.03333333333333333
2023-10-27,Timber & Forestry,PCYO,0.03333333333333333
2023-10-27,Timber & Forestry,CMCO,0.03333333333333333
2023-10-27,Timber & Forestry,MEI,0.03333333333333333
2023-10-27,Timber & Forestry,MATV,0.03333333333333333
2023-10-27,Timber & Forestry,CLMB,0.03333333333333333
2023-10-27,Timber & Forestry,EVO,0.03333333333333333
2023-10-27,Timber & Forestry,FWRD,0.03333333333333333
2023-10-27,Timber & Forestry,LEGH,0.03333333333333333
2023-10-27,Timber & Forestry,MHLA,0.03333333333333333
2023-10-27,Timber & Forestry,SILC,0.03333333333333333
2023-10-27,Timber & Forestry,OEC,0.03333333333333333
2023-10-27,Timber & Forestry,TRNS,0.03333333333333333
2023-10-27,US Infrastructure,GBLI,0.03333333333333333
2023-10-27,US Infrastructure,HCKT,0.03333333333333333
2023-10-27,US Infrastructure,RGCO,0.03333333333333333
2023-10-27,US Infrastructure,TRC,0.03333333333333333
2023-10-27,US Infrastructure,UTMD,0.03333333333333333
2023-10-27,US Infrastructure,CBNK,0.03333333333333333
2023-10-27,US Infrastructure,BBSI,0.03333333333333333
2023-10-27,US Infrastructure,WSBF,0.03333333333333333
2023-10-27,US Infrastructure,IIIN,0.03333333333333333
2023-10-27,US Infrastructure,TRST,0.03333333333333333
2023-10-27,US Infrastructure,TBRG,0.03333333333333333
2023-10-27,US Infrastructure,BBDC,0.03333333333333333
2023-10-27,US Infrastructure,HSTM,0.03333333333333333
2023-10-27,US Infrastructure,MITK,0.03333333333333333
2023-10-27,US Infrastructure,OVBC,0.03333333333333333
2023-10-27,US Infrastructure,TRNS,0.03333333333333333
2023-10-27,US Infrastructure,THFF,0.03333333333333333
2023-10-27,US Infrastructure,ALCO,0.03333333333333333
2023-10-27,US Infrastructure,CTO,0.03333333333333333
2023-10-27,US Infrastructure,MATV,0.03333333333333333
2023-10-27,US Infrastructure,MEI,0.03333333333333333
2023-10-27,US Infrastructure,ULH,0.03333333333333333
2023-10-27,US Infrastructure,MHLA,0.03333333333333333
2023-10-27,US Infrastructure,NVEC,0.03333333333333333
2023-10-27,US Infrastructure,FWRD,0.03333333333333333
2023-10-27,US Infrastructure,GLRE,0.03333333333333333
2023-10-27,US Infrastructure,FRAF,0.03333333333333333
2023-10-27,US Infrastructure,NRIM,0.03333333333333333
2023-10-27,US Infrastructure,WTBA,0.03333333333333333
2023-10-27,US Infrastructure,ERII,0.03333333333333333
2023-10-27,Water,GBLI,0.03333333333333333
2023-10-27,Water,EBF,0.03333333333333333
2023-10-27,Water,RGCO,0.03333333333333333
2023-10-27,Water,HCKT,0.03333333333333333
2023-10-27,Water,MHNC,0.03333333333333333
2023-10-27,Water,UTMD,0.03333333333333333
2023-10-27,Water,JOUT,0.03333333333333333
2023-10-27,Water,KFRC,0.03333333333333333
2023-10-27,Water,TTEC,0.03333333333333333
2023-10-27,Water,TRC,0.03333333333333333
2023-10-27,Water,GLRE,0.03333333333333333
2023-10-27,Water,EVO,0.03333333333333333
2023-10-27,Water,ARTNA,0.03333333333333333
2023-10-27,Water,MATV,0.03333333333333333
2023-10-27,Water,PCYO,0.03333333333333333
2023-10-27,Water,HSTM,0.03333333333333333
2023-10-27,Water,IIIN,0.03333333333333333
2023-10-27,Water,MITK,0.03333333333333333
2023-10-27,Water,HWBK,0.03333333333333333
2023-10-27,Water,TRNS,0.03333333333333333
2023-10-27,Water,EIG,0.03333333333333333
2023-10-27,Water,FWRD,0.03333333333333333
2023-10-27,Water,MLAB,0.03333333333333333
2023-10-27,Water,GWRS,0.03333333333333333
2023-10-27,Water,ULH,0.03333333333333333
2023-10-27,Water,MEI,0.03333333333333333
2023-10-27,Water,NWFL,0.03333333333333333
2023-10-27,Water,CMCO,0.03333333333333333
2023-10-27,Water,NRIM,0.03333333333333333
2023-10-27,Water,VREX,0.03333333333333333
2023-11-24,AI Infrastructure,RDVT,0.03333333333333333
2023-11-24,AI Infrastructure,CFBK,0.03333333333333333
2023-11-24,AI Infrastructure,GPJA,0.03333333333333333
2023-11-24,AI Infrastructure,HURC,0.03333333333333333
2023-11-24,AI Infrastructure,TSBK,0.03333333333333333
2023-11-24,AI Infrastructure,CZNC,0.03333333333333333
2023-11-24,AI Infrastructure,NVEC,0.03333333333333333
2023-11-24,AI Infrastructure,WSBF,0.03333333333333333
2023-11-24,AI Infrastructure,KE,0.03333333333333333
2023-11-24,AI Infrastructure,SILC,0.03333333333333333
2023-11-24,AI Infrastructure,DLHC,0.03333333333333333
2023-11-24,AI Infrastructure,MX,0.03333333333333333
2023-11-24,AI Infrastructure,ACTG,0.03333333333333333
2023-11-24,AI Infrastructure,VREX,0.03333333333333333
2023-11-24,AI Infrastructure,KRNY,0.03333333333333333
2023-11-24,AI Infrastructure,ALLT,0.03333333333333333
2023-11-24,AI Infrastructure,JMSB,0.03333333333333333
2023-11-24,AI Infrastructure,RELL,0.03333333333333333
2023-11-24,AI Infrastructure,CSIQ,0.03333333333333333
2023-11-24,AI Infrastructure,YEXT,0.03333333333333333
2023-11-24,AI Infrastructure,GILT,0.03333333333333333
2023-11-24,AI Infrastructure,OSG,0.03333333333333333
2023-11-24,AI Infrastructure,SB,0.03333333333333333
2023-11-24,AI Infrastructure,PKBK,0.03333333333333333
2023-11-24,AI Infrastructure,GHG,0.03333333333333333
2023-11-24,AI Infrastructure,QNST,0.03333333333333333
2023-11-24,AI Infrastructure,MG,0.03333333333333333
2023-11-24,AI Infrastructure,DLNG,0.03333333333333333
2023-11-24,AI Infrastructure,TBCH,0.03333333333333333
2023-11-24,AI Infrastructure,GEG,0.03333333333333333
2023-11-24,Agribusiness,HCKT,0.03333333333333333
2023-11-24,Agribusiness,GBLI,0.03333333333333333
2023-11-24,Agribusiness,VLGEA,0.03333333333333333
2023-11-24,Agribusiness,ULH,0.03333333333333333
2023-11-24,Agribusiness,CASS,0.03333333333333333
2023-11-24,Agribusiness,ALCO,0.03333333333333333
2023-11-24,Agribusiness,TRNS,0.03333333333333333
2023-11-24,Agribusiness,OPBK,0.03333333333333333
2023-11-24,Agribusiness,WTBA,0.03333333333333333
2023-11-24,Agribusiness,ANGO,0.03333333333333333
2023-11-24,Agribusiness,IIIN,0.03333333333333333
2023-11-24,Agribusiness,ACNB,0.03333333333333333
2023-11-24,Agribusiness,OVBC,0.03333333333333333
2023-11-24,Agribusiness,ERII,0.03333333333333333
2023-11-24,Agribusiness,PKE,0.03333333333333333
2023-11-24,Agribusiness,MLAB,0.03333333333333333
2023-11-24,Agribusiness,LAND,0.03333333333333333
2023-11-24,Agribusiness,CCOI,0.03333333333333333
2023-11-24,Agribusiness,FPI,0.03333333333333333
2023-11-24,Agribusiness,TITN,0.03333333333333333
2023-11-24,Agribusiness,NUS,0.03333333333333333
2023-11-24,Agribusiness,NFE,0.03333333333333333
2023-11-24,Agribusiness,FRD,0.03333333333333333
2023-11-24,Agribusiness,AVBH,0.03333333333333333
2023-11-24,Agribusiness,TATT,0.03333333333333333
2023-11-24,Agribusiness,BRT,0.03333333333333333
2023-11-24,Agribusiness,LND,0.03333333333333333
2023-11-24,Agribusiness,GOOS,0.03333333333333333
2023-11-24,Agribusiness,SANG,0.03333333333333333
2023-11-24,Agribusiness,CCRN,0.03333333333333333
2023-11-24,Clean Energy,VABK,0.03333333333333333
2023-11-24,Clean Energy,EVO,0.03333333333333333
2023-11-24,Clean Energy,SELF,0.03333333333333333
2023-11-24,Clean Energy,FNWD,0.03333333333333333
2023-11-24,Clean Energy,GAIN,0.03333333333333333
2023-11-24,Clean Energy,GWRS,0.03333333333333333
2023-11-24,Clean Energy,CSIQ,0.03333333333333333
2023-11-24,Clean Energy,CLMB,0.03333333333333333
2023-11-24,Clean Energy,MLAB,0.03333333333333333
2023-11-24,Clean Energy,ANGO,0.03333333333333333
2023-11-24,Clean Energy,LAND,0.03333333333333333
2023-11-24,Clean Energy,LPRO,0.03333333333333333
2023-11-24,Clean Energy,BWFG,0.03333333333333333
2023-11-24,Clean Energy,NVEC,0.03333333333333333
2023-11-24,Clean Energy,BVFL,0.03333333333333333
2023-11-24,Clean Energy,SILC,0.03333333333333333
2023-11-24,Clean Energy,DLHC,0.03333333333333333
2023-11-24,Clean Energy,SMBC,0.03333333333333333
2023-11-24,Clean Energy,ISBA,0.03333333333333333
2023-11-24,Clean Energy,PANL,0.03333333333333333
2023-11-24,Clean Energy,MAYS,0.03333333333333333
2023-11-24,Clean Energy,PDLB,0.03333333333333333
2023-11-24,Clean Energy,LCNB,0.03333333333333333
2023-11-24,Clean Energy,ICCC,0.03333333333333333
2023-11-24,Clean Energy,CDZI,0.03333333333333333
2023-11-24,Clean Energy,AFBI,0.03333333333333333
2023-11-24,Clean Energy,ACTG,0.03333333333333333
2023-11-24,Clean Energy,STRS,0.03333333333333333
2023-11-24,Clean Energy,SMID,0.03333333333333333
2023-11-24,Clean Energy,INGN,0.03333333333333333
2023-11-24,Critical Minerals,CSIQ,0.03333333333333333
2023-11-24,Critical Minerals,CLMB,0.03333333333333333
2023-11-24,Critical Minerals,SILC,0.03333333333333333
2023-11-24,Critical Minerals,RDCM,0.03333333333333333
2023-11-24,Critical Minerals,DSWL,0.03333333333333333
2023-11-24,Critical Minerals,OEC,0.03333333333333333
2023-11-24,Critical Minerals,AVD,0.03333333333333333
2023-11-24,Critical Minerals,TROX,0.03333333333333333
2023-11-24,Critical Minerals,MLAB,0.03333333333333333
2023-11-24,Critical Minerals,SB,0.03333333333333333
2023-11-24,Critical Minerals,ALRS,0.03333333333333333
2023-11-24,Critical Minerals,GPRO,0.03333333333333333
2023-11-24,Critical Minerals,GRVY,0.03333333333333333
2023-11-24,Critical Minerals,OSPN,0.03333333333333333
2023-11-24,Critical Minerals,SNFCA,0.03333333333333333
2023-11-24,Critical Minerals,LGO,0.03333333333333333
2023-11-24,Critical Minerals,NOA,0.03333333333333333
2023-11-24,Critical Minerals,GHG,0.03333333333333333
2023-11-24,Critical Minerals,EGAN,0.03333333333333333
2023-11-24,Critical Minerals,MEI,0.03333333333333333
2023-11-24,Critical Minerals,FNWD,0.03333333333333333
2023-11-24,Critical Minerals,MTUS,0.03333333333333333
2023-11-24,Critical Minerals,FF,0.03333333333333333
2023-11-24,Critical Minerals,LND,0.03333333333333333
2023-11-24,Critical Minerals,KRO,0.03333333333333333
2023-11-24,Critical Minerals,LSBK,0.03333333333333333
2023-11-24,Critical Minerals,CAPL,0.03333333333333333
2023-11-24,Critical Minerals,JKS,0.03333333333333333
2023-11-24,Critical Minerals,GASS,0.03333333333333333
2023-11-24,Critical Minerals,ASYS,0.03333333333333333
2023-11-24,Cybersecurity,FEIM,0.03333333333333333
2023-11-24,Cybersecurity,CBNK,0.03333333333333333
2023-11-24,Cybersecurity,CBAN,0.03333333333333333
2023-11-24,Cybersecurity,MHNC,0.03333333333333333
2023-11-24,Cybersecurity,EBMT,0.03333333333333333
2023-11-24,Cybersecurity,JOUT,0.03333333333333333
2023-11-24,Cybersecurity,UTMD,0.03333333333333333
2023-11-24,Cybersecurity,TTEC,0.03333333333333333
2023-11-24,Cybersecurity,CASS,0.03333333333333333
2023-11-24,Cybersecurity,EPSN,0.03333333333333333
2023-11-24,Cybersecurity,HWBK,0.03333333333333333
2023-11-24,Cybersecurity,TRC,0.03333333333333333
2023-11-24,Cybersecurity,ULH,0.03333333333333333
2023-11-24,Cybersecurity,MITK,0.03333333333333333
2023-11-24,Cybersecurity,FWRD,0.03333333333333333
2023-11-24,Cybersecurity,CNNE,0.03333333333333333
2023-11-24,Cybersecurity,TSBK,0.03333333333333333
2023-11-24,Cybersecurity,TAYD,0.03333333333333333
2023-11-24,Cybersecurity,NRC,0.03333333333333333
2023-11-24,Cybersecurity,AMPH,0.03333333333333333
2023-11-24,Cybersecurity,KE,0.03333333333333333
2023-11-24,Cybersecurity,OFIX,0.03333333333333333
2023-11-24,Cybersecurity,HSTM,0.03333333333333333
2023-11-24,Cybersecurity,KELYA,0.03333333333333333
2023-11-24,Cybersecurity,ARTNA,0.03333333333333333
2023-11-24,Cybersecurity,EIG,0.03333333333333333
2023-11-24,Cybersecurity,SRI,0.03333333333333333
2023-11-24,Cybersecurity,RDVT,0.03333333333333333
2023-11-24,Cybersecurity,TTGT,0.03333333333333333
2023-11-24,Cybersecurity,NAVI,0.03333333333333333
2023-11-24,Defense,CASS,0.03333333333333333
2023-11-24,Defense,FRPH,0.03333333333333333
2023-11-24,Defense,CBFV,0.03333333333333333
2023-11-24,Defense,EBF,0.03333333333333333
2023-11-24,Defense,BCML,0.03333333333333333
2023-11-24,Defense,HCKT,0.03333333333333333
2023-11-24,Defense,BBSI,0.03333333333333333
2023-11-24,Defense,TAYD,0.03333333333333333
2023-11-24,Defense,CFBK,0.03333333333333333
2023-11-24,Defense,LARK,0.03333333333333333
2023-11-24,Defense,OXM,0.03333333333333333
2023-11-24,Defense,OVBC,0.03333333333333333
2023-11-24,Defense,DSWL,0.03333333333333333
2023-11-24,Defense,ITIC,0.03333333333333333
2023-11-24,Defense,NRC,0.03333333333333333
2023-11-24,Defense,HURC,0.03333333333333333
2023-11-24,Defense,CBNK,0.03333333333333333
2023-11-24,Defense,EPSN,0.03333333333333333
2023-11-24,Defense,FEIM,0.03333333333333333
2023-11-24,Defense,CCBG,0.03333333333333333
2023-11-24,Defense,GLRE,0.03333333333333333
2023-11-24,Defense,TRC,0.03333333333333333
2023-11-24,Defense,MITK,0.03333333333333333
2023-11-24,Defense,AMPH,0.03333333333333333
2023-11-24,Defense,BBDC,0.03333333333333333
2023-11-24,Defense,FUNC,0.03333333333333333
2023-11-24,Defense,CBAN,0.03333333333333333
2023-11-24,Defense,LSAK,0.03333333333333333
2023-11-24,Defense,MHLA,0.03333333333333333
2023-11-24,Defense,HWBK,0.03333333333333333
2023-11-24,Fintech,BCAL,0.03333333333333333
2023-11-24,Fintech,GPJA,0.03333333333333333
2023-11-24,Fintech,MHNC,0.03333333333333333
2023-11-24,Fintech,CBAN,0.03333333333333333
2023-11-24,Fintech,GBLI,0.03333333333333333
2023-11-24,Fintech,DSWL,0.03333333333333333
2023-11-24,Fintech,BCML,0.03333333333333333
2023-11-24,Fintech,JOUT,0.03333333333333333
2023-11-24,Fintech,CFBK,0.03333333333333333
2023-11-24,Fintech,CBFV,0.03333333333333333
2023-11-24,Fintech,NECB,0.03333333333333333
2023-11-24,Fintech,TTEC,0.03333333333333333
2023-11-24,Fintech,MHLA,0.03333333333333333
2023-11-24,Fintech,NWFL,0.03333333333333333
2023-11-24,Fintech,RDVT,0.03333333333333333
2023-11-24,Fintech,FRST,0.03333333333333333
2023-11-24,Fintech,MVBF,0.03333333333333333
2023-11-24,Fintech,XRX,0.03333333333333333
2023-11-24,Fintech,LPRO,0.03333333333333333
2023-11-24,Fintech,MATV,0.03333333333333333
2023-11-24,Fintech,HWBK,0.03333333333333333
2023-11-24,Fintech,CFFI,0.03333333333333333
2023-11-24,Fintech,LOCO,0.03333333333333333
2023-11-24,Fintech,HELE,0.03333333333333333
2023-11-24,Fintech,KRNT,0.03333333333333333
2023-11-24,Fintech,CZWI,0.03333333333333333
2023-11-24,Fintech,SSBI,0.03333333333333333
2023-11-24,Fintech,PDLB,0.03333333333333333
2023-11-24,Fintech,SGA,0.03333333333333333
2023-11-24,Fintech,HY,0.03333333333333333
2023-11-24,Robotics & AI,MHNC,0.03333333333333333
2023-11-24,Robotics & AI,GPJA,0.03333333333333333
2023-11-24,Robotics & AI,ULH,0.03333333333333333
2023-11-24,Robotics & AI,CBAN,0.03333333333333333
2023-11-24,Robotics & AI,JOUT,0.03333333333333333
2023-11-24,Robotics & AI,GBLI,0.03333333333333333
2023-11-24,Robotics & AI,CBNK,0.03333333333333333
2023-11-24,Robotics & AI,FWRD,0.03333333333333333
2023-11-24,Robotics & AI,VABK,0.03333333333333333
2023-11-24,Robotics & AI,RDVT,0.03333333333333333
2023-11-24,Robotics & AI,HURC,0.03333333333333333
2023-11-24,Robotics & AI,TTEC,0.03333333333333333
2023-11-24,Robotics & AI,CMCO,0.03333333333333333
2023-11-24,Robotics & AI,SILC,0.03333333333333333
2023-11-24,Robotics & AI,FEIM,0.03333333333333333
2023-11-24,Robotics & AI,PROV,0.03333333333333333
2023-11-24,Robotics & AI,MITK,0.03333333333333333
2023-11-24,Robotics & AI,OBT,0.03333333333333333
2023-11-24,Robotics & AI,WSBF,0.03333333333333333
2023-11-24,Robotics & AI,TSBK,0.03333333333333333
2023-11-24,Robotics & AI,NVEC,0.03333333333333333
2023-11-24,Robotics & AI,IIIN,0.03333333333333333
2023-11-24,Robotics & AI,LPRO,0.03333333333333333
2023-11-24,Robotics & AI,NECB,0.03333333333333333
2023-11-24,Robotics & AI,CNNE,0.03333333333333333
2023-11-24,Robotics & AI,EVO,0.03333333333333333
2023-11-24,Robotics & AI,MAYS,0.03333333333333333
2023-11-24,Robotics & AI,KRNT,0.03333333333333333
2023-11-24,Robotics & AI,KE,0.03333333333333333
2023-11-24,Robotics & AI,FLXS,0.03333333333333333
2023-11-24,Timber & Forestry,GBLI,0.03333333333333333
2023-11-24,Timber & Forestry,MHNC,0.03333333333333333
2023-11-24,Timber & Forestry,JOUT,0.03333333333333333
2023-11-24,Timber & Forestry,HURC,0.03333333333333333
2023-11-24,Timber & Forestry,EPSN,0.03333333333333333
2023-11-24,Timber & Forestry,ULH,0.03333333333333333
2023-11-24,Timber & Forestry,KFRC,0.03333333333333333
2023-11-24,Timber & Forestry,DSWL,0.03333333333333333
2023-11-24,Timber & Forestry,FWRD,0.03333333333333333
2023-11-24,Timber & Forestry,CLMB,0.03333333333333333
2023-11-24,Timber & Forestry,RDCM,0.03333333333333333
2023-11-24,Timber & Forestry,MEI,0.03333333333333333
2023-11-24,Timber & Forestry,NVEC,0.03333333333333333
2023-11-24,Timber & Forestry,GLRE,0.03333333333333333
2023-11-24,Timber & Forestry,TRNS,0.03333333333333333
2023-11-24,Timber & Forestry,IIIN,0.03333333333333333
2023-11-24,Timber & Forestry,MLAB,0.03333333333333333
2023-11-24,Timber & Forestry,CMCO,0.03333333333333333
2023-11-24,Timber & Forestry,EVO,0.03333333333333333
2023-11-24,Timber & Forestry,MATV,0.03333333333333333
2023-11-24,Timber & Forestry,SILC,0.03333333333333333
2023-11-24,Timber & Forestry,OEC,0.03333333333333333
2023-11-24,Timber & Forestry,KMDA,0.03333333333333333
2023-11-24,Timber & Forestry,KVHI,0.03333333333333333
2023-11-24,Timber & Forestry,MED,0.03333333333333333
2023-11-24,Timber & Forestry,AMSF,0.03333333333333333
2023-11-24,Timber & Forestry,KE,0.03333333333333333
2023-11-24,Timber & Forestry,KELYA,0.03333333333333333
2023-11-24,Timber & Forestry,TITN,0.03333333333333333
2023-11-24,Timber & Forestry,CCOI,0.03333333333333333
2023-11-24,US Infrastructure,GBLI,0.03333333333333333
2023-11-24,US Infrastructure,HCKT,0.03333333333333333
2023-11-24,US Infrastructure,KFRC,0.03333333333333333
2023-11-24,US Infrastructure,TRC,0.03333333333333333
2023-11-24,US Infrastructure,UTMD,0.03333333333333333
2023-11-24,US Infrastructure,JOUT,0.03333333333333333
2023-11-24,US Infrastructure,DSWL,0.03333333333333333
2023-11-24,US Infrastructure,RGCO,0.03333333333333333
2023-11-24,US Infrastructure,ULH,0.03333333333333333
2023-11-24,US Infrastructure,TRNS,0.03333333333333333
2023-11-24,US Infrastructure,NVEC,0.03333333333333333
2023-11-24,US Infrastructure,IIIN,0.03333333333333333
2023-11-24,US Infrastructure,FWRD,0.03333333333333333
2023-11-24,US Infrastructure,MEI,0.03333333333333333
2023-11-24,US Infrastructure,OXM,0.03333333333333333
2023-11-24,US Infrastructure,MATV,0.03333333333333333
2023-11-24,US Infrastructure,ALCO,0.03333333333333333
2023-11-24,US Infrastructure,FEIM,0.03333333333333333
2023-11-24,US Infrastructure,MITK,0.03333333333333333
2023-11-24,US Infrastructure,HSTM,0.03333333333333333
2023-11-24,US Infrastructure,GLRE,0.03333333333333333
2023-11-24,US Infrastructure,ERII,0.03333333333333333
2023-11-24,US Infrastructure,ANGO,0.03333333333333333
2023-11-24,US Infrastructure,VLGEA,0.03333333333333333
2023-11-24,US Infrastructure,AVD,0.03333333333333333
2023-11-24,US Infrastructure,OVBC,0.03333333333333333
2023-11-24,US Infrastructure,NRIM,0.03333333333333333
2023-11-24,US Infrastructure,CMCO,0.03333333333333333
2023-11-24,US Infrastructure,CTO,0.03333333333333333
2023-11-24,US Infrastructure,OPBK,0.03333333333333333
2023-11-24,Water,GBLI,0.03333333333333333
2023-11-24,Water,EBF,0.03333333333333333
2023-11-24,Water,HCKT,0.03333333333333333
2023-11-24,Water,UTMD,0.03333333333333333
2023-11-24,Water,RGCO,0.03333333333333333
2023-11-24,Water,TRC,0.03333333333333333
2023-11-24,Water,KFRC,0.03333333333333333
2023-11-24,Water,JOUT,0.03333333333333333
2023-11-24,Water,WSBF,0.03333333333333333
2023-11-24,Water,PCYO,0.03333333333333333
2023-11-24,Water,OXM,0.03333333333333333
2023-11-24,Water,BBDC,0.03333333333333333
2023-11-24,Water,ARTNA,0.03333333333333333
2023-11-24,Water,FWRD,0.03333333333333333
2023-11-24,Water,IIIN,0.03333333333333333
2023-11-24,Water,GLRE,0.03333333333333333
2023-11-24,Water,TRST,0.03333333333333333
2023-11-24,Water,MATV,0.03333333333333333
2023-11-24,Water,TRNS,0.03333333333333333
2023-11-24,Water,GWRS,0.03333333333333333
2023-11-24,Water,ANGO,0.03333333333333333
2023-11-24,Water,MEI,0.03333333333333333
2023-11-24,Water,ULH,0.03333333333333333
2023-11-24,Water,NVEC,0.03333333333333333
2023-11-24,Water,HSTM,0.03333333333333333
2023-11-24,Water,MITK,0.03333333333333333
2023-11-24,Water,CMCO,0.03333333333333333
2023-11-24,Water,VREX,0.03333333333333333
2023-11-24,Water,OEC,0.03333333333333333
2023-11-24,Water,NRIM,0.03333333333333333
2023-12-29,AI Infrastructure,RDVT,0.03333333333333333
2023-12-29,AI Infrastructure,CFBK,0.03333333333333333
2023-12-29,AI Infrastructure,GPJA,0.03333333333333333
2023-12-29,AI Infrastructure,PROV,0.03333333333333333
2023-12-29,AI Infrastructure,HURC,0.03333333333333333
2023-12-29,AI Infrastructure,NVEC,0.03333333333333333
2023-12-29,AI Infrastructure,CZNC,0.03333333333333333
2023-12-29,AI Infrastructure,TSBK,0.03333333333333333
2023-12-29,AI Infrastructure,RDCM,0.03333333333333333
2023-12-29,AI Infrastructure,SILC,0.03333333333333333
2023-12-29,AI Infrastructure,KE,0.03333333333333333
2023-12-29,AI Infrastructure,PPIH,0.03333333333333333
2023-12-29,AI Infrastructure,BOTJ,0.03333333333333333
2023-12-29,AI Infrastructure,DLHC,0.03333333333333333
2023-12-29,AI Infrastructure,MX,0.03333333333333333
2023-12-29,AI Infrastructure,RELL,0.03333333333333333
2023-12-29,AI Infrastructure,JMSB,0.03333333333333333
2023-12-29,AI Infrastructure,VREX,0.03333333333333333
2023-12-29,AI Infrastructure,GHG,0.03333333333333333
2023-12-29,AI Infrastructure,GILT,0.03333333333333333
2023-12-29,AI Infrastructure,CSIQ,0.03333333333333333
2023-12-29,AI Infrastructure,MCHX,0.03333333333333333
2023-12-29,AI Infrastructure,ALLT,0.03333333333333333
2023-12-29,AI Infrastructure,MG,0.03333333333333333
2023-12-29,AI Infrastructure,PKBK,0.03333333333333333
2023-12-29,AI Infrastructure,OSG,0.03333333333333333
2023-12-29,AI Infrastructure,TBCH,0.03333333333333333
2023-12-29,AI Infrastructure,LOAN,0.03333333333333333
2023-12-29,AI Infrastructure,DLNG,0.03333333333333333
2023-12-29,AI Infrastructure,SB,0.03333333333333333
2023-12-29,Agribusiness,HCKT,0.03333333333333333
2023-12-29,Agribusiness,VLGEA,0.03333333333333333
2023-12-29,Agribusiness,ULH,0.03333333333333333
2023-12-29,Agribusiness,EPSN,0.03333333333333333
2023-12-29,Agribusiness,JOUT,0.03333333333333333
2023-12-29,Agribusiness,DSWL,0.03333333333333333
2023-12-29,Agribusiness,FNWD,0.03333333333333333
2023-12-29,Agribusiness,CASS,0.03333333333333333
2023-12-29,Agribusiness,AVD,0.03333333333333333
2023-12-29,Agribusiness,OPBK,0.03333333333333333
2023-12-29,Agribusiness,ALCO,0.03333333333333333
2023-12-29,Agribusiness,WTBA,0.03333333333333333
2023-12-29,Agribusiness,ANGO,0.03333333333333333
2023-12-29,Agribusiness,KVHI,0.03333333333333333
2023-12-29,Agribusiness,IIIN,0.03333333333333333
2023-12-29,Agribusiness,ERII,0.03333333333333333
2023-12-29,Agribusiness,ACNB,0.03333333333333333
2023-12-29,Agribusiness,LAND,0.03333333333333333
2023-12-29,Agribusiness,MLAB,0.03333333333333333
2023-12-29,Agribusiness,PKE,0.03333333333333333
2023-12-29,Agribusiness,FPI,0.03333333333333333
2023-12-29,Agribusiness,ALRS,0.03333333333333333
2023-12-29,Agribusiness,TITN,0.03333333333333333
2023-12-29,Agribusiness,CCOI,0.03333333333333333
2023-12-29,Agribusiness,NUS,0.03333333333333333
2023-12-29,Agribusiness,FRD,0.03333333333333333
2023-12-29,Agribusiness,NFE,0.03333333333333333
2023-12-29,Agribusiness,TATT,0.03333333333333333
2023-12-29,Agribusiness,LND,0.03333333333333333
2023-12-29,Agribusiness,BRT,0.03333333333333333
2023-12-29,Clean Energy,VABK,0.03333333333333333
2023-12-29,Clean Energy,CSIQ,0.03333333333333333
2023-12-29,Clean Energy,SILC,0.03333333333333333
2023-12-29,Clean Energy,DSWL,0.03333333333333333
2023-12-29,Clean Energy,MLAB,0.03333333333333333
2023-12-29,Clean Energy,SELF,0.03333333333333333
2023-12-29,Clean Energy,EVO,0.03333333333333333
2023-12-29,Clean Energy,FNWD,0.03333333333333333
2023-12-29,Clean Energy,GAIN,0.03333333333333333
2023-12-29,Clean Energy,LAND,0.03333333333333333
2023-12-29,Clean Energy,TRC,0.03333333333333333
2023-12-29,Clean Energy,BVFL,0.03333333333333333
2023-12-29,Clean Energy,GWRS,0.03333333333333333
2023-12-29,Clean Energy,NWFL,0.03333333333333333
2023-12-29,Clean Energy,OBT,0.03333333333333333
2023-12-29,Clean Energy,ANGO,0.03333333333333333
2023-12-29,Clean Energy,CLMB,0.03333333333333333
2023-12-29,Clean Energy,LPRO,0.03333333333333333
2023-12-29,Clean Energy,FXNC,0.03333333333333333
2023-12-29,Clean Energy,CCOI,0.03333333333333333
2023-12-29,Clean Energy,BWFG,0.03333333333333333
2023-12-29,Clean Energy,DLHC,0.03333333333333333
2023-12-29,Clean Energy,BBDC,0.03333333333333333
2023-12-29,Clean Energy,JKS,0.03333333333333333
2023-12-29,Clean Energy,ISBA,0.03333333333333333
2023-12-29,Clean Energy,MAYS,0.03333333333333333
2023-12-29,Clean Energy,PANL,0.03333333333333333
2023-12-29,Clean Energy,ICCC,0.03333333333333333
2023-12-29,Clean Energy,SMID,0.03333333333333333
2023-12-29,Clean Energy,CDZI,0.03333333333333333
2023-12-29,Critical Minerals,CSIQ,0.03333333333333333
2023-12-29,Critical Minerals,SILC,0.03333333333333333
2023-12-29,Critical Minerals,DJCO,0.03333333333333333
2023-12-29,Critical Minerals,SB,0.03333333333333333
2023-12-29,Critical Minerals,CLMB,0.03333333333333333
2023-12-29,Critical Minerals,RDCM,0.03333333333333333
2023-12-29,Critical Minerals,AVD,0.03333333333333333
2023-12-29,Critical Minerals,TROX,0.03333333333333333
2023-12-29,Critical Minerals,PANL,0.03333333333333333
2023-12-29,Critical Minerals,MLAB,0.03333333333333333
2023-12-29,Critical Minerals,OFIX,0.03333333333333333
2023-12-29,Critical Minerals,DSWL,0.03333333333333333
2023-12-29,Critical Minerals,FNWD,0.03333333333333333
2023-12-29,Critical Minerals,ALRS,0.03333333333333333
2023-12-29,Critical Minerals,MEI,0.03333333333333333
2023-12-29,Critical Minerals,OSPN,0.03333333333333333
2023-12-29,Critical Minerals,OEC,0.03333333333333333
2023-12-29,Critical Minerals,NOA,0.03333333333333333
2023-12-29,Critical Minerals,GRVY,0.03333333333333333
2023-12-29,Critical Minerals,LND,0.03333333333333333
2023-12-29,Critical Minerals,EFSI,0.03333333333333333
2023-12-29,Critical Minerals,GPRO,0.03333333333333333
2023-12-29,Critical Minerals,MTUS,0.03333333333333333
2023-12-29,Critical Minerals,GHG,0.03333333333333333
2023-12-29,Critical Minerals,ASYS,0.03333333333333333
2023-12-29,Critical Minerals,KRO,0.03333333333333333
2023-12-29,Critical Minerals,LGO,0.03333333333333333
2023-12-29,Critical Minerals,SNFCA,0.03333333333333333
2023-12-29,Critical Minerals,LSBK,0.03333333333333333
2023-12-29,Critical Minerals,WTBA,0.03333333333333333
2023-12-29,Cybersecurity,CBNK,0.03333333333333333
2023-12-29,Cybersecurity,FRPH,0.03333333333333333
2023-12-29,Cybersecurity,JOUT,0.03333333333333333
2023-12-29,Cybersecurity,GPJA,0.03333333333333333
2023-12-29,Cybersecurity,EBMT,0.03333333333333333
2023-12-29,Cybersecurity,EBF,0.03333333333333333
2023-12-29,Cybersecurity,MHNC,0.03333333333333333
2023-12-29,Cybersecurity,HCKT,0.03333333333333333
2023-12-29,Cybersecurity,FCCO,0.03333333333333333
2023-12-29,Cybersecurity,CFBK,0.03333333333333333
2023-12-29,Cybersecurity,CBAN,0.03333333333333333
2023-12-29,Cybersecurity,CASS,0.03333333333333333
2023-12-29,Cybersecurity,TTEC,0.03333333333333333
2023-12-29,Cybersecurity,LARK,0.03333333333333333
2023-12-29,Cybersecurity,CBFV,0.03333333333333333
2023-12-29,Cybersecurity,ULH,0.03333333333333333
2023-12-29,Cybersecurity,HURC,0.03333333333333333
2023-12-29,Cybersecurity,WSBF,0.03333333333333333
2023-12-29,Cybersecurity,TSBK,0.03333333333333333
2023-12-29,Cybersecurity,CFFI,0.03333333333333333
2023-12-29,Cybersecurity,EPSN,0.03333333333333333
2023-12-29,Cybersecurity,HWBK,0.03333333333333333
2023-12-29,Cybersecurity,MITK,0.03333333333333333
2023-12-29,Cybersecurity,FRAF,0.03333333333333333
2023-12-29,Cybersecurity,NRC,0.03333333333333333
2023-12-29,Cybersecurity,AMPH,0.03333333333333333
2023-12-29,Cybersecurity,NECB,0.03333333333333333
2023-12-29,Cybersecurity,CNNE,0.03333333333333333
2023-12-29,Cybersecurity,CCBG,0.03333333333333333
2023-12-29,Cybersecurity,ACNB,0.03333333333333333
2023-12-29,Defense,CASS,0.03333333333333333
2023-12-29,Defense,FRPH,0.03333333333333333
2023-12-29,Defense,GBLI,0.03333333333333333
2023-12-29,Defense,EBF,0.03333333333333333
2023-12-29,Defense,BCML,0.03333333333333333
2023-12-29,Defense,HCKT,0.03333333333333333
2023-12-29,Defense,BBDC,0.03333333333333333
2023-12-29,Defense,GPJA,0.03333333333333333
2023-12-29,Defense,DGICA,0.03333333333333333
2023-12-29,Defense,NRC,0.03333333333333333
2023-12-29,Defense,LARK,0.03333333333333333
2023-12-29,Defense,GLRE,0.03333333333333333
2023-12-29,Defense,RDCM,0.03333333333333333
2023-12-29,Defense,CFBK,0.03333333333333333
2023-12-29,Defense,OVBC,0.03333333333333333
2023-12-29,Defense,KFRC,0.03333333333333333
2023-12-29,Defense,PCYO,0.03333333333333333
2023-12-29,Defense,MHLA,0.03333333333333333
2023-12-29,Defense,LSAK,0.03333333333333333
2023-12-29,Defense,EPSN,0.03333333333333333
2023-12-29,Defense,HURC,0.03333333333333333
2023-12-29,Defense,BOTJ,0.03333333333333333
2023-12-29,Defense,CIVB,0.03333333333333333
2023-12-29,Defense,SGA,0.03333333333333333
2023-12-29,Defense,NRIM,0.03333333333333333
2023-12-29,Defense,ISBA,0.03333333333333333
2023-12-29,Defense,SCHL,0.03333333333333333
2023-12-29,Defense,GILT,0.03333333333333333
2023-12-29,Defense,CTO,0.03333333333333333
2023-12-29,Defense,AMSF,0.03333333333333333
2023-12-29,Fintech,MHNC,0.03333333333333333
2023-12-29,Fintech,GPJA,0.03333333333333333
2023-12-29,Fintech,CBAN,0.03333333333333333
2023-12-29,Fintech,ITIC,0.03333333333333333
2023-12-29,Fintech,DSWL,0.03333333333333333
2023-12-29,Fintech,BCML,0.03333333333333333
2023-12-29,Fintech,JOUT,0.03333333333333333
2023-12-29,Fintech,GBLI,0.03333333333333333
2023-12-29,Fintech,CBFV,0.03333333333333333
2023-12-29,Fintech,NECB,0.03333333333333333
2023-12-29,Fintech,CFBK,0.03333333333333333
2023-12-29,Fintech,TTEC,0.03333333333333333
2023-12-29,Fintech,FRST,0.03333333333333333
2023-12-29,Fintech,NWFL,0.03333333333333333
2023-12-29,Fintech,SGA,0.03333333333333333
2023-12-29,Fintech,MHLA,0.03333333333333333
2023-12-29,Fintech,SMBK,0.03333333333333333
2023-12-29,Fintech,XRX,0.03333333333333333
2023-12-29,Fintech,LPRO,0.03333333333333333
2023-12-29,Fintech,RDVT,0.03333333333333333
2023-12-29,Fintech,CZWI,0.03333333333333333
2023-12-29,Fintech,MATV,0.03333333333333333
2023-12-29,Fintech,GILT,0.03333333333333333
2023-12-29,Fintech,SSBI,0.03333333333333333
2023-12-29,Fintech,HELE,0.03333333333333333
2023-12-29,Fintech,FUNC,0.03333333333333333
2023-12-29,Fintech,CPF,0.03333333333333333
2023-12-29,Fintech,NODK,0.03333333333333333
2023-12-29,Fintech,PDLB,0.03333333333333333
2023-12-29,Fintech,YEXT,0.03333333333333333
2023-12-29,Robotics & AI,GPJA,0.03333333333333333
2023-12-29,Robotics & AI,MHNC,0.03333333333333333
2023-12-29,Robotics & AI,SILC,0.03333333333333333
2023-12-29,Robotics & AI,CBAN,0.03333333333333333
2023-12-29,Robotics & AI,CBNK,0.03333333333333333
2023-12-29,Robotics & AI,VABK,0.03333333333333333
2023-12-29,Robotics & AI,GBLI,0.03333333333333333
2023-12-29,Robotics & AI,ULH,0.03333333333333333
2023-12-29,Robotics & AI,FCCO,0.03333333333333333
2023-12-29,Robotics & AI,TTEC,0.03333333333333333
2023-12-29,Robotics & AI,FWRD,0.03333333333333333
2023-12-29,Robotics & AI,PROV,0.03333333333333333
2023-12-29,Robotics & AI,RDVT,0.03333333333333333
2023-12-29,Robotics & AI,NVEC,0.03333333333333333
2023-12-29,Robotics & AI,OBT,0.03333333333333333
2023-12-29,Robotics & AI,TSBK,0.03333333333333333
2023-12-29,Robotics & AI,MITK,0.03333333333333333
2023-12-29,Robotics & AI,IIIN,0.03333333333333333
2023-12-29,Robotics & AI,LPRO,0.03333333333333333
2023-12-29,Robotics & AI,MAYS,0.03333333333333333
2023-12-29,Robotics & AI,VLGEA,0.03333333333333333
2023-12-29,Robotics & AI,NECB,0.03333333333333333
2023-12-29,Robotics & AI,BVFL,0.03333333333333333
2023-12-29,Robotics & AI,KMDA,0.03333333333333333
2023-12-29,Robotics & AI,KE,0.03333333333333333
2023-12-29,Robotics & AI,EVO,0.03333333333333333
2023-12-29,Robotics & AI,KVHI,0.03333333333333333
2023-12-29,Robotics & AI,HOFT,0.03333333333333333
2023-12-29,Robotics & AI,MNSB,0.03333333333333333
2023-12-29,Robotics & AI,FLXS,0.03333333333333333
2023-12-29,Timber & Forestry,GBLI,0.03333333333333333
2023-12-29,Timber & Forestry,GPJA,0.03333333333333333
2023-12-29,Timber & Forestry,JOUT,0.03333333333333333
2023-12-29,Timber & Forestry,MHNC,0.03333333333333333
2023-12-29,Timber & Forestry,EPSN,0.03333333333333333
2023-12-29,Timber & Forestry,ULH,0.03333333333333333
2023-12-29,Timber & Forestry,HURC,0.03333333333333333
2023-12-29,Timber & Forestry,CLMB,0.03333333333333333
2023-12-29,Timber & Forestry,DSWL,0.03333333333333333
2023-12-29,Timber & Forestry,KFRC,0.03333333333333333
2023-12-29,Timber & Forestry,MEI,0.03333333333333333
2023-12-29,Timber & Forestry,RDCM,0.03333333333333333
2023-12-29,Timber & Forestry,MLAB,0.03333333333333333
2023-12-29,Timber & Forestry,GLRE,0.03333333333333333
2023-12-29,Timber & Forestry,VLGEA,0.03333333333333333
2023-12-29,Timber & Forestry,CMCO,0.03333333333333333
2023-12-29,Timber & Forestry,SILC,0.03333333333333333
2023-12-29,Timber & Forestry,DJCO,0.03333333333333333
2023-12-29,Timber & Forestry,MATV,0.03333333333333333
2023-12-29,Timber & Forestry,MED,0.03333333333333333
2023-12-29,Timber & Forestry,EVO,0.03333333333333333
2023-12-29,Timber & Forestry,OEC,0.03333333333333333
2023-12-29,Timber & Forestry,IIIN,0.03333333333333333
2023-12-29,Timber & Forestry,NWFL,0.03333333333333333
2023-12-29,Timber & Forestry,KMDA,0.03333333333333333
2023-12-29,Timber & Forestry,KVHI,0.03333333333333333
2023-12-29,Timber & Forestry,TITN,0.03333333333333333
2023-12-29,Timber & Forestry,NUS,0.03333333333333333
2023-12-29,Timber & Forestry,LPRO,0.03333333333333333
2023-12-29,Timber & Forestry,CCOI,0.03333333333333333
2023-12-29,US Infrastructure,GBLI,0.03333333333333333
2023-12-29,US Infrastructure,HCKT,0.03333333333333333
2023-12-29,US Infrastructure,EBF,0.03333333333333333
2023-12-29,US Infrastructure,UTMD,0.03333333333333333
2023-12-29,US Infrastructure,BBSI,0.03333333333333333
2023-12-29,US Infrastructure,TRC,0.03333333333333333
2023-12-29,US Infrastructure,KFRC,0.03333333333333333
2023-12-29,US Infrastructure,JOUT,0.03333333333333333
2023-12-29,US Infrastructure,DSWL,0.03333333333333333
2023-12-29,US Infrastructure,OXM,0.03333333333333333
2023-12-29,US Infrastructure,RGCO,0.03333333333333333
2023-12-29,US Infrastructure,ULH,0.03333333333333333
2023-12-29,US Infrastructure,MEI,0.03333333333333333
2023-12-29,US Infrastructure,FWRD,0.03333333333333333
2023-12-29,US Infrastructure,MATV,0.03333333333333333
2023-12-29,US Infrastructure,TRST,0.03333333333333333
2023-12-29,US Infrastructure,NVEC,0.03333333333333333
2023-12-29,US Infrastructure,OVBC,0.03333333333333333
2023-12-29,US Infrastructure,IIIN,0.03333333333333333
2023-12-29,US Infrastructure,NRIM,0.03333333333333333
2023-12-29,US Infrastructure,BBDC,0.03333333333333333
2023-12-29,US Infrastructure,AVD,0.03333333333333333
2023-12-29,US Infrastructure,ANGO,0.03333333333333333
2023-12-29,US Infrastructure,HSTM,0.03333333333333333
2023-12-29,US Infrastructure,ERII,0.03333333333333333
2023-12-29,US Infrastructure,GLRE,0.03333333333333333
2023-12-29,US Infrastructure,CTO,0.03333333333333333
2023-12-29,US Infrastructure,GWRS,0.03333333333333333
2023-12-29,US Infrastructure,ALCO,0.03333333333333333
2023-12-29,US Infrastructure,OEC,0.03333333333333333
2023-12-29,Water,GBLI,0.03333333333333333
2023-12-29,Water,EBF,0.03333333333333333
2023-12-29,Water,HCKT,0.03333333333333333
2023-12-29,Water,UTMD,0.03333333333333333
2023-12-29,Water,TRC,0.03333333333333333
2023-12-29,Water,BBSI,0.03333333333333333
2023-12-29,Water,JOUT,0.03333333333333333
2023-12-29,Water,KFRC,0.03333333333333333
2023-12-29,Water,MATV,0.03333333333333333
2023-12-29,Water,PCYO,0.03333333333333333
2023-12-29,Water,RGCO,0.03333333333333333
2023-12-29,Water,OXM,0.03333333333333333
2023-12-29,Water,BBDC,0.03333333333333333
2023-12-29,Water,WSBF,0.03333333333333333
2023-12-29,Water,NKSH,0.03333333333333333
2023-12-29,Water,FWRD,0.03333333333333333
2023-12-29,Water,GLRE,0.03333333333333333
2023-12-29,Water,NVEC,0.03333333333333333
2023-12-29,Water,MEI,0.03333333333333333
2023-12-29,Water,ANGO,0.03333333333333333
2023-12-29,Water,ULH,0.03333333333333333
2023-12-29,Water,ARTNA,0.03333333333333333
2023-12-29,Water,AVD,0.03333333333333333
2023-12-29,Water,HSTM,0.03333333333333333
2023-12-29,Water,MITK,0.03333333333333333
2023-12-29,Water,NRIM,0.03333333333333333
2023-12-29,Water,IIIN,0.03333333333333333
2023-12-29,Water,EIG,0.03333333333333333
2023-12-29,Water,GWRS,0.03333333333333333
2023-12-29,Water,MLAB,0.03333333333333333
2024-01-26,AI Infrastructure,BCAL,0.03333333333333333
2024-01-26,AI Infrastructure,PROV,0.03333333333333333
2024-01-26,AI Infrastructure,CFBK,0.03333333333333333
2024-01-26,AI Infrastructure,RDVT,0.03333333333333333
2024-01-26,AI Infrastructure,TSBK,0.03333333333333333
2024-01-26,AI Infrastructure,WSBF,0.03333333333333333
2024-01-26,AI Infrastructure,HURC,0.03333333333333333
2024-01-26,AI Infrastructure,NVEC,0.03333333333333333
2024-01-26,AI Infrastructure,NFBK,0.03333333333333333
2024-01-26,AI Infrastructure,BOTJ,0.03333333333333333
2024-01-26,AI Infrastructure,FMNB,0.03333333333333333
2024-01-26,AI Infrastructure,MAYS,0.03333333333333333
2024-01-26,AI Infrastructure,MRBK,0.03333333333333333
2024-01-26,AI Infrastructure,DLHC,0.03333333333333333
2024-01-26,AI Infrastructure,WNC,0.03333333333333333
2024-01-26,AI Infrastructure,VREX,0.03333333333333333
2024-01-26,AI Infrastructure,FCBC,0.03333333333333333
2024-01-26,AI Infrastructure,APOG,0.03333333333333333
2024-01-26,AI Infrastructure,JMSB,0.03333333333333333
2024-01-26,AI Infrastructure,MX,0.03333333333333333
2024-01-26,AI Infrastructure,PKBK,0.03333333333333333
2024-01-26,AI Infrastructure,ASYS,0.03333333333333333
2024-01-26,AI Infrastructure,MCHX,0.03333333333333333
2024-01-26,AI Infrastructure,TBCH,0.03333333333333333
2024-01-26,AI Infrastructure,MG,0.03333333333333333
2024-01-26,AI Infrastructure,DWSN,0.03333333333333333
2024-01-26,AI Infrastructure,BGSF,0.03333333333333333
2024-01-26,AI Infrastructure,DLNG,0.03333333333333333
2024-01-26,AI Infrastructure,GEG,0.03333333333333333
2024-01-26,AI Infrastructure,ALLT,0.03333333333333333
2024-01-26,Agribusiness,HCKT,0.03333333333333333
2024-01-26,Agribusiness,VLGEA,0.03333333333333333
2024-01-26,Agribusiness,CASS,0.03333333333333333
2024-01-26,Agribusiness,EPSN,0.03333333333333333
2024-01-26,Agribusiness,ANGO,0.03333333333333333
2024-01-26,Agribusiness,JOUT,0.03333333333333333
2024-01-26,Agribusiness,ULH,0.03333333333333333
2024-01-26,Agribusiness,AVD,0.03333333333333333
2024-01-26,Agribusiness,DSWL,0.03333333333333333
2024-01-26,Agribusiness,FNWD,0.03333333333333333
2024-01-26,Agribusiness,OPBK,0.03333333333333333
2024-01-26,Agribusiness,WTBA,0.03333333333333333
2024-01-26,Agribusiness,ERII,0.03333333333333333
2024-01-26,Agribusiness,ACNB,0.03333333333333333
2024-01-26,Agribusiness,KVHI,0.03333333333333333
2024-01-26,Agribusiness,FNLC,0.03333333333333333
2024-01-26,Agribusiness,LAND,0.03333333333333333
2024-01-26,Agribusiness,NPK,0.03333333333333333
2024-01-26,Agribusiness,CCNE,0.03333333333333333
2024-01-26,Agribusiness,FPI,0.03333333333333333
2024-01-26,Agribusiness,PKE,0.03333333333333333
2024-01-26,Agribusiness,IIIN,0.03333333333333333
2024-01-26,Agribusiness,NRIM,0.03333333333333333
2024-01-26,Agribusiness,FISI,0.03333333333333333
2024-01-26,Agribusiness,MLAB,0.03333333333333333
2024-01-26,Agribusiness,TBRG,0.03333333333333333
2024-01-26,Agribusiness,USNA,0.03333333333333333
2024-01-26,Agribusiness,ALRS,0.03333333333333333
2024-01-26,Agribusiness,BRT,0.03333333333333333
2024-01-26,Agribusiness,NUS,0.03333333333333333
2024-01-26,Clean Energy,CSIQ,0.03333333333333333
2024-01-26,Clean Energy,VABK,0.03333333333333333
2024-01-26,Clean Energy,SILC,0.03333333333333333
2024-01-26,Clean Energy,DSWL,0.03333333333333333
2024-01-26,Clean Energy,CLMB,0.03333333333333333
2024-01-26,Clean Energy,FNWD,0.03333333333333333
2024-01-26,Clean Energy,MLAB,0.03333333333333333
2024-01-26,Clean Energy,EVO,0.03333333333333333
2024-01-26,Clean Energy,LAND,0.03333333333333333
2024-01-26,Clean Energy,ANGO,0.03333333333333333
2024-01-26,Clean Energy,GWRS,0.03333333333333333
2024-01-26,Clean Energy,FXNC,0.03333333333333333
2024-01-26,Clean Energy,JKS,0.03333333333333333
2024-01-26,Clean Energy,SMID,0.03333333333333333
2024-01-26,Clean Energy,BVFL,0.03333333333333333
2024-01-26,Clean Energy,BWFG,0.03333333333333333
2024-01-26,Clean Energy,NWFL,0.03333333333333333
2024-01-26,Clean Energy,OBT,0.03333333333333333
2024-01-26,Clean Energy,HVT,0.03333333333333333
2024-01-26,Clean Energy,LPRO,0.03333333333333333
2024-01-26,Clean Energy,CODI,0.03333333333333333
2024-01-26,Clean Energy,OXM,0.03333333333333333
2024-01-26,Clean Energy,HIFS,0.03333333333333333
2024-01-26,Clean Energy,DLHC,0.03333333333333333
2024-01-26,Clean Energy,MAYS,0.03333333333333333
2024-01-26,Clean Energy,ICCC,0.03333333333333333
2024-01-26,Clean Energy,PANL,0.03333333333333333
2024-01-26,Clean Energy,ISBA,0.03333333333333333
2024-01-26,Clean Energy,FRD,0.03333333333333333
2024-01-26,Clean Energy,GHG,0.03333333333333333
2024-01-26,Critical Minerals,CSIQ,0.03333333333333333
2024-01-26,Critical Minerals,SILC,0.03333333333333333
2024-01-26,Critical Minerals,CLMB,0.03333333333333333
2024-01-26,Critical Minerals,SB,0.03333333333333333
2024-01-26,Critical Minerals,OFIX,0.03333333333333333
2024-01-26,Critical Minerals,DSWL,0.03333333333333333
2024-01-26,Critical Minerals,PANL,0.03333333333333333
2024-01-26,Critical Minerals,AVD,0.03333333333333333
2024-01-26,Critical Minerals,OSPN,0.03333333333333333
2024-01-26,Critical Minerals,MTUS,0.03333333333333333
2024-01-26,Critical Minerals,MEI,0.03333333333333333
2024-01-26,Critical Minerals,ASYS,0.03333333333333333
2024-01-26,Critical Minerals,MLAB,0.03333333333333333
2024-01-26,Critical Minerals,FCCO,0.03333333333333333
2024-01-26,Critical Minerals,ALRS,0.03333333333333333
2024-01-26,Critical Minerals,KRO,0.03333333333333333
2024-01-26,Critical Minerals,GRVY,0.03333333333333333
2024-01-26,Critical Minerals,MITK,0.03333333333333333
2024-01-26,Critical Minerals,EGAN,0.03333333333333333
2024-01-26,Critical Minerals,FF,0.03333333333333333
2024-01-26,Critical Minerals,TROX,0.03333333333333333
2024-01-26,Critical Minerals,OEC,0.03333333333333333
2024-01-26,Critical Minerals,GPRO,0.03333333333333333
2024-01-26,Critical Minerals,EAF,0.03333333333333333
2024-01-26,Critical Minerals,LND,0.03333333333333333
2024-01-26,Critical Minerals,GHG,0.03333333333333333
2024-01-26,Critical Minerals,GASS,0.03333333333333333
2024-01-26,Critical Minerals,EDRY,0.03333333333333333
2024-01-26,Critical Minerals,JKS,0.03333333333333333
2024-01-26,Critical Minerals,ESEA,0.03333333333333333
2024-01-26,Cybersecurity,CHSCO,0.03333333333333333
2024-01-26,Cybersecurity,CHSCL,0.03333333333333333
2024-01-26,Cybersecurity,FCCO,0.03333333333333333
2024-01-26,Cybersecurity,EBMT,0.03333333333333333
2024-01-26,Cybersecurity,CBNK,0.03333333333333333
2024-01-26,Cybersecurity,FRPH,0.03333333333333333
2024-01-26,Cybersecurity,HCKT,0.03333333333333333
2024-01-26,Cybersecurity,CBAN,0.03333333333333333
2024-01-26,Cybersecurity,MHNC,0.03333333333333333
2024-01-26,Cybersecurity,JOUT,0.03333333333333333
2024-01-26,Cybersecurity,CFBK,0.03333333333333333
2024-01-26,Cybersecurity,TTEC,0.03333333333333333
2024-01-26,Cybersecurity,DJCO,0.03333333333333333
2024-01-26,Cybersecurity,EPSN,0.03333333333333333
2024-01-26,Cybersecurity,WSBF,0.03333333333333333
2024-01-26,Cybersecurity,TSBK,0.03333333333333333
2024-01-26,Cybersecurity,CFFI,0.03333333333333333
2024-01-26,Cybersecurity,ULH,0.03333333333333333
2024-01-26,Cybersecurity,FRAF,0.03333333333333333
2024-01-26,Cybersecurity,CNNE,0.03333333333333333
2024-01-26,Cybersecurity,TRST,0.03333333333333333
2024-01-26,Cybersecurity,MITK,0.03333333333333333
2024-01-26,Cybersecurity,OFIX,0.03333333333333333
2024-01-26,Cybersecurity,AMPH,0.03333333333333333
2024-01-26,Cybersecurity,CCBG,0.03333333333333333
2024-01-26,Cybersecurity,RVSB,0.03333333333333333
2024-01-26,Cybersecurity,ACNB,0.03333333333333333
2024-01-26,Cybersecurity,MNSB,0.03333333333333333
2024-01-26,Cybersecurity,FRST,0.03333333333333333
2024-01-26,Cybersecurity,WTBA,0.03333333333333333
2024-01-26,Defense,BBDC,0.03333333333333333
2024-01-26,Defense,CASS,0.03333333333333333
2024-01-26,Defense,ANIK,0.03333333333333333
2024-01-26,Defense,DGICA,0.03333333333333333
2024-01-26,Defense,FRPH,0.03333333333333333
2024-01-26,Defense,OXM,0.03333333333333333
2024-01-26,Defense,ITIC,0.03333333333333333
2024-01-26,Defense,BBSI,0.03333333333333333
2024-01-26,Defense,HCKT,0.03333333333333333
2024-01-26,Defense,EBF,0.03333333333333333
2024-01-26,Defense,LARK,0.03333333333333333
2024-01-26,Defense,SGA,0.03333333333333333
2024-01-26,Defense,NAVI,0.03333333333333333
2024-01-26,Defense,LSAK,0.03333333333333333
2024-01-26,Defense,GHI,0.03333333333333333
2024-01-26,Defense,FISI,0.03333333333333333
2024-01-26,Defense,SCHL,0.03333333333333333
2024-01-26,Defense,OVBC,0.03333333333333333
2024-01-26,Defense,GLRE,0.03333333333333333
2024-01-26,Defense,ARTNA,0.03333333333333333
2024-01-26,Defense,GILT,0.03333333333333333
2024-01-26,Defense,NRC,0.03333333333333333
2024-01-26,Defense,NRIM,0.03333333333333333
2024-01-26,Defense,UTL,0.03333333333333333
2024-01-26,Defense,NX,0.03333333333333333
2024-01-26,Defense,APOG,0.03333333333333333
2024-01-26,Defense,LOAN,0.03333333333333333
2024-01-26,Defense,USNA,0.03333333333333333
2024-01-26,Defense,BFS,0.03333333333333333
2024-01-26,Defense,TBRG,0.03333333333333333
2024-01-26,Fintech,GPJA,0.03333333333333333
2024-01-26,Fintech,BCAL,0.03333333333333333
2024-01-26,Fintech,CBAN,0.03333333333333333
2024-01-26,Fintech,CHSCN,0.03333333333333333
2024-01-26,Fintech,MHNC,0.03333333333333333
2024-01-26,Fintech,CHSCM,0.03333333333333333
2024-01-26,Fintech,JOUT,0.03333333333333333
2024-01-26,Fintech,ITIC,0.03333333333333333
2024-01-26,Fintech,SELF,0.03333333333333333
2024-01-26,Fintech,CMCO,0.03333333333333333
2024-01-26,Fintech,DSWL,0.03333333333333333
2024-01-26,Fintech,NECB,0.03333333333333333
2024-01-26,Fintech,TTEC,0.03333333333333333
2024-01-26,Fintech,CBFV,0.03333333333333333
2024-01-26,Fintech,MEI,0.03333333333333333
2024-01-26,Fintech,NAVI,0.03333333333333333
2024-01-26,Fintech,HOFT,0.03333333333333333
2024-01-26,Fintech,NWFL,0.03333333333333333
2024-01-26,Fintech,FRST,0.03333333333333333
2024-01-26,Fintech,RDVT,0.03333333333333333
2024-01-26,Fintech,SMBK,0.03333333333333333
2024-01-26,Fintech,SGA,0.03333333333333333
2024-01-26,Fintech,MATV,0.03333333333333333
2024-01-26,Fintech,LPRO,0.03333333333333333
2024-01-26,Fintech,XRX,0.03333333333333333
2024-01-26,Fintech,MVBF,0.03333333333333333
2024-01-26,Fintech,HELE,0.03333333333333333
2024-01-26,Fintech,OFLX,0.03333333333333333
2024-01-26,Fintech,YEXT,0.03333333333333333
2024-01-26,Fintech,NODK,0.03333333333333333
2024-01-26,Robotics & AI,MHNC,0.03333333333333333
2024-01-26,Robotics & AI,GPJA,0.03333333333333333
2024-01-26,Robotics & AI,JOUT,0.03333333333333333
2024-01-26,Robotics & AI,CBAN,0.03333333333333333
2024-01-26,Robotics & AI,ULH,0.03333333333333333
2024-01-26,Robotics & AI,CBNK,0.03333333333333333
2024-01-26,Robotics & AI,FCCO,0.03333333333333333
2024-01-26,Robotics & AI,GBLI,0.03333333333333333
2024-01-26,Robotics & AI,SILC,0.03333333333333333
2024-01-26,Robotics & AI,VABK,0.03333333333333333
2024-01-26,Robotics & AI,TTEC,0.03333333333333333
2024-01-26,Robotics & AI,CMCO,0.03333333333333333
2024-01-26,Robotics & AI,FWRD,0.03333333333333333
2024-01-26,Robotics & AI,RDVT,0.03333333333333333
2024-01-26,Robotics & AI,PROV,0.03333333333333333
2024-01-26,Robotics & AI,OBT,0.03333333333333333
2024-01-26,Robotics & AI,TSBK,0.03333333333333333
2024-01-26,Robotics & AI,MITK,0.03333333333333333
2024-01-26,Robotics & AI,CNNE,0.03333333333333333
2024-01-26,Robotics & AI,NVEC,0.03333333333333333
2024-01-26,Robotics & AI,NECB,0.03333333333333333
2024-01-26,Robotics & AI,SSBI,0.03333333333333333
2024-01-26,Robotics & AI,MNSB,0.03333333333333333
2024-01-26,Robotics & AI,IIIN,0.03333333333333333
2024-01-26,Robotics & AI,BVFL,0.03333333333333333
2024-01-26,Robotics & AI,HOFT,0.03333333333333333
2024-01-26,Robotics & AI,EVO,0.03333333333333333
2024-01-26,Robotics & AI,LPRO,0.03333333333333333
2024-01-26,Robotics & AI,MAYS,0.03333333333333333
2024-01-26,Robotics & AI,KRNT,0.03333333333333333
2024-01-26,Timber & Forestry,GBLI,0.03333333333333333
2024-01-26,Timber & Forestry,JOUT,0.03333333333333333
2024-01-26,Timber & Forestry,MHNC,0.03333333333333333
2024-01-26,Timber & Forestry,ULH,0.03333333333333333
2024-01-26,Timber & Forestry,MEI,0.03333333333333333
2024-01-26,Timber & Forestry,DSWL,0.03333333333333333
2024-01-26,Timber & Forestry,EPSN,0.03333333333333333
2024-01-26,Timber & Forestry,MATV,0.03333333333333333
2024-01-26,Timber & Forestry,CMCO,0.03333333333333333
2024-01-26,Timber & Forestry,HURC,0.03333333333333333
2024-01-26,Timber & Forestry,FWRD,0.03333333333333333
2024-01-26,Timber & Forestry,KFRC,0.03333333333333333
2024-01-26,Timber & Forestry,CLMB,0.03333333333333333
2024-01-26,Timber & Forestry,SILC,0.03333333333333333
2024-01-26,Timber & Forestry,OEC,0.03333333333333333
2024-01-26,Timber & Forestry,PCYO,0.03333333333333333
2024-01-26,Timber & Forestry,HWBK,0.03333333333333333
2024-01-26,Timber & Forestry,NVEC,0.03333333333333333
2024-01-26,Timber & Forestry,DJCO,0.03333333333333333
2024-01-26,Timber & Forestry,OXM,0.03333333333333333
2024-01-26,Timber & Forestry,RDCM,0.03333333333333333
2024-01-26,Timber & Forestry,MLAB,0.03333333333333333
2024-01-26,Timber & Forestry,NWFL,0.03333333333333333
2024-01-26,Timber & Forestry,IIIN,0.03333333333333333
2024-01-26,Timber & Forestry,MED,0.03333333333333333
2024-01-26,Timber & Forestry,TITN,0.03333333333333333
2024-01-26,Timber & Forestry,CNNE,0.03333333333333333
2024-01-26,Timber & Forestry,EVO,0.03333333333333333
2024-01-26,Timber & Forestry,XRX,0.03333333333333333
2024-01-26,Timber & Forestry,KE,0.03333333333333333
2024-01-26,US Infrastructure,HCKT,0.03333333333333333
2024-01-26,US Infrastructure,GBLI,0.03333333333333333
2024-01-26,US Infrastructure,UTMD,0.03333333333333333
2024-01-26,US Infrastructure,BBSI,0.03333333333333333
2024-01-26,US Infrastructure,ATLO,0.03333333333333333
2024-01-26,US Infrastructure,TRC,0.03333333333333333
2024-01-26,US Infrastructure,GSBC,0.03333333333333333
2024-01-26,US Infrastructure,MATV,0.03333333333333333
2024-01-26,US Infrastructure,DSWL,0.03333333333333333
2024-01-26,US Infrastructure,BBDC,0.03333333333333333
2024-01-26,US Infrastructure,OXM,0.03333333333333333
2024-01-26,US Infrastructure,ANGO,0.03333333333333333
2024-01-26,US Infrastructure,MEI,0.03333333333333333
2024-01-26,US Infrastructure,FWRD,0.03333333333333333
2024-01-26,US Infrastructure,ERII,0.03333333333333333
2024-01-26,US Infrastructure,TRST,0.03333333333333333
2024-01-26,US Infrastructure,NRIM,0.03333333333333333
2024-01-26,US Infrastructure,IIIN,0.03333333333333333
2024-01-26,US Infrastructure,CTO,0.03333333333333333
2024-01-26,US Infrastructure,OVBC,0.03333333333333333
2024-01-26,US Infrastructure,RGCO,0.03333333333333333
2024-01-26,US Infrastructure,CODI,0.03333333333333333
2024-01-26,US Infrastructure,GLRE,0.03333333333333333
2024-01-26,US Infrastructure,THFF,0.03333333333333333
2024-01-26,US Infrastructure,FISI,0.03333333333333333
2024-01-26,US Infrastructure,NX,0.03333333333333333
2024-01-26,US Infrastructure,FRAF,0.03333333333333333
2024-01-26,US Infrastructure,OEC,0.03333333333333333
2024-01-26,US Infrastructure,GWRS,0.03333333333333333
2024-01-26,US Infrastructure,TBRG,0.03333333333333333
2024-01-26,Water,GBLI,0.03333333333333333
2024-01-26,Water,EBF,0.03333333333333333
2024-01-26,Water,UTMD,0.03333333333333333
2024-01-26,Water,MATV,0.03333333333333333
2024-01-26,Water,JOUT,0.03333333333333333
2024-01-26,Water,HCKT,0.03333333333333333
2024-01-26,Water,TRC,0.03333333333333333
2024-01-26,Water,MEI,0.03333333333333333
2024-01-26,Water,PCYO,0.03333333333333333
2024-01-26,Water,ULH,0.03333333333333333
2024-01-26,Water,KFRC,0.03333333333333333
2024-01-26,Water,FWRD,0.03333333333333333
2024-01-26,Water,RGCO,0.03333333333333333
2024-01-26,Water,OXM,0.03333333333333333
2024-01-26,Water,HSTM,0.03333333333333333
2024-01-26,Water,GLRE,0.03333333333333333
2024-01-26,Water,ANGO,0.03333333333333333
2024-01-26,Water,OEC,0.03333333333333333
2024-01-26,Water,GWRS,0.03333333333333333
2024-01-26,Water,NX,0.03333333333333333
2024-01-26,Water,IIIN,0.03333333333333333
2024-01-26,Water,NRIM,0.03333333333333333
2024-01-26,Water,ARTNA,0.03333333333333333
2024-01-26,Water,CMCO,0.03333333333333333
2024-01-26,Water,AVD,0.03333333333333333
2024-01-26,Water,EIG,0.03333333333333333
2024-01-26,Water,MLAB,0.03333333333333333
2024-01-26,Water,FNLC,0.03333333333333333
2024-01-26,Water,CCOI,0.03333333333333333
2024-01-26,Water,NVEC,0.03333333333333333
2024-02-23,AI Infrastructure,BCAL,0.03333333333333333
2024-02-23,AI Infrastructure,CFBK,0.03333333333333333
2024-02-23,AI Infrastructure,FNRN,0.03333333333333333
2024-02-23,AI Infrastructure,RDVT,0.03333333333333333
2024-02-23,AI Infrastructure,BOTJ,0.03333333333333333
2024-02-23,AI Infrastructure,GBLI,0.03333333333333333
2024-02-23,AI Infrastructure,TSBK,0.03333333333333333
2024-02-23,AI Infrastructure,NVEC,0.03333333333333333
2024-02-23,AI Infrastructure,EFSI,0.03333333333333333
2024-02-23,AI Infrastructure,HURC,0.03333333333333333
2024-02-23,AI Infrastructure,WSBF,0.03333333333333333
2024-02-23,AI Infrastructure,PPIH,0.03333333333333333
2024-02-23,AI Infrastructure,TRST,0.03333333333333333
2024-02-23,AI Infrastructure,ACNB,0.03333333333333333
2024-02-23,AI Infrastructure,FMNB,0.03333333333333333
2024-02-23,AI Infrastructure,NFBK,0.03333333333333333
2024-02-23,AI Infrastructure,SSBI,0.03333333333333333
2024-02-23,AI Infrastructure,MNSB,0.03333333333333333
2024-02-23,AI Infrastructure,MX,0.03333333333333333
2024-02-23,AI Infrastructure,FCBC,0.03333333333333333
2024-02-23,AI Infrastructure,DLHC,0.03333333333333333
2024-02-23,AI Infrastructure,JMSB,0.03333333333333333
2024-02-23,AI Infrastructure,MRBK,0.03333333333333333
2024-02-23,AI Infrastructure,ACTG,0.03333333333333333
2024-02-23,AI Infrastructure,KELYA,0.03333333333333333
2024-02-23,AI Infrastructure,VREX,0.03333333333333333
2024-02-23,AI Infrastructure,OSG,0.03333333333333333
2024-02-23,AI Infrastructure,MCHX,0.03333333333333333
2024-02-23,AI Infrastructure,FLXS,0.03333333333333333
2024-02-23,AI Infrastructure,QNST,0.03333333333333333
2024-02-23,Agribusiness,VLGEA,0.03333333333333333
2024-02-23,Agribusiness,FRPH,0.03333333333333333
2024-02-23,Agribusiness,HCKT,0.03333333333333333
2024-02-23,Agribusiness,KFRC,0.03333333333333333
2024-02-23,Agribusiness,JOUT,0.03333333333333333
2024-02-23,Agribusiness,EPSN,0.03333333333333333
2024-02-23,Agribusiness,CASS,0.03333333333333333
2024-02-23,Agribusiness,ULH,0.03333333333333333
2024-02-23,Agribusiness,FEIM,0.03333333333333333
2024-02-23,Agribusiness,TRNS,0.03333333333333333
2024-02-23,Agribusiness,GLRE,0.03333333333333333
2024-02-23,Agribusiness,ANGO,0.03333333333333333
2024-02-23,Agribusiness,AVD,0.03333333333333333
2024-02-23,Agribusiness,FNLC,0.03333333333333333
2024-02-23,Agribusiness,OPBK,0.03333333333333333
2024-02-23,Agribusiness,WTBA,0.03333333333333333
2024-02-23,Agribusiness,MATV,0.03333333333333333
2024-02-23,Agribusiness,LAND,0.03333333333333333
2024-02-23,Agribusiness,FPI,0.03333333333333333
2024-02-23,Agribusiness,ERII,0.03333333333333333
2024-02-23,Agribusiness,KVHI,0.03333333333333333
2024-02-23,Agribusiness,IIIN,0.03333333333333333
2024-02-23,Agribusiness,AMSF,0.03333333333333333
2024-02-23,Agribusiness,MLAB,0.03333333333333333
2024-02-23,Agribusiness,PKE,0.03333333333333333
2024-02-23,Agribusiness,TBRG,0.03333333333333333
2024-02-23,Agribusiness,USNA,0.03333333333333333
2024-02-23,Agribusiness,LEGH,0.03333333333333333
2024-02-23,Agribusiness,FRD,0.03333333333333333
2024-02-23,Agribusiness,TITN,0.03333333333333333
2024-02-23,Clean Energy,CSIQ,0.03333333333333333
2024-02-23,Clean Energy,VABK,0.03333333333333333
2024-02-23,Clean Energy,SELF,0.03333333333333333
2024-02-23,Clean Energy,DSWL,0.03333333333333333
2024-02-23,Clean Energy,FNWD,0.03333333333333333
2024-02-23,Clean Energy,CLMB,0.03333333333333333
2024-02-23,Clean Energy,HVT,0.03333333333333333
2024-02-23,Clean Energy,SILC,0.03333333333333333
2024-02-23,Clean Energy,EVO,0.03333333333333333
2024-02-23,Clean Energy,NWFL,0.03333333333333333
2024-02-23,Clean Energy,CODI,0.03333333333333333
2024-02-23,Clean Energy,GWRS,0.03333333333333333
2024-02-23,Clean Energy,BVFL,0.03333333333333333
2024-02-23,Clean Energy,MLAB,0.03333333333333333
2024-02-23,Clean Energy,LPRO,0.03333333333333333
2024-02-23,Clean Energy,LAND,0.03333333333333333
2024-02-23,Clean Energy,ANGO,0.03333333333333333
2024-02-23,Clean Energy,MAYS,0.03333333333333333
2024-02-23,Clean Energy,BWFG,0.03333333333333333
2024-02-23,Clean Energy,OXM,0.03333333333333333
2024-02-23,Clean Energy,SMID,0.03333333333333333
2024-02-23,Clean Energy,OFLX,0.03333333333333333
2024-02-23,Clean Energy,JKS,0.03333333333333333
2024-02-23,Clean Energy,OBT,0.03333333333333333
2024-02-23,Clean Energy,GHG,0.03333333333333333
2024-02-23,Clean Energy,LCNB,0.03333333333333333
2024-02-23,Clean Energy,PANL,0.03333333333333333
2024-02-23,Clean Energy,TITN,0.03333333333333333
2024-02-23,Clean Energy,ICCC,0.03333333333333333
2024-02-23,Clean Energy,INGN,0.03333333333333333
2024-02-23,Critical Minerals,CSIQ,0.03333333333333333
2024-02-23,Critical Minerals,SILC,0.03333333333333333
2024-02-23,Critical Minerals,CLMB,0.03333333333333333
2024-02-23,Critical Minerals,MTUS,0.03333333333333333
2024-02-23,Critical Minerals,PANL,0.03333333333333333
2024-02-23,Critical Minerals,RDCM,0.03333333333333333
2024-02-23,Critical Minerals,FNWD,0.03333333333333333
2024-02-23,Critical Minerals,DSWL,0.03333333333333333
2024-02-23,Critical Minerals,AVD,0.03333333333333333
2024-02-23,Critical Minerals,TROX,0.03333333333333333
2024-02-23,Critical Minerals,MEI,0.03333333333333333
2024-02-23,Critical Minerals,ALRS,0.03333333333333333
2024-02-23,Critical Minerals,GHG,0.03333333333333333
2024-02-23,Critical Minerals,MLAB,0.03333333333333333
2024-02-23,Critical Minerals,SB,0.03333333333333333
2024-02-23,Critical Minerals,OBT,0.03333333333333333
2024-02-23,Critical Minerals,MED,0.03333333333333333
2024-02-23,Critical Minerals,GPRO,0.03333333333333333
2024-02-23,Critical Minerals,GASS,0.03333333333333333
2024-02-23,Critical Minerals,LND,0.03333333333333333
2024-02-23,Critical Minerals,LGO,0.03333333333333333
2024-02-23,Critical Minerals,GRVY,0.03333333333333333
2024-02-23,Critical Minerals,LAKE,0.03333333333333333
2024-02-23,Critical Minerals,EGAN,0.03333333333333333
2024-02-23,Critical Minerals,ICCC,0.03333333333333333
2024-02-23,Critical Minerals,KRO,0.03333333333333333
2024-02-23,Critical Minerals,OSPN,0.03333333333333333
2024-02-23,Critical Minerals,EDRY,0.03333333333333333
2024-02-23,Critical Minerals,CRESY,0.03333333333333333
2024-02-23,Critical Minerals,JKS,0.03333333333333333
2024-02-23,Cybersecurity,FRPH,0.03333333333333333
2024-02-23,Cybersecurity,CBNK,0.03333333333333333
2024-02-23,Cybersecurity,FCCO,0.03333333333333333
2024-02-23,Cybersecurity,JOUT,0.03333333333333333
2024-02-23,Cybersecurity,MHNC,0.03333333333333333
2024-02-23,Cybersecurity,HCKT,0.03333333333333333
2024-02-23,Cybersecurity,CHMG,0.03333333333333333
2024-02-23,Cybersecurity,BCAL,0.03333333333333333
2024-02-23,Cybersecurity,GPJA,0.03333333333333333
2024-02-23,Cybersecurity,EBF,0.03333333333333333
2024-02-23,Cybersecurity,FEIM,0.03333333333333333
2024-02-23,Cybersecurity,EBMT,0.03333333333333333
2024-02-23,Cybersecurity,CFBK,0.03333333333333333
2024-02-23,Cybersecurity,TTEC,0.03333333333333333
2024-02-23,Cybersecurity,CBAN,0.03333333333333333
2024-02-23,Cybersecurity,LARK,0.03333333333333333
2024-02-23,Cybersecurity,FBIZ,0.03333333333333333
2024-02-23,Cybersecurity,CBFV,0.03333333333333333
2024-02-23,Cybersecurity,CFFI,0.03333333333333333
2024-02-23,Cybersecurity,EPSN,0.03333333333333333
2024-02-23,Cybersecurity,WSBF,0.03333333333333333
2024-02-23,Cybersecurity,HWBK,0.03333333333333333
2024-02-23,Cybersecurity,VLGEA,0.03333333333333333
2024-02-23,Cybersecurity,MITK,0.03333333333333333
2024-02-23,Cybersecurity,TSBK,0.03333333333333333
2024-02-23,Cybersecurity,ACNB,0.03333333333333333
2024-02-23,Cybersecurity,FRAF,0.03333333333333333
2024-02-23,Cybersecurity,AMPH,0.03333333333333333
2024-02-23,Cybersecurity,ULH,0.03333333333333333
2024-02-23,Cybersecurity,NRC,0.03333333333333333
2024-02-23,Defense,CASS,0.03333333333333333
2024-02-23,Defense,BBDC,0.03333333333333333
2024-02-23,Defense,OXM,0.03333333333333333
2024-02-23,Defense,DGICA,0.03333333333333333
2024-02-23,Defense,ANIK,0.03333333333333333
2024-02-23,Defense,BBSI,0.03333333333333333
2024-02-23,Defense,LSAK,0.03333333333333333
2024-02-23,Defense,SGA,0.03333333333333333
2024-02-23,Defense,SCHL,0.03333333333333333
2024-02-23,Defense,OVBC,0.03333333333333333
2024-02-23,Defense,GILT,0.03333333333333333
2024-02-23,Defense,FEIM,0.03333333333333333
2024-02-23,Defense,APOG,0.03333333333333333
2024-02-23,Defense,NAVI,0.03333333333333333
2024-02-23,Defense,FISI,0.03333333333333333
2024-02-23,Defense,NC,0.03333333333333333
2024-02-23,Defense,GHI,0.03333333333333333
2024-02-23,Defense,ARTNA,0.03333333333333333
2024-02-23,Defense,ISBA,0.03333333333333333
2024-02-23,Defense,CTO,0.03333333333333333
2024-02-23,Defense,TRC,0.03333333333333333
2024-02-23,Defense,NRIM,0.03333333333333333
2024-02-23,Defense,BFS,0.03333333333333333
2024-02-23,Defense,AMPH,0.03333333333333333
2024-02-23,Defense,UTL,0.03333333333333333
2024-02-23,Defense,OFLX,0.03333333333333333
2024-02-23,Defense,LOAN,0.03333333333333333
2024-02-23,Defense,LND,0.03333333333333333
2024-02-23,Defense,SMBK,0.03333333333333333
2024-02-23,Defense,NVEC,0.03333333333333333
2024-02-23,Fintech,GPJA,0.03333333333333333
2024-02-23,Fintech,BCAL,0.03333333333333333
2024-02-23,Fintech,CHSCL,0.03333333333333333
2024-02-23,Fintech,CHSCO,0.03333333333333333
2024-02-23,Fintech,CHSCN,0.03333333333333333
2024-02-23,Fintech,MHNC,0.03333333333333333
2024-02-23,Fintech,CHSCM,0.03333333333333333
2024-02-23,Fintech,SELF,0.03333333333333333
2024-02-23,Fintech,JOUT,0.03333333333333333
2024-02-23,Fintech,CBAN,0.03333333333333333
2024-02-23,Fintech,GBLI,0.03333333333333333
2024-02-23,Fintech,NECB,0.03333333333333333
2024-02-23,Fintech,DSWL,0.03333333333333333
2024-02-23,Fintech,CBFV,0.03333333333333333
2024-02-23,Fintech,TTEC,0.03333333333333333
2024-02-23,Fintech,MHLA,0.03333333333333333
2024-02-23,Fintech,CMCO,0.03333333333333333
2024-02-23,Fintech,NAVI,0.03333333333333333
2024-02-23,Fintech,XRX,0.03333333333333333
2024-02-23,Fintech,SSBI,0.03333333333333333
2024-02-23,Fintech,MITK,0.03333333333333333
2024-02-23,Fintech,OFLX,0.03333333333333333
2024-02-23,Fintech,LPRO,0.03333333333333333
2024-02-23,Fintech,HELE,0.03333333333333333
2024-02-23,Fintech,SMBK,0.03333333333333333
2024-02-23,Fintech,CZWI,0.03333333333333333
2024-02-23,Fintech,GHI,0.03333333333333333
2024-02-23,Fintech,GILT,0.03333333333333333
2024-02-23,Fintech,SGA,0.03333333333333333
2024-02-23,Fintech,YEXT,0.03333333333333333
2024-02-23,Robotics & AI,JOUT,0.03333333333333333
2024-02-23,Robotics & AI,MHNC,0.03333333333333333
2024-02-23,Robotics & AI,ULH,0.03333333333333333
2024-02-23,Robotics & AI,FWRD,0.03333333333333333
2024-02-23,Robotics & AI,GBLI,0.03333333333333333
2024-02-23,Robotics & AI,FCCO,0.03333333333333333
2024-02-23,Robotics & AI,CBNK,0.03333333333333333
2024-02-23,Robotics & AI,TTEC,0.03333333333333333
2024-02-23,Robotics & AI,FEIM,0.03333333333333333
2024-02-23,Robotics & AI,MITK,0.03333333333333333
2024-02-23,Robotics & AI,PROV,0.03333333333333333
2024-02-23,Robotics & AI,SILC,0.03333333333333333
2024-02-23,Robotics & AI,VABK,0.03333333333333333
2024-02-23,Robotics & AI,IIIN,0.03333333333333333
2024-02-23,Robotics & AI,VLGEA,0.03333333333333333
2024-02-23,Robotics & AI,NVEC,0.03333333333333333
2024-02-23,Robotics & AI,MAYS,0.03333333333333333
2024-02-23,Robotics & AI,TSBK,0.03333333333333333
2024-02-23,Robotics & AI,EVO,0.03333333333333333
2024-02-23,Robotics & AI,RDVT,0.03333333333333333
2024-02-23,Robotics & AI,OBT,0.03333333333333333
2024-02-23,Robotics & AI,UEIC,0.03333333333333333
2024-02-23,Robotics & AI,MNSB,0.03333333333333333
2024-02-23,Robotics & AI,KMDA,0.03333333333333333
2024-02-23,Robotics & AI,BVFL,0.03333333333333333
2024-02-23,Robotics & AI,DLHC,0.03333333333333333
2024-02-23,Robotics & AI,ACNB,0.03333333333333333
2024-02-23,Robotics & AI,SSBI,0.03333333333333333
2024-02-23,Robotics & AI,HOFT,0.03333333333333333
2024-02-23,Robotics & AI,DAVA,0.03333333333333333
2024-02-23,Timber & Forestry,GBLI,0.03333333333333333
2024-02-23,Timber & Forestry,JOUT,0.03333333333333333
2024-02-23,Timber & Forestry,GPJA,0.03333333333333333
2024-02-23,Timber & Forestry,FRPH,0.03333333333333333
2024-02-23,Timber & Forestry,ULH,0.03333333333333333
2024-02-23,Timber & Forestry,HURC,0.03333333333333333
2024-02-23,Timber & Forestry,EPSN,0.03333333333333333
2024-02-23,Timber & Forestry,MEI,0.03333333333333333
2024-02-23,Timber & Forestry,KFRC,0.03333333333333333
2024-02-23,Timber & Forestry,MATV,0.03333333333333333
2024-02-23,Timber & Forestry,FWRD,0.03333333333333333
2024-02-23,Timber & Forestry,FEIM,0.03333333333333333
2024-02-23,Timber & Forestry,CLMB,0.03333333333333333
2024-02-23,Timber & Forestry,DSWL,0.03333333333333333
2024-02-23,Timber & Forestry,SILC,0.03333333333333333
2024-02-23,Timber & Forestry,HWBK,0.03333333333333333
2024-02-23,Timber & Forestry,CMCO,0.03333333333333333
2024-02-23,Timber & Forestry,RDCM,0.03333333333333333
2024-02-23,Timber & Forestry,OEC,0.03333333333333333
2024-02-23,Timber & Forestry,MLAB,0.03333333333333333
2024-02-23,Timber & Forestry,TTEC,0.03333333333333333
2024-02-23,Timber & Forestry,PCYO,0.03333333333333333
2024-02-23,Timber & Forestry,NVEC,0.03333333333333333
2024-02-23,Timber & Forestry,IIIN,0.03333333333333333
2024-02-23,Timber & Forestry,TRNS,0.03333333333333333
2024-02-23,Timber & Forestry,KE,0.03333333333333333
2024-02-23,Timber & Forestry,ALCO,0.03333333333333333
2024-02-23,Timber & Forestry,AVD,0.03333333333333333
2024-02-23,Timber & Forestry,NWFL,0.03333333333333333
2024-02-23,Timber & Forestry,EVO,0.03333333333333333
2024-02-23,US Infrastructure,GBLI,0.03333333333333333
2024-02-23,US Infrastructure,HCKT,0.03333333333333333
2024-02-23,US Infrastructure,FEIM,0.03333333333333333
2024-02-23,US Infrastructure,BBSI,0.03333333333333333
2024-02-23,US Infrastructure,TRC,0.03333333333333333
2024-02-23,US Infrastructure,ULH,0.03333333333333333
2024-02-23,US Infrastructure,NKSH,0.03333333333333333
2024-02-23,US Infrastructure,FWRD,0.03333333333333333
2024-02-23,US Infrastructure,MEI,0.03333333333333333
2024-02-23,US Infrastructure,MATV,0.03333333333333333
2024-02-23,US Infrastructure,OXM,0.03333333333333333
2024-02-23,US Infrastructure,BBDC,0.03333333333333333
2024-02-23,US Infrastructure,MHLA,0.03333333333333333
2024-02-23,US Infrastructure,IIIN,0.03333333333333333
2024-02-23,US Infrastructure,MITK,0.03333333333333333
2024-02-23,US Infrastructure,ANGO,0.03333333333333333
2024-02-23,US Infrastructure,TRNS,0.03333333333333333
2024-02-23,US Infrastructure,NX,0.03333333333333333
2024-02-23,US Infrastructure,ERII,0.03333333333333333
2024-02-23,US Infrastructure,NRIM,0.03333333333333333
2024-02-23,US Infrastructure,RGCO,0.03333333333333333
2024-02-23,US Infrastructure,CTO,0.03333333333333333
2024-02-23,US Infrastructure,VLGEA,0.03333333333333333
2024-02-23,US Infrastructure,OVBC,0.03333333333333333
2024-02-23,US Infrastructure,NVEC,0.03333333333333333
2024-02-23,US Infrastructure,OEC,0.03333333333333333
2024-02-23,US Infrastructure,MLAB,0.03333333333333333
2024-02-23,US Infrastructure,DLHC,0.03333333333333333
2024-02-23,US Infrastructure,APOG,0.03333333333333333
2024-02-23,US Infrastructure,PKE,0.03333333333333333
2024-02-23,Water,GBLI,0.03333333333333333
2024-02-23,Water,EBF,0.03333333333333333
2024-02-23,Water,JOUT,0.03333333333333333
2024-02-23,Water,HCKT,0.03333333333333333
2024-02-23,Water,MHNC,0.03333333333333333
2024-02-23,Water,NKSH,0.03333333333333333
2024-02-23,Water,KFRC,0.03333333333333333
2024-02-23,Water,MATV,0.03333333333333333
2024-02-23,Water,ULH,0.03333333333333333
2024-02-23,Water,FEIM,0.03333333333333333
2024-02-23,Water,FWRD,0.03333333333333333
2024-02-23,Water,GLRE,0.03333333333333333
2024-02-23,Water,MEI,0.03333333333333333
2024-02-23,Water,TRC,0.03333333333333333
2024-02-23,Water,RGCO,0.03333333333333333
2024-02-23,Water,MLAB,0.03333333333333333
2024-02-23,Water,EIG,0.03333333333333333
2024-02-23,Water,ARTNA,0.03333333333333333
2024-02-23,Water,GWRS,0.03333333333333333
2024-02-23,Water,OXM,0.03333333333333333
2024-02-23,Water,HSTM,0.03333333333333333
2024-02-23,Water,ANGO,0.03333333333333333
2024-02-23,Water,CCOI,0.03333333333333333
2024-02-23,Water,HWBK,0.03333333333333333
2024-02-23,Water,DLHC,0.03333333333333333
2024-02-23,Water,IIIN,0.03333333333333333
2024-02-23,Water,TRNS,0.03333333333333333
2024-02-23,Water,VLGEA,0.03333333333333333
2024-02-23,Water,MITK,0.03333333333333333
2024-02-23,Water,OEC,0.03333333333333333
2024-03-29,AI Infrastructure,PROV,0.03333333333333333
2024-03-29,AI Infrastructure,CFBK,0.03333333333333333
2024-03-29,AI Infrastructure,LSBK,0.03333333333333333
2024-03-29,AI Infrastructure,FCCO,0.03333333333333333
2024-03-29,AI Infrastructure,MNSB,0.03333333333333333
2024-03-29,AI Infrastructure,BOTJ,0.03333333333333333
2024-03-29,AI Infrastructure,SSBI,0.03333333333333333
2024-03-29,AI Infrastructure,TSBK,0.03333333333333333
2024-03-29,AI Infrastructure,MX,0.03333333333333333
2024-03-29,AI Infrastructure,OBT,0.03333333333333333
2024-03-29,AI Infrastructure,ALOT,0.03333333333333333
2024-03-29,AI Infrastructure,JMSB,0.03333333333333333
2024-03-29,AI Infrastructure,PANL,0.03333333333333333
2024-03-29,AI Infrastructure,MRBK,0.03333333333333333
2024-03-29,AI Infrastructure,BPRN,0.03333333333333333
2024-03-29,AI Infrastructure,RBBN,0.03333333333333333
2024-03-29,AI Infrastructure,RDVT,0.03333333333333333
2024-03-29,AI Infrastructure,MG,0.03333333333333333
2024-03-29,AI Infrastructure,CSV,0.03333333333333333
2024-03-29,AI Infrastructure,NFBK,0.03333333333333333
2024-03-29,AI Infrastructure,SILC,0.03333333333333333
2024-03-29,AI Infrastructure,DLHC,0.03333333333333333
2024-03-29,AI Infrastructure,SSTK,0.03333333333333333
2024-03-29,AI Infrastructure,QUIK,0.03333333333333333
2024-03-29,AI Infrastructure,VREX,0.03333333333333333
2024-03-29,AI Infrastructure,SB,0.03333333333333333
2024-03-29,AI Infrastructure,QNST,0.03333333333333333
2024-03-29,AI Infrastructure,PD,0.03333333333333333
2024-03-29,AI Infrastructure,ORN,0.03333333333333333
2024-03-29,AI Infrastructure,FMAO,0.03333333333333333
2024-03-29,Agribusiness,VLGEA,0.03333333333333333
2024-03-29,Agribusiness,TRC,0.03333333333333333
2024-03-29,Agribusiness,CASS,0.03333333333333333
2024-03-29,Agribusiness,CODI,0.03333333333333333
2024-03-29,Agribusiness,NPK,0.03333333333333333
2024-03-29,Agribusiness,LCNB,0.03333333333333333
2024-03-29,Agribusiness,TBRG,0.03333333333333333
2024-03-29,Agribusiness,AVD,0.03333333333333333
2024-03-29,Agribusiness,OXM,0.03333333333333333
2024-03-29,Agribusiness,TRNS,0.03333333333333333
2024-03-29,Agribusiness,LAND,0.03333333333333333
2024-03-29,Agribusiness,LEGH,0.03333333333333333
2024-03-29,Agribusiness,FF,0.03333333333333333
2024-03-29,Agribusiness,LND,0.03333333333333333
2024-03-29,Agribusiness,TITN,0.03333333333333333
2024-03-29,Agribusiness,MTUS,0.03333333333333333
2024-03-29,Agribusiness,HAIN,0.03333333333333333
2024-03-29,Agribusiness,GOOS,0.03333333333333333
2024-03-29,Agribusiness,ENTA,0.03333333333333333
2024-03-29,Agribusiness,NFE,0.03333333333333333
2024-03-29,Agribusiness,SHOE,0.03333333333333333
2024-03-29,Agribusiness,RDIB,0.03333333333333333
2024-03-29,Agribusiness,AGEN,0.03333333333333333
2024-03-29,Agribusiness,METC,0.03333333333333333
2024-03-29,Agribusiness,NEWT,0.03333333333333333
2024-03-29,Agribusiness,CRESY,0.03333333333333333
2024-03-29,Agribusiness,GOGO,0.03333333333333333
2024-03-29,Agribusiness,LGO,0.03333333333333333
2024-03-29,Agribusiness,DCTH,0.03333333333333333
2024-03-29,Agribusiness,ELVA,0.03333333333333333
2024-03-29,Clean Energy,ANGO,0.03333333333333333
2024-03-29,Clean Energy,JRSH,0.03333333333333333
2024-03-29,Clean Energy,FNWD,0.03333333333333333
2024-03-29,Clean Energy,PROV,0.03333333333333333
2024-03-29,Clean Energy,LCNB,0.03333333333333333
2024-03-29,Clean Energy,RGCO,0.03333333333333333
2024-03-29,Clean Energy,CSIQ,0.03333333333333333
2024-03-29,Clean Energy,VABK,0.03333333333333333
2024-03-29,Clean Energy,DSWL,0.03333333333333333
2024-03-29,Clean Energy,CLMB,0.03333333333333333
2024-03-29,Clean Energy,ALCO,0.03333333333333333
2024-03-29,Clean Energy,GWRS,0.03333333333333333
2024-03-29,Clean Energy,WNEB,0.03333333333333333
2024-03-29,Clean Energy,ERII,0.03333333333333333
2024-03-29,Clean Energy,NWFL,0.03333333333333333
2024-03-29,Clean Energy,LSBK,0.03333333333333333
2024-03-29,Clean Energy,ALRS,0.03333333333333333
2024-03-29,Clean Energy,AVD,0.03333333333333333
2024-03-29,Clean Energy,SILC,0.03333333333333333
2024-03-29,Clean Energy,TTGT,0.03333333333333333
2024-03-29,Clean Energy,IIIN,0.03333333333333333
2024-03-29,Clean Energy,TBRG,0.03333333333333333
2024-03-29,Clean Energy,RM,0.03333333333333333
2024-03-29,Clean Energy,FPI,0.03333333333333333
2024-03-29,Clean Energy,CBNK,0.03333333333333333
2024-03-29,Clean Energy,STRS,0.03333333333333333
2024-03-29,Clean Energy,CARE,0.03333333333333333
2024-03-29,Clean Energy,NRIM,0.03333333333333333
2024-03-29,Clean Energy,VNDA,0.03333333333333333
2024-03-29,Clean Energy,PFIS,0.03333333333333333
2024-03-29,Critical Minerals,LND,0.03333333333333333
2024-03-29,Critical Minerals,AVD,0.03333333333333333
2024-03-29,Critical Minerals,MTUS,0.03333333333333333
2024-03-29,Critical Minerals,ACCO,0.03333333333333333
2024-03-29,Critical Minerals,CLMB,0.03333333333333333
2024-03-29,Critical Minerals,NOA,0.03333333333333333
2024-03-29,Critical Minerals,SRI,0.03333333333333333
2024-03-29,Critical Minerals,CSV,0.03333333333333333
2024-03-29,Critical Minerals,SPOK,0.03333333333333333
2024-03-29,Critical Minerals,FF,0.03333333333333333
2024-03-29,Critical Minerals,CSIQ,0.03333333333333333
2024-03-29,Critical Minerals,FEIM,0.03333333333333333
2024-03-29,Critical Minerals,SB,0.03333333333333333
2024-03-29,Critical Minerals,CBAN,0.03333333333333333
2024-03-29,Critical Minerals,TROX,0.03333333333333333
2024-03-29,Critical Minerals,DLHC,0.03333333333333333
2024-03-29,Critical Minerals,KRO,0.03333333333333333
2024-03-29,Critical Minerals,CRESY,0.03333333333333333
2024-03-29,Critical Minerals,GASS,0.03333333333333333
2024-03-29,Critical Minerals,LAKE,0.03333333333333333
2024-03-29,Critical Minerals,OSPN,0.03333333333333333
2024-03-29,Critical Minerals,ASA,0.03333333333333333
2024-03-29,Critical Minerals,BAK,0.03333333333333333
2024-03-29,Critical Minerals,DSX,0.03333333333333333
2024-03-29,Critical Minerals,LGO,0.03333333333333333
2024-03-29,Critical Minerals,GPRK,0.03333333333333333
2024-03-29,Critical Minerals,GRVY,0.03333333333333333
2024-03-29,Critical Minerals,LITB,0.03333333333333333
2024-03-29,Critical Minerals,NFE,0.03333333333333333
2024-03-29,Critical Minerals,GHG,0.03333333333333333
2024-03-29,Cybersecurity,NODK,0.03333333333333333
2024-03-29,Cybersecurity,EBF,0.03333333333333333
2024-03-29,Cybersecurity,ATLO,0.03333333333333333
2024-03-29,Cybersecurity,PROV,0.03333333333333333
2024-03-29,Cybersecurity,FRAF,0.03333333333333333
2024-03-29,Cybersecurity,BBSI,0.03333333333333333
2024-03-29,Cybersecurity,NX,0.03333333333333333
2024-03-29,Cybersecurity,FNLC,0.03333333333333333
2024-03-29,Cybersecurity,MNSB,0.03333333333333333
2024-03-29,Cybersecurity,TSBK,0.03333333333333333
2024-03-29,Cybersecurity,OVBC,0.03333333333333333
2024-03-29,Cybersecurity,THFF,0.03333333333333333
2024-03-29,Cybersecurity,CWBC,0.03333333333333333
2024-03-29,Cybersecurity,WSBF,0.03333333333333333
2024-03-29,Cybersecurity,LARK,0.03333333333333333
2024-03-29,Cybersecurity,EBMT,0.03333333333333333
2024-03-29,Cybersecurity,GSBC,0.03333333333333333
2024-03-29,Cybersecurity,CIVB,0.03333333333333333
2024-03-29,Cybersecurity,FISI,0.03333333333333333
2024-03-29,Cybersecurity,NECB,0.03333333333333333
2024-03-29,Cybersecurity,EPSN,0.03333333333333333
2024-03-29,Cybersecurity,FRBA,0.03333333333333333
2024-03-29,Cybersecurity,HURC,0.03333333333333333
2024-03-29,Cybersecurity,BOTJ,0.03333333333333333
2024-03-29,Cybersecurity,COFS,0.03333333333333333
2024-03-29,Cybersecurity,CCBG,0.03333333333333333
2024-03-29,Cybersecurity,CZWI,0.03333333333333333
2024-03-29,Cybersecurity,OPBK,0.03333333333333333
2024-03-29,Cybersecurity,ASRV,0.03333333333333333
2024-03-29,Cybersecurity,MRBK,0.03333333333333333
2024-03-29,Defense,EBF,0.03333333333333333
2024-03-29,Defense,CASS,0.03333333333333333
2024-03-29,Defense,OXM,0.03333333333333333
2024-03-29,Defense,KFRC,0.03333333333333333
2024-03-29,Defense,NPK,0.03333333333333333
2024-03-29,Defense,BCML,0.03333333333333333
2024-03-29,Defense,TRC,0.03333333333333333
2024-03-29,Defense,BBSI,0.03333333333333333
2024-03-29,Defense,HURC,0.03333333333333333
2024-03-29,Defense,PKBK,0.03333333333333333
2024-03-29,Defense,OVBC,0.03333333333333333
2024-03-29,Defense,BPRN,0.03333333333333333
2024-03-29,Defense,GLRE,0.03333333333333333
2024-03-29,Defense,CBFV,0.03333333333333333
2024-03-29,Defense,FC,0.03333333333333333
2024-03-29,Defense,NATH,0.03333333333333333
2024-03-29,Defense,LARK,0.03333333333333333
2024-03-29,Defense,NODK,0.03333333333333333
2024-03-29,Defense,CZNC,0.03333333333333333
2024-03-29,Defense,HWBK,0.03333333333333333
2024-03-29,Defense,PCYO,0.03333333333333333
2024-03-29,Defense,SGA,0.03333333333333333
2024-03-29,Defense,TSBK,0.03333333333333333
2024-03-29,Defense,NX,0.03333333333333333
2024-03-29,Defense,CTO,0.03333333333333333
2024-03-29,Defense,GSBC,0.03333333333333333
2024-03-29,Defense,CFBK,0.03333333333333333
2024-03-29,Defense,EPSN,0.03333333333333333
2024-03-29,Defense,ANIK,0.03333333333333333
2024-03-29,Defense,PKE,0.03333333333333333
2024-03-29,Fintech,GPJA,0.03333333333333333
2024-03-29,Fintech,NECB,0.03333333333333333
2024-03-29,Fintech,LSBK,0.03333333333333333
2024-03-29,Fintech,NWFL,0.03333333333333333
2024-03-29,Fintech,AFBI,0.03333333333333333
2024-03-29,Fintech,DSWL,0.03333333333333333
2024-03-29,Fintech,CSV,0.03333333333333333
2024-03-29,Fintech,RM,0.03333333333333333
2024-03-29,Fintech,TSBK,0.03333333333333333
2024-03-29,Fintech,MRBK,0.03333333333333333
2024-03-29,Fintech,VABK,0.03333333333333333
2024-03-29,Fintech,MATV,0.03333333333333333
2024-03-29,Fintech,ACCO,0.03333333333333333
2024-03-29,Fintech,CZWI,0.03333333333333333
2024-03-29,Fintech,SSBI,0.03333333333333333
2024-03-29,Fintech,EBMT,0.03333333333333333
2024-03-29,Fintech,MVBF,0.03333333333333333
2024-03-29,Fintech,HWBK,0.03333333333333333
2024-03-29,Fintech,COFS,0.03333333333333333
2024-03-29,Fintech,HELE,0.03333333333333333
2024-03-29,Fintech,FEIM,0.03333333333333333
2024-03-29,Fintech,SSTK,0.03333333333333333
2024-03-29,Fintech,TTEC,0.03333333333333333
2024-03-29,Fintech,RMAX,0.03333333333333333
2024-03-29,Fintech,OBT,0.03333333333333333
2024-03-29,Fintech,BCIC,0.03333333333333333
2024-03-29,Fintech,PEBK,0.03333333333333333
2024-03-29,Fintech,TTGT,0.03333333333333333
2024-03-29,Fintech,KRO,0.03333333333333333
2024-03-29,Fintech,GPRO,0.03333333333333333
2024-03-29,Robotics & AI,CHSCO,0.03333333333333333
2024-03-29,Robotics & AI,CHSCN,0.03333333333333333
2024-03-29,Robotics & AI,CHSCM,0.03333333333333333
2024-03-29,Robotics & AI,GPJA,0.03333333333333333
2024-03-29,Robotics & AI,ACCO,0.03333333333333333
2024-03-29,Robotics & AI,MHNC,0.03333333333333333
2024-03-29,Robotics & AI,LSBK,0.03333333333333333
2024-03-29,Robotics & AI,OEC,0.03333333333333333
2024-03-29,Robotics & AI,JRSH,0.03333333333333333
2024-03-29,Robotics & AI,CMCO,0.03333333333333333
2024-03-29,Robotics & AI,ULH,0.03333333333333333
2024-03-29,Robotics & AI,CSV,0.03333333333333333
2024-03-29,Robotics & AI,ALOT,0.03333333333333333
2024-03-29,Robotics & AI,CLMB,0.03333333333333333
2024-03-29,Robotics & AI,IIIN,0.03333333333333333
2024-03-29,Robotics & AI,LEGH,0.03333333333333333
2024-03-29,Robotics & AI,NVEC,0.03333333333333333
2024-03-29,Robotics & AI,WNC,0.03333333333333333
2024-03-29,Robotics & AI,XRX,0.03333333333333333
2024-03-29,Robotics & AI,SSBI,0.03333333333333333
2024-03-29,Robotics & AI,RDVT,0.03333333333333333
2024-03-29,Robotics & AI,SILC,0.03333333333333333
2024-03-29,Robotics & AI,MLAB,0.03333333333333333
2024-03-29,Robotics & AI,GPRO,0.03333333333333333
2024-03-29,Robotics & AI,PANL,0.03333333333333333
2024-03-29,Robotics & AI,SSTK,0.03333333333333333
2024-03-29,Robotics & AI,TSQ,0.03333333333333333
2024-03-29,Robotics & AI,KRO,0.03333333333333333
2024-03-29,Robotics & AI,KELYA,0.03333333333333333
2024-03-29,Robotics & AI,MYGN,0.03333333333333333
2024-03-29,Timber & Forestry,MHNC,0.03333333333333333
2024-03-29,Timber & Forestry,PROV,0.03333333333333333
2024-03-29,Timber & Forestry,ACCO,0.03333333333333333
2024-03-29,Timber & Forestry,NX,0.03333333333333333
2024-03-29,Timber & Forestry,ULH,0.03333333333333333
2024-03-29,Timber & Forestry,FNWD,0.03333333333333333
2024-03-29,Timber & Forestry,NECB,0.03333333333333333
2024-03-29,Timber & Forestry,CMTV,0.03333333333333333
2024-03-29,Timber & Forestry,CMCO,0.03333333333333333
2024-03-29,Timber & Forestry,PFX,0.03333333333333333
2024-03-29,Timber & Forestry,RM,0.03333333333333333
2024-03-29,Timber & Forestry,LEGH,0.03333333333333333
2024-03-29,Timber & Forestry,CNNE,0.03333333333333333
2024-03-29,Timber & Forestry,HOFT,0.03333333333333333
2024-03-29,Timber & Forestry,DSWL,0.03333333333333333
2024-03-29,Timber & Forestry,NWFL,0.03333333333333333
2024-03-29,Timber & Forestry,OEC,0.03333333333333333
2024-03-29,Timber & Forestry,IIIN,0.03333333333333333
2024-03-29,Timber & Forestry,WNC,0.03333333333333333
2024-03-29,Timber & Forestry,SSBI,0.03333333333333333
2024-03-29,Timber & Forestry,CLMB,0.03333333333333333
2024-03-29,Timber & Forestry,MATV,0.03333333333333333
2024-03-29,Timber & Forestry,XRX,0.03333333333333333
2024-03-29,Timber & Forestry,HY,0.03333333333333333
2024-03-29,Timber & Forestry,FWRD,0.03333333333333333
2024-03-29,Timber & Forestry,TITN,0.03333333333333333
2024-03-29,Timber & Forestry,BRID,0.03333333333333333
2024-03-29,Timber & Forestry,HELE,0.03333333333333333
2024-03-29,Timber & Forestry,GPRO,0.03333333333333333
2024-03-29,Timber & Forestry,ESCA,0.03333333333333333
2024-03-29,US Infrastructure,VLGEA,0.03333333333333333
2024-03-29,US Infrastructure,EBF,0.03333333333333333
2024-03-29,US Infrastructure,NX,0.03333333333333333
2024-03-29,US Infrastructure,TRC,0.03333333333333333
2024-03-29,US Infrastructure,BBSI,0.03333333333333333
2024-03-29,US Infrastructure,APOG,0.03333333333333333
2024-03-29,US Infrastructure,WNEB,0.03333333333333333
2024-03-29,US Infrastructure,GLRE,0.03333333333333333
2024-03-29,US Infrastructure,PCYO,0.03333333333333333
2024-03-29,US Infrastructure,OXM,0.03333333333333333
2024-03-29,US Infrastructure,TRNS,0.03333333333333333
2024-03-29,US Infrastructure,ULH,0.03333333333333333
2024-03-29,US Infrastructure,CTO,0.03333333333333333
2024-03-29,US Infrastructure,GWRS,0.03333333333333333
2024-03-29,US Infrastructure,NPK,0.03333333333333333
2024-03-29,US Infrastructure,EIG,0.03333333333333333
2024-03-29,US Infrastructure,IIIN,0.03333333333333333
2024-03-29,US Infrastructure,NKSH,0.03333333333333333
2024-03-29,US Infrastructure,LCNB,0.03333333333333333
2024-03-29,US Infrastructure,CMCO,0.03333333333333333
2024-03-29,US Infrastructure,PKE,0.03333333333333333
2024-03-29,US Infrastructure,NRIM,0.03333333333333333
2024-03-29,US Infrastructure,CODI,0.03333333333333333
2024-03-29,US Infrastructure,FEIM,0.03333333333333333
2024-03-29,US Infrastructure,STRS,0.03333333333333333
2024-03-29,US Infrastructure,ALOT,0.03333333333333333
2024-03-29,US Infrastructure,ERII,0.03333333333333333
2024-03-29,US Infrastructure,LEGH,0.03333333333333333
2024-03-29,US Infrastructure,WNC,0.03333333333333333
2024-03-29,US Infrastructure,OEC,0.03333333333333333
2024-03-29,Water,PCYO,0.03333333333333333
2024-03-29,Water,NX,0.03333333333333333
2024-03-29,Water,KFRC,0.03333333333333333
2024-03-29,Water,BBSI,0.03333333333333333
2024-03-29,Water,GLRE,0.03333333333333333
2024-03-29,Water,RGCO,0.03333333333333333
2024-03-29,Water,NWFL,0.03333333333333333
2024-03-29,Water,GWRS,0.03333333333333333
2024-03-29,Water,APOG,0.03333333333333333
2024-03-29,Water,NKSH,0.03333333333333333
2024-03-29,Water,IIIN,0.03333333333333333
2024-03-29,Water,WNEB,0.03333333333333333
2024-03-29,Water,MHNC,0.03333333333333333
2024-03-29,Water,HSTM,0.03333333333333333
2024-03-29,Water,ALOT,0.03333333333333333
2024-03-29,Water,EIG,0.03333333333333333
2024-03-29,Water,ULH,0.03333333333333333
2024-03-29,Water,UNB,0.03333333333333333
2024-03-29,Water,HWBK,0.03333333333333333
2024-03-29,Water,OXM,0.03333333333333333
2024-03-29,Water,FEIM,0.03333333333333333
2024-03-29,Water,CMCO,0.03333333333333333
2024-03-29,Water,LEGH,0.03333333333333333
2024-03-29,Water,ARTNA,0.03333333333333333
2024-03-29,Water,OEC,0.03333333333333333
2024-03-29,Water,WNC,0.03333333333333333
2024-03-29,Water,STRS,0.03333333333333333
2024-03-29,Water,JRSH,0.03333333333333333
2024-03-29,Water,TRNS,0.03333333333333333
2024-03-29,Water,ETD,0.03333333333333333
2024-04-26,AI Infrastructure,PROV,0.03333333333333333
2024-04-26,AI Infrastructure,CFBK,0.03333333333333333
2024-04-26,AI Infrastructure,FCCO,0.03333333333333333
2024-04-26,AI Infrastructure,LOAN,0.03333333333333333
2024-04-26,AI Infrastructure,TSBK,0.03333333333333333
2024-04-26,AI Infrastructure,HFBL,0.03333333333333333
2024-04-26,AI Infrastructure,XRX,0.03333333333333333
2024-04-26,AI Infrastructure,CWBC,0.03333333333333333
2024-04-26,AI Infrastructure,MNSB,0.03333333333333333
2024-04-26,AI Infrastructure,MX,0.03333333333333333
2024-04-26,AI Infrastructure,OBT,0.03333333333333333
2024-04-26,AI Infrastructure,BGSF,0.03333333333333333
2024-04-26,AI Infrastructure,ALOT,0.03333333333333333
2024-04-26,AI Infrastructure,RDVT,0.03333333333333333
2024-04-26,AI Infrastructure,THFF,0.03333333333333333
2024-04-26,AI Infrastructure,BPRN,0.03333333333333333
2024-04-26,AI Infrastructure,RBBN,0.03333333333333333
2024-04-26,AI Infrastructure,QNST,0.03333333333333333
2024-04-26,AI Infrastructure,CCNE,0.03333333333333333
2024-04-26,AI Infrastructure,ALLT,0.03333333333333333
2024-04-26,AI Infrastructure,FC,0.03333333333333333
2024-04-26,AI Infrastructure,MCHX,0.03333333333333333
2024-04-26,AI Infrastructure,JMSB,0.03333333333333333
2024-04-26,AI Infrastructure,DSX,0.03333333333333333
2024-04-26,AI Infrastructure,NFBK,0.03333333333333333
2024-04-26,AI Infrastructure,FWDI,0.03333333333333333
2024-04-26,AI Infrastructure,SRI,0.03333333333333333
2024-04-26,AI Infrastructure,OSG,0.03333333333333333
2024-04-26,AI Infrastructure,YEXT,0.03333333333333333
2024-04-26,AI Infrastructure,MG,0.03333333333333333
2024-04-26,Agribusiness,VLGEA,0.03333333333333333
2024-04-26,Agribusiness,TRC,0.03333333333333333
2024-04-26,Agribusiness,GLRE,0.03333333333333333
2024-04-26,Agribusiness,LCNB,0.03333333333333333
2024-04-26,Agribusiness,PKE,0.03333333333333333
2024-04-26,Agribusiness,AVD,0.03333333333333333
2024-04-26,Agribusiness,COFS,0.03333333333333333
2024-04-26,Agribusiness,OXM,0.03333333333333333
2024-04-26,Agribusiness,TBRG,0.03333333333333333
2024-04-26,Agribusiness,SGA,0.03333333333333333
2024-04-26,Agribusiness,AVBH,0.03333333333333333
2024-04-26,Agribusiness,NC,0.03333333333333333
2024-04-26,Agribusiness,TRNS,0.03333333333333333
2024-04-26,Agribusiness,CARE,0.03333333333333333
2024-04-26,Agribusiness,LAND,0.03333333333333333
2024-04-26,Agribusiness,BRT,0.03333333333333333
2024-04-26,Agribusiness,LEGH,0.03333333333333333
2024-04-26,Agribusiness,CLMB,0.03333333333333333
2024-04-26,Agribusiness,STRS,0.03333333333333333
2024-04-26,Agribusiness,FEIM,0.03333333333333333
2024-04-26,Agribusiness,GNE,0.03333333333333333
2024-04-26,Agribusiness,MNOV,0.03333333333333333
2024-04-26,Agribusiness,SRI,0.03333333333333333
2024-04-26,Agribusiness,LND,0.03333333333333333
2024-04-26,Agribusiness,ENTA,0.03333333333333333
2024-04-26,Agribusiness,TITN,0.03333333333333333
2024-04-26,Agribusiness,HAIN,0.03333333333333333
2024-04-26,Agribusiness,SHOE,0.03333333333333333
2024-04-26,Agribusiness,MTUS,0.03333333333333333
2024-04-26,Agribusiness,RDIB,0.03333333333333333
2024-04-26,Clean Energy,LSBK,0.03333333333333333
2024-04-26,Clean Energy,DSWL,0.03333333333333333
2024-04-26,Clean Energy,CODI,0.03333333333333333
2024-04-26,Clean Energy,LCNB,0.03333333333333333
2024-04-26,Clean Energy,HFBL,0.03333333333333333
2024-04-26,Clean Energy,JACK,0.03333333333333333
2024-04-26,Clean Energy,VABK,0.03333333333333333
2024-04-26,Clean Energy,CSIQ,0.03333333333333333
2024-04-26,Clean Energy,ASIX,0.03333333333333333
2024-04-26,Clean Energy,TBRG,0.03333333333333333
2024-04-26,Clean Energy,BVFL,0.03333333333333333
2024-04-26,Clean Energy,OXM,0.03333333333333333
2024-04-26,Clean Energy,FPI,0.03333333333333333
2024-04-26,Clean Energy,LAND,0.03333333333333333
2024-04-26,Clean Energy,OBT,0.03333333333333333
2024-04-26,Clean Energy,FOXF,0.03333333333333333
2024-04-26,Clean Energy,STRS,0.03333333333333333
2024-04-26,Clean Energy,RMAX,0.03333333333333333
2024-04-26,Clean Energy,ANGO,0.03333333333333333
2024-04-26,Clean Energy,SILC,0.03333333333333333
2024-04-26,Clean Energy,FRD,0.03333333333333333
2024-04-26,Clean Energy,TSQ,0.03333333333333333
2024-04-26,Clean Energy,FWRD,0.03333333333333333
2024-04-26,Clean Energy,MTUS,0.03333333333333333
2024-04-26,Clean Energy,ZUMZ,0.03333333333333333
2024-04-26,Clean Energy,PACB,0.03333333333333333
2024-04-26,Clean Energy,SHOE,0.03333333333333333
2024-04-26,Clean Energy,NGVC,0.03333333333333333
2024-04-26,Clean Energy,EVO,0.03333333333333333
2024-04-26,Clean Energy,LND,0.03333333333333333
2024-04-26,Critical Minerals,MTUS,0.03333333333333333
2024-04-26,Critical Minerals,JOUT,0.03333333333333333
2024-04-26,Critical Minerals,ACCO,0.03333333333333333
2024-04-26,Critical Minerals,CLMB,0.03333333333333333
2024-04-26,Critical Minerals,EAF,0.03333333333333333
2024-04-26,Critical Minerals,OXM,0.03333333333333333
2024-04-26,Critical Minerals,BAK,0.03333333333333333
2024-04-26,Critical Minerals,FF,0.03333333333333333
2024-04-26,Critical Minerals,PFX,0.03333333333333333
2024-04-26,Critical Minerals,TITN,0.03333333333333333
2024-04-26,Critical Minerals,TROX,0.03333333333333333
2024-04-26,Critical Minerals,LND,0.03333333333333333
2024-04-26,Critical Minerals,ASA,0.03333333333333333
2024-04-26,Critical Minerals,OSG,0.03333333333333333
2024-04-26,Critical Minerals,NGS,0.03333333333333333
2024-04-26,Critical Minerals,SXC,0.03333333333333333
2024-04-26,Critical Minerals,PDLB,0.03333333333333333
2024-04-26,Critical Minerals,VIRC,0.03333333333333333
2024-04-26,Critical Minerals,KRO,0.03333333333333333
2024-04-26,Critical Minerals,OSPN,0.03333333333333333
2024-04-26,Critical Minerals,ASIX,0.03333333333333333
2024-04-26,Critical Minerals,SUPV,0.03333333333333333
2024-04-26,Critical Minerals,CVGI,0.03333333333333333
2024-04-26,Critical Minerals,JYNT,0.03333333333333333
2024-04-26,Critical Minerals,VRA,0.03333333333333333
2024-04-26,Critical Minerals,ARL,0.03333333333333333
2024-04-26,Critical Minerals,TWI,0.03333333333333333
2024-04-26,Critical Minerals,ORN,0.03333333333333333
2024-04-26,Critical Minerals,GPRK,0.03333333333333333
2024-04-26,Critical Minerals,CRESY,0.03333333333333333
2024-04-26,Cybersecurity,HFBL,0.03333333333333333
2024-04-26,Cybersecurity,SFBC,0.03333333333333333
2024-04-26,Cybersecurity,LOAN,0.03333333333333333
2024-04-26,Cybersecurity,BCAL,0.03333333333333333
2024-04-26,Cybersecurity,RBKB,0.03333333333333333
2024-04-26,Cybersecurity,MNSB,0.03333333333333333
2024-04-26,Cybersecurity,EBMT,0.03333333333333333
2024-04-26,Cybersecurity,LARK,0.03333333333333333
2024-04-26,Cybersecurity,CZWI,0.03333333333333333
2024-04-26,Cybersecurity,FRAF,0.03333333333333333
2024-04-26,Cybersecurity,MHLA,0.03333333333333333
2024-04-26,Cybersecurity,CBFV,0.03333333333333333
2024-04-26,Cybersecurity,BOTJ,0.03333333333333333
2024-04-26,Cybersecurity,BCIC,0.03333333333333333
2024-04-26,Cybersecurity,APOG,0.03333333333333333
2024-04-26,Cybersecurity,CWBC,0.03333333333333333
2024-04-26,Cybersecurity,OPBK,0.03333333333333333
2024-04-26,Cybersecurity,AVBH,0.03333333333333333
2024-04-26,Cybersecurity,PEBK,0.03333333333333333
2024-04-26,Cybersecurity,CTO,0.03333333333333333
2024-04-26,Cybersecurity,HSTM,0.03333333333333333
2024-04-26,Cybersecurity,EPSN,0.03333333333333333
2024-04-26,Cybersecurity,COFS,0.03333333333333333
2024-04-26,Cybersecurity,AFBI,0.03333333333333333
2024-04-26,Cybersecurity,SBFG,0.03333333333333333
2024-04-26,Cybersecurity,WSBF,0.03333333333333333
2024-04-26,Cybersecurity,OBT,0.03333333333333333
2024-04-26,Cybersecurity,CIVB,0.03333333333333333
2024-04-26,Cybersecurity,PDLB,0.03333333333333333
2024-04-26,Cybersecurity,TSBK,0.03333333333333333
2024-04-26,Defense,EBF,0.03333333333333333
2024-04-26,Defense,VLGEA,0.03333333333333333
2024-04-26,Defense,TRC,0.03333333333333333
2024-04-26,Defense,CASS,0.03333333333333333
2024-04-26,Defense,BCIC,0.03333333333333333
2024-04-26,Defense,GAIN,0.03333333333333333
2024-04-26,Defense,NPK,0.03333333333333333
2024-04-26,Defense,GLRE,0.03333333333333333
2024-04-26,Defense,LARK,0.03333333333333333
2024-04-26,Defense,FRAF,0.03333333333333333
2024-04-26,Defense,CBFV,0.03333333333333333
2024-04-26,Defense,FC,0.03333333333333333
2024-04-26,Defense,UNB,0.03333333333333333
2024-04-26,Defense,BBSI,0.03333333333333333
2024-04-26,Defense,APOG,0.03333333333333333
2024-04-26,Defense,BCML,0.03333333333333333
2024-04-26,Defense,PKE,0.03333333333333333
2024-04-26,Defense,CTO,0.03333333333333333
2024-04-26,Defense,BPRN,0.03333333333333333
2024-04-26,Defense,PKBK,0.03333333333333333
2024-04-26,Defense,OXM,0.03333333333333333
2024-04-26,Defense,ITIC,0.03333333333333333
2024-04-26,Defense,NC,0.03333333333333333
2024-04-26,Defense,HWBK,0.03333333333333333
2024-04-26,Defense,LOAN,0.03333333333333333
2024-04-26,Defense,SGA,0.03333333333333333
2024-04-26,Defense,PCYO,0.03333333333333333
2024-04-26,Defense,CZNC,0.03333333333333333
2024-04-26,Defense,ISBA,0.03333333333333333
2024-04-26,Defense,HSTM,0.03333333333333333
2024-04-26,Fintech,CHSCM,0.03333333333333333
2024-04-26,Fintech,CHSCL,0.03333333333333333
2024-04-26,Fintech,GPJA,0.03333333333333333
2024-04-26,Fintech,SFBC,0.03333333333333333
2024-04-26,Fintech,MHLA,0.03333333333333333
2024-04-26,Fintech,BCAL,0.03333333333333333
2024-04-26,Fintech,MHNC,0.03333333333333333
2024-04-26,Fintech,BCIC,0.03333333333333333
2024-04-26,Fintech,BOTJ,0.03333333333333333
2024-04-26,Fintech,EARN,0.03333333333333333
2024-04-26,Fintech,RBKB,0.03333333333333333
2024-04-26,Fintech,MCFT,0.03333333333333333
2024-04-26,Fintech,RMAX,0.03333333333333333
2024-04-26,Fintech,COFS,0.03333333333333333
2024-04-26,Fintech,CSV,0.03333333333333333
2024-04-26,Fintech,HELE,0.03333333333333333
2024-04-26,Fintech,WILC,0.03333333333333333
2024-04-26,Fintech,PEBK,0.03333333333333333
2024-04-26,Fintech,SSTK,0.03333333333333333
2024-04-26,Fintech,MNOV,0.03333333333333333
2024-04-26,Fintech,GPRO,0.03333333333333333
2024-04-26,Fintech,TTEC,0.03333333333333333
2024-04-26,Fintech,KRO,0.03333333333333333
2024-04-26,Fintech,FEIM,0.03333333333333333
2024-04-26,Fintech,IIIV,0.03333333333333333
2024-04-26,Fintech,EVO,0.03333333333333333
2024-04-26,Fintech,XRN,0.03333333333333333
2024-04-26,Fintech,HBB,0.03333333333333333
2024-04-26,Fintech,XRX,0.03333333333333333
2024-04-26,Fintech,PD,0.03333333333333333
2024-04-26,Robotics & AI,CHSCM,0.03333333333333333
2024-04-26,Robotics & AI,CHSCN,0.03333333333333333
2024-04-26,Robotics & AI,CHSCO,0.03333333333333333
2024-04-26,Robotics & AI,GPJA,0.03333333333333333
2024-04-26,Robotics & AI,LSBK,0.03333333333333333
2024-04-26,Robotics & AI,MHNC,0.03333333333333333
2024-04-26,Robotics & AI,ACCO,0.03333333333333333
2024-04-26,Robotics & AI,CMTV,0.03333333333333333
2024-04-26,Robotics & AI,VABK,0.03333333333333333
2024-04-26,Robotics & AI,RMAX,0.03333333333333333
2024-04-26,Robotics & AI,AFBI,0.03333333333333333
2024-04-26,Robotics & AI,CLMB,0.03333333333333333
2024-04-26,Robotics & AI,ALOT,0.03333333333333333
2024-04-26,Robotics & AI,XRX,0.03333333333333333
2024-04-26,Robotics & AI,NVEC,0.03333333333333333
2024-04-26,Robotics & AI,BVFL,0.03333333333333333
2024-04-26,Robotics & AI,HY,0.03333333333333333
2024-04-26,Robotics & AI,CSV,0.03333333333333333
2024-04-26,Robotics & AI,CMCO,0.03333333333333333
2024-04-26,Robotics & AI,EVO,0.03333333333333333
2024-04-26,Robotics & AI,RDVT,0.03333333333333333
2024-04-26,Robotics & AI,HELE,0.03333333333333333
2024-04-26,Robotics & AI,KRO,0.03333333333333333
2024-04-26,Robotics & AI,FRD,0.03333333333333333
2024-04-26,Robotics & AI,MCHX,0.03333333333333333
2024-04-26,Robotics & AI,SRI,0.03333333333333333
2024-04-26,Robotics & AI,LAKE,0.03333333333333333
2024-04-26,Robotics & AI,SILC,0.03333333333333333
2024-04-26,Robotics & AI,GPRO,0.03333333333333333
2024-04-26,Robotics & AI,OEC,0.03333333333333333
2024-04-26,Timber & Forestry,PROV,0.03333333333333333
2024-04-26,Timber & Forestry,JOUT,0.03333333333333333
2024-04-26,Timber & Forestry,JACK,0.03333333333333333
2024-04-26,Timber & Forestry,CNNE,0.03333333333333333
2024-04-26,Timber & Forestry,DSWL,0.03333333333333333
2024-04-26,Timber & Forestry,MCFT,0.03333333333333333
2024-04-26,Timber & Forestry,ACCO,0.03333333333333333
2024-04-26,Timber & Forestry,GLRE,0.03333333333333333
2024-04-26,Timber & Forestry,NX,0.03333333333333333
2024-04-26,Timber & Forestry,LEGH,0.03333333333333333
2024-04-26,Timber & Forestry,ITIC,0.03333333333333333
2024-04-26,Timber & Forestry,HY,0.03333333333333333
2024-04-26,Timber & Forestry,WNC,0.03333333333333333
2024-04-26,Timber & Forestry,DGICA,0.03333333333333333
2024-04-26,Timber & Forestry,CMCO,0.03333333333333333
2024-04-26,Timber & Forestry,MATV,0.03333333333333333
2024-04-26,Timber & Forestry,SSBI,0.03333333333333333
2024-04-26,Timber & Forestry,XRX,0.03333333333333333
2024-04-26,Timber & Forestry,BRID,0.03333333333333333
2024-04-26,Timber & Forestry,FWRD,0.03333333333333333
2024-04-26,Timber & Forestry,WILC,0.03333333333333333
2024-04-26,Timber & Forestry,AMSF,0.03333333333333333
2024-04-26,Timber & Forestry,NRC,0.03333333333333333
2024-04-26,Timber & Forestry,OEC,0.03333333333333333
2024-04-26,Timber & Forestry,IIIN,0.03333333333333333
2024-04-26,Timber & Forestry,MNOV,0.03333333333333333
2024-04-26,Timber & Forestry,TITN,0.03333333333333333
2024-04-26,Timber & Forestry,ESCA,0.03333333333333333
2024-04-26,Timber & Forestry,KELYA,0.03333333333333333
2024-04-26,Timber & Forestry,EVO,0.03333333333333333
2024-04-26,US Infrastructure,BBSI,0.03333333333333333
2024-04-26,US Infrastructure,VLGEA,0.03333333333333333
2024-04-26,US Infrastructure,EFSI,0.03333333333333333
2024-04-26,US Infrastructure,PROV,0.03333333333333333
2024-04-26,US Infrastructure,APOG,0.03333333333333333
2024-04-26,US Infrastructure,EBF,0.03333333333333333
2024-04-26,US Infrastructure,GLRE,0.03333333333333333
2024-04-26,US Infrastructure,NPK,0.03333333333333333
2024-04-26,US Infrastructure,GLAD,0.03333333333333333
2024-04-26,US Infrastructure,GAIN,0.03333333333333333
2024-04-26,US Infrastructure,CODI,0.03333333333333333
2024-04-26,US Infrastructure,WNEB,0.03333333333333333
2024-04-26,US Infrastructure,FXNC,0.03333333333333333
2024-04-26,US Infrastructure,NX,0.03333333333333333
2024-04-26,US Infrastructure,FNLC,0.03333333333333333
2024-04-26,US Infrastructure,PKE,0.03333333333333333
2024-04-26,US Infrastructure,ITIC,0.03333333333333333
2024-04-26,US Infrastructure,LCNB,0.03333333333333333
2024-04-26,US Infrastructure,OXM,0.03333333333333333
2024-04-26,US Infrastructure,CTO,0.03333333333333333
2024-04-26,US Infrastructure,EIG,0.03333333333333333
2024-04-26,US Infrastructure,GWRS,0.03333333333333333
2024-04-26,US Infrastructure,ALOT,0.03333333333333333
2024-04-26,US Infrastructure,JOUT,0.03333333333333333
2024-04-26,US Infrastructure,NRIM,0.03333333333333333
2024-04-26,US Infrastructure,PCYO,0.03333333333333333
2024-04-26,US Infrastructure,UNTY,0.03333333333333333
2024-04-26,US Infrastructure,TRST,0.03333333333333333
2024-04-26,US Infrastructure,STRS,0.03333333333333333
2024-04-26,US Infrastructure,TRNS,0.03333333333333333
2024-04-26,Water,EFSI,0.03333333333333333
2024-04-26,Water,BBSI,0.03333333333333333
2024-04-26,Water,GAIN,0.03333333333333333
2024-04-26,Water,GLRE,0.03333333333333333
2024-04-26,Water,RGCO,0.03333333333333333
2024-04-26,Water,APOG,0.03333333333333333
2024-04-26,Water,HWBK,0.03333333333333333
2024-04-26,Water,ALOT,0.03333333333333333
2024-04-26,Water,GWRS,0.03333333333333333
2024-04-26,Water,HSTM,0.03333333333333333
2024-04-26,Water,KFRC,0.03333333333333333
2024-04-26,Water,PCYO,0.03333333333333333
2024-04-26,Water,WNEB,0.03333333333333333
2024-04-26,Water,NX,0.03333333333333333
2024-04-26,Water,EIG,0.03333333333333333
2024-04-26,Water,NKSH,0.03333333333333333
2024-04-26,Water,CTO,0.03333333333333333
2024-04-26,Water,ARTNA,0.03333333333333333
2024-04-26,Water,WNC,0.03333333333333333
2024-04-26,Water,LEGH,0.03333333333333333
2024-04-26,Water,STRS,0.03333333333333333
2024-04-26,Water,ANGO,0.03333333333333333
2024-04-26,Water,FEIM,0.03333333333333333
2024-04-26,Water,JRSH,0.03333333333333333
2024-04-26,Water,NVEC,0.03333333333333333
2024-04-26,Water,TRNS,0.03333333333333333
2024-04-26,Water,IIIN,0.03333333333333333
2024-04-26,Water,CMCO,0.03333333333333333
2024-04-26,Water,VREX,0.03333333333333333
2024-04-26,Water,FWRD,0.03333333333333333
2024-05-31,AI Infrastructure,CBAN,0.03333333333333333
2024-05-31,AI Infrastructure,SSBI,0.03333333333333333
2024-05-31,AI Infrastructure,CPF,0.03333333333333333
2024-05-31,AI Infrastructure,PBHC,0.03333333333333333
2024-05-31,AI Infrastructure,RBKB,0.03333333333333333
2024-05-31,AI Infrastructure,PKBK,0.03333333333333333
2024-05-31,AI Infrastructure,LOCO,0.03333333333333333
2024-05-31,AI Infrastructure,MNSB,0.03333333333333333
2024-05-31,AI Infrastructure,SMBK,0.03333333333333333
2024-05-31,AI Infrastructure,TSBK,0.03333333333333333
2024-05-31,AI Infrastructure,WSBF,0.03333333333333333
2024-05-31,AI Infrastructure,OBT,0.03333333333333333
2024-05-31,AI Infrastructure,BVFL,0.03333333333333333
2024-05-31,AI Infrastructure,JMSB,0.03333333333333333
2024-05-31,AI Infrastructure,OXM,0.03333333333333333
2024-05-31,AI Infrastructure,RDVT,0.03333333333333333
2024-05-31,AI Infrastructure,CTO,0.03333333333333333
2024-05-31,AI Infrastructure,MX,0.03333333333333333
2024-05-31,AI Infrastructure,RBBN,0.03333333333333333
2024-05-31,AI Infrastructure,MGPI,0.03333333333333333
2024-05-31,AI Infrastructure,KRNY,0.03333333333333333
2024-05-31,AI Infrastructure,DLHC,0.03333333333333333
2024-05-31,AI Infrastructure,BFS,0.03333333333333333
2024-05-31,AI Infrastructure,GPRO,0.03333333333333333
2024-05-31,AI Infrastructure,MYGN,0.03333333333333333
2024-05-31,AI Infrastructure,ALLT,0.03333333333333333
2024-05-31,AI Infrastructure,PD,0.03333333333333333
2024-05-31,AI Infrastructure,LINK,0.03333333333333333
2024-05-31,AI Infrastructure,ELME,0.03333333333333333
2024-05-31,AI Infrastructure,FOCL,0.03333333333333333
2024-05-31,Agribusiness,VLGEA,0.03333333333333333
2024-05-31,Agribusiness,CODI,0.03333333333333333
2024-05-31,Agribusiness,FPI,0.03333333333333333
2024-05-31,Agribusiness,PKE,0.03333333333333333
2024-05-31,Agribusiness,LCNB,0.03333333333333333
2024-05-31,Agribusiness,WNEB,0.03333333333333333
2024-05-31,Agribusiness,TBRG,0.03333333333333333
2024-05-31,Agribusiness,NRIM,0.03333333333333333
2024-05-31,Agribusiness,FEIM,0.03333333333333333
2024-05-31,Agribusiness,CIVB,0.03333333333333333
2024-05-31,Agribusiness,JOUT,0.03333333333333333
2024-05-31,Agribusiness,OXM,0.03333333333333333
2024-05-31,Agribusiness,EIG,0.03333333333333333
2024-05-31,Agribusiness,AMSF,0.03333333333333333
2024-05-31,Agribusiness,CTO,0.03333333333333333
2024-05-31,Agribusiness,TRNS,0.03333333333333333
2024-05-31,Agribusiness,BRT,0.03333333333333333
2024-05-31,Agribusiness,LAND,0.03333333333333333
2024-05-31,Agribusiness,ANGO,0.03333333333333333
2024-05-31,Agribusiness,ETD,0.03333333333333333
2024-05-31,Agribusiness,GNE,0.03333333333333333
2024-05-31,Agribusiness,FOXF,0.03333333333333333
2024-05-31,Agribusiness,LND,0.03333333333333333
2024-05-31,Agribusiness,SHEN,0.03333333333333333
2024-05-31,Agribusiness,HAIN,0.03333333333333333
2024-05-31,Agribusiness,NEWT,0.03333333333333333
2024-05-31,Agribusiness,ACNT,0.03333333333333333
2024-05-31,Agribusiness,ASIX,0.03333333333333333
2024-05-31,Agribusiness,SANG,0.03333333333333333
2024-05-31,Agribusiness,MTUS,0.03333333333333333
2024-05-31,Clean Energy,FXNC,0.03333333333333333
2024-05-31,Clean Energy,CODI,0.03333333333333333
2024-05-31,Clean Energy,PBHC,0.03333333333333333
2024-05-31,Clean Energy,AFBI,0.03333333333333333
2024-05-31,Clean Energy,AVD,0.03333333333333333
2024-05-31,Clean Energy,ACNB,0.03333333333333333
2024-05-31,Clean Energy,ISBA,0.03333333333333333
2024-05-31,Clean Energy,CLMB,0.03333333333333333
2024-05-31,Clean Energy,CASS,0.03333333333333333
2024-05-31,Clean Energy,TBRG,0.03333333333333333
2024-05-31,Clean Energy,BVFL,0.03333333333333333
2024-05-31,Clean Energy,WNEB,0.03333333333333333
2024-05-31,Clean Energy,NECB,0.03333333333333333
2024-05-31,Clean Energy,FUSB,0.03333333333333333
2024-05-31,Clean Energy,PDLB,0.03333333333333333
2024-05-31,Clean Energy,VABK,0.03333333333333333
2024-05-31,Clean Energy,CSIQ,0.03333333333333333
2024-05-31,Clean Energy,EBMT,0.03333333333333333
2024-05-31,Clean Energy,BGSF,0.03333333333333333
2024-05-31,Clean Energy,OBT,0.03333333333333333
2024-05-31,Clean Energy,BCAL,0.03333333333333333
2024-05-31,Clean Energy,PGC,0.03333333333333333
2024-05-31,Clean Energy,FOXF,0.03333333333333333
2024-05-31,Clean Energy,NC,0.03333333333333333
2024-05-31,Clean Energy,MVBF,0.03333333333333333
2024-05-31,Clean Energy,MTUS,0.03333333333333333
2024-05-31,Clean Energy,JMSB,0.03333333333333333
2024-05-31,Clean Energy,SHBI,0.03333333333333333
2024-05-31,Clean Energy,NWFL,0.03333333333333333
2024-05-31,Clean Energy,LND,0.03333333333333333
2024-05-31,Critical Minerals,CLMB,0.03333333333333333
2024-05-31,Critical Minerals,MTUS,0.03333333333333333
2024-05-31,Critical Minerals,BAK,0.03333333333333333
2024-05-31,Critical Minerals,FF,0.03333333333333333
2024-05-31,Critical Minerals,JRSH,0.03333333333333333
2024-05-31,Critical Minerals,OEC,0.03333333333333333
2024-05-31,Critical Minerals,EAF,0.03333333333333333
2024-05-31,Critical Minerals,LND,0.03333333333333333
2024-05-31,Critical Minerals,ALLT,0.03333333333333333
2024-05-31,Critical Minerals,FOCL,0.03333333333333333
2024-05-31,Critical Minerals,ACNT,0.03333333333333333
2024-05-31,Critical Minerals,SUPV,0.03333333333333333
2024-05-31,Critical Minerals,LCNB,0.03333333333333333
2024-05-31,Critical Minerals,ASA,0.03333333333333333
2024-05-31,Critical Minerals,SXC,0.03333333333333333
2024-05-31,Critical Minerals,NGS,0.03333333333333333
2024-05-31,Critical Minerals,PDLB,0.03333333333333333
2024-05-31,Critical Minerals,RDVT,0.03333333333333333
2024-05-31,Critical Minerals,CARE,0.03333333333333333
2024-05-31,Critical Minerals,OSPN,0.03333333333333333
2024-05-31,Critical Minerals,MAKO,0.03333333333333333
2024-05-31,Critical Minerals,VFF,0.03333333333333333
2024-05-31,Critical Minerals,GRVY,0.03333333333333333
2024-05-31,Critical Minerals,GHG,0.03333333333333333
2024-05-31,Critical Minerals,CXDO,0.03333333333333333
2024-05-31,Critical Minerals,STRT,0.03333333333333333
2024-05-31,Critical Minerals,CRESY,0.03333333333333333
2024-05-31,Critical Minerals,HRTG,0.03333333333333333
2024-05-31,Critical Minerals,AMRN,0.03333333333333333
2024-05-31,Critical Minerals,CHCI,0.03333333333333333
2024-05-31,Cybersecurity,VLGEA,0.03333333333333333
2024-05-31,Cybersecurity,RBKB,0.03333333333333333
2024-05-31,Cybersecurity,AVBH,0.03333333333333333
2024-05-31,Cybersecurity,EBF,0.03333333333333333
2024-05-31,Cybersecurity,OPBK,0.03333333333333333
2024-05-31,Cybersecurity,CHMG,0.03333333333333333
2024-05-31,Cybersecurity,MNSB,0.03333333333333333
2024-05-31,Cybersecurity,MHLA,0.03333333333333333
2024-05-31,Cybersecurity,BCAL,0.03333333333333333
2024-05-31,Cybersecurity,CMTV,0.03333333333333333
2024-05-31,Cybersecurity,LOCO,0.03333333333333333
2024-05-31,Cybersecurity,EBMT,0.03333333333333333
2024-05-31,Cybersecurity,EPSN,0.03333333333333333
2024-05-31,Cybersecurity,CZWI,0.03333333333333333
2024-05-31,Cybersecurity,NRIM,0.03333333333333333
2024-05-31,Cybersecurity,CTO,0.03333333333333333
2024-05-31,Cybersecurity,MGPI,0.03333333333333333
2024-05-31,Cybersecurity,SMBK,0.03333333333333333
2024-05-31,Cybersecurity,RVSB,0.03333333333333333
2024-05-31,Cybersecurity,SBFG,0.03333333333333333
2024-05-31,Cybersecurity,FPI,0.03333333333333333
2024-05-31,Cybersecurity,UNB,0.03333333333333333
2024-05-31,Cybersecurity,FEIM,0.03333333333333333
2024-05-31,Cybersecurity,ACRE,0.03333333333333333
2024-05-31,Cybersecurity,MBWM,0.03333333333333333
2024-05-31,Cybersecurity,OXM,0.03333333333333333
2024-05-31,Cybersecurity,MATV,0.03333333333333333
2024-05-31,Cybersecurity,CARE,0.03333333333333333
2024-05-31,Cybersecurity,NGVC,0.03333333333333333
2024-05-31,Cybersecurity,BFST,0.03333333333333333
2024-05-31,Defense,EBF,0.03333333333333333
2024-05-31,Defense,VLGEA,0.03333333333333333
2024-05-31,Defense,PKE,0.03333333333333333
2024-05-31,Defense,CASS,0.03333333333333333
2024-05-31,Defense,GLRE,0.03333333333333333
2024-05-31,Defense,NPK,0.03333333333333333
2024-05-31,Defense,PFLT,0.03333333333333333
2024-05-31,Defense,OXM,0.03333333333333333
2024-05-31,Defense,CTO,0.03333333333333333
2024-05-31,Defense,GAIN,0.03333333333333333
2024-05-31,Defense,KFRC,0.03333333333333333
2024-05-31,Defense,PKBK,0.03333333333333333
2024-05-31,Defense,BFS,0.03333333333333333
2024-05-31,Defense,PCYO,0.03333333333333333
2024-05-31,Defense,BPRN,0.03333333333333333
2024-05-31,Defense,AVD,0.03333333333333333
2024-05-31,Defense,FEIM,0.03333333333333333
2024-05-31,Defense,EPSN,0.03333333333333333
2024-05-31,Defense,ITIC,0.03333333333333333
2024-05-31,Defense,EIG,0.03333333333333333
2024-05-31,Defense,FC,0.03333333333333333
2024-05-31,Defense,NRIM,0.03333333333333333
2024-05-31,Defense,TBI,0.03333333333333333
2024-05-31,Defense,CIVB,0.03333333333333333
2024-05-31,Defense,MGPI,0.03333333333333333
2024-05-31,Defense,HSTM,0.03333333333333333
2024-05-31,Defense,BGSF,0.03333333333333333
2024-05-31,Defense,PNNT,0.03333333333333333
2024-05-31,Defense,DGICA,0.03333333333333333
2024-05-31,Defense,MNRO,0.03333333333333333
2024-05-31,Fintech,CHSCN,0.03333333333333333
2024-05-31,Fintech,CHSCM,0.03333333333333333
2024-05-31,Fintech,CHSCO,0.03333333333333333
2024-05-31,Fintech,CHSCL,0.03333333333333333
2024-05-31,Fintech,GPJA,0.03333333333333333
2024-05-31,Fintech,MHLA,0.03333333333333333
2024-05-31,Fintech,NECB,0.03333333333333333
2024-05-31,Fintech,MHNC,0.03333333333333333
2024-05-31,Fintech,CNNE,0.03333333333333333
2024-05-31,Fintech,USNA,0.03333333333333333
2024-05-31,Fintech,BCAL,0.03333333333333333
2024-05-31,Fintech,MCFT,0.03333333333333333
2024-05-31,Fintech,LOCO,0.03333333333333333
2024-05-31,Fintech,OVLY,0.03333333333333333
2024-05-31,Fintech,HWBK,0.03333333333333333
2024-05-31,Fintech,AFBI,0.03333333333333333
2024-05-31,Fintech,VABK,0.03333333333333333
2024-05-31,Fintech,CZFS,0.03333333333333333
2024-05-31,Fintech,PDLB,0.03333333333333333
2024-05-31,Fintech,EBMT,0.03333333333333333
2024-05-31,Fintech,EPSN,0.03333333333333333
2024-05-31,Fintech,AVBH,0.03333333333333333
2024-05-31,Fintech,RMAX,0.03333333333333333
2024-05-31,Fintech,ALRS,0.03333333333333333
2024-05-31,Fintech,MVBF,0.03333333333333333
2024-05-31,Fintech,OBT,0.03333333333333333
2024-05-31,Fintech,HELE,0.03333333333333333
2024-05-31,Fintech,EARN,0.03333333333333333
2024-05-31,Fintech,ACCO,0.03333333333333333
2024-05-31,Fintech,NWFL,0.03333333333333333
2024-05-31,Robotics & AI,CHSCM,0.03333333333333333
2024-05-31,Robotics & AI,CHSCO,0.03333333333333333
2024-05-31,Robotics & AI,CHSCN,0.03333333333333333
2024-05-31,Robotics & AI,GPJA,0.03333333333333333
2024-05-31,Robotics & AI,MHLA,0.03333333333333333
2024-05-31,Robotics & AI,MHNC,0.03333333333333333
2024-05-31,Robotics & AI,DSWL,0.03333333333333333
2024-05-31,Robotics & AI,ACCO,0.03333333333333333
2024-05-31,Robotics & AI,CLMB,0.03333333333333333
2024-05-31,Robotics & AI,JRSH,0.03333333333333333
2024-05-31,Robotics & AI,BVFL,0.03333333333333333
2024-05-31,Robotics & AI,CHMI,0.03333333333333333
2024-05-31,Robotics & AI,SSBI,0.03333333333333333
2024-05-31,Robotics & AI,VABK,0.03333333333333333
2024-05-31,Robotics & AI,MLAB,0.03333333333333333
2024-05-31,Robotics & AI,CSV,0.03333333333333333
2024-05-31,Robotics & AI,RDVT,0.03333333333333333
2024-05-31,Robotics & AI,RMAX,0.03333333333333333
2024-05-31,Robotics & AI,NVEC,0.03333333333333333
2024-05-31,Robotics & AI,OBT,0.03333333333333333
2024-05-31,Robotics & AI,FPH,0.03333333333333333
2024-05-31,Robotics & AI,XRX,0.03333333333333333
2024-05-31,Robotics & AI,MFA,0.03333333333333333
2024-05-31,Robotics & AI,KRO,0.03333333333333333
2024-05-31,Robotics & AI,FOCL,0.03333333333333333
2024-05-31,Robotics & AI,OEC,0.03333333333333333
2024-05-31,Robotics & AI,MX,0.03333333333333333
2024-05-31,Robotics & AI,MYGN,0.03333333333333333
2024-05-31,Robotics & AI,SILC,0.03333333333333333
2024-05-31,Robotics & AI,GEG,0.03333333333333333
2024-05-31,Timber & Forestry,CHSCL,0.03333333333333333
2024-05-31,Timber & Forestry,EFSI,0.03333333333333333
2024-05-31,Timber & Forestry,MHNC,0.03333333333333333
2024-05-31,Timber & Forestry,CGBD,0.03333333333333333
2024-05-31,Timber & Forestry,GLAD,0.03333333333333333
2024-05-31,Timber & Forestry,USNA,0.03333333333333333
2024-05-31,Timber & Forestry,DSWL,0.03333333333333333
2024-05-31,Timber & Forestry,JOUT,0.03333333333333333
2024-05-31,Timber & Forestry,CMTV,0.03333333333333333
2024-05-31,Timber & Forestry,GAIN,0.03333333333333333
2024-05-31,Timber & Forestry,DGICA,0.03333333333333333
2024-05-31,Timber & Forestry,ACCO,0.03333333333333333
2024-05-31,Timber & Forestry,MCFT,0.03333333333333333
2024-05-31,Timber & Forestry,HRZN,0.03333333333333333
2024-05-31,Timber & Forestry,WILC,0.03333333333333333
2024-05-31,Timber & Forestry,JRSH,0.03333333333333333
2024-05-31,Timber & Forestry,SSBI,0.03333333333333333
2024-05-31,Timber & Forestry,NRC,0.03333333333333333
2024-05-31,Timber & Forestry,MATV,0.03333333333333333
2024-05-31,Timber & Forestry,KELYA,0.03333333333333333
2024-05-31,Timber & Forestry,CSV,0.03333333333333333
2024-05-31,Timber & Forestry,LEGH,0.03333333333333333
2024-05-31,Timber & Forestry,CHMI,0.03333333333333333
2024-05-31,Timber & Forestry,RDVT,0.03333333333333333
2024-05-31,Timber & Forestry,HQI,0.03333333333333333
2024-05-31,Timber & Forestry,FOCL,0.03333333333333333
2024-05-31,Timber & Forestry,ESCA,0.03333333333333333
2024-05-31,Timber & Forestry,HY,0.03333333333333333
2024-05-31,Timber & Forestry,ALLT,0.03333333333333333
2024-05-31,Timber & Forestry,OEC,0.03333333333333333
2024-05-31,US Infrastructure,VLGEA,0.03333333333333333
2024-05-31,US Infrastructure,GLRE,0.03333333333333333
2024-05-31,US Infrastructure,GLAD,0.03333333333333333
2024-05-31,US Infrastructure,CGBD,0.03333333333333333
2024-05-31,US Infrastructure,APOG,0.03333333333333333
2024-05-31,US Infrastructure,BBDC,0.03333333333333333
2024-05-31,US Infrastructure,GAIN,0.03333333333333333
2024-05-31,US Infrastructure,NPK,0.03333333333333333
2024-05-31,US Infrastructure,PKE,0.03333333333333333
2024-05-31,US Infrastructure,CTO,0.03333333333333333
2024-05-31,US Infrastructure,TRNS,0.03333333333333333
2024-05-31,US Infrastructure,CODI,0.03333333333333333
2024-05-31,US Infrastructure,NX,0.03333333333333333
2024-05-31,US Infrastructure,WNEB,0.03333333333333333
2024-05-31,US Infrastructure,PCYO,0.03333333333333333
2024-05-31,US Infrastructure,OXM,0.03333333333333333
2024-05-31,US Infrastructure,EIG,0.03333333333333333
2024-05-31,US Infrastructure,FPI,0.03333333333333333
2024-05-31,US Infrastructure,BWFG,0.03333333333333333
2024-05-31,US Infrastructure,GWRS,0.03333333333333333
2024-05-31,US Infrastructure,MGPI,0.03333333333333333
2024-05-31,US Infrastructure,JOUT,0.03333333333333333
2024-05-31,US Infrastructure,NVEC,0.03333333333333333
2024-05-31,US Infrastructure,ETD,0.03333333333333333
2024-05-31,US Infrastructure,LYTS,0.03333333333333333
2024-05-31,US Infrastructure,GNE,0.03333333333333333
2024-05-31,US Infrastructure,BH,0.03333333333333333
2024-05-31,US Infrastructure,BVFL,0.03333333333333333
2024-05-31,US Infrastructure,CMCO,0.03333333333333333
2024-05-31,US Infrastructure,DLHC,0.03333333333333333
2024-05-31,Water,GLAD,0.03333333333333333
2024-05-31,Water,GLRE,0.03333333333333333
2024-05-31,Water,GAIN,0.03333333333333333
2024-05-31,Water,FEIM,0.03333333333333333
2024-05-31,Water,APOG,0.03333333333333333
2024-05-31,Water,RGCO,0.03333333333333333
2024-05-31,Water,GWRS,0.03333333333333333
2024-05-31,Water,MLAB,0.03333333333333333
2024-05-31,Water,WNEB,0.03333333333333333
2024-05-31,Water,CTO,0.03333333333333333
2024-05-31,Water,MATV,0.03333333333333333
2024-05-31,Water,NKSH,0.03333333333333333
2024-05-31,Water,EIG,0.03333333333333333
2024-05-31,Water,TRNS,0.03333333333333333
2024-05-31,Water,LEGH,0.03333333333333333
2024-05-31,Water,OXM,0.03333333333333333
2024-05-31,Water,ETD,0.03333333333333333
2024-05-31,Water,VREX,0.03333333333333333
2024-05-31,Water,ANGO,0.03333333333333333
2024-05-31,Water,CARE,0.03333333333333333
2024-05-31,Water,PPIH,0.03333333333333333
2024-05-31,Water,FPH,0.03333333333333333
2024-05-31,Water,ARTNA,0.03333333333333333
2024-05-31,Water,NVEC,0.03333333333333333
2024-05-31,Water,IIIN,0.03333333333333333
2024-05-31,Water,JRSH,0.03333333333333333
2024-05-31,Water,DLHC,0.03333333333333333
2024-05-31,Water,WNC,0.03333333333333333
2024-05-31,Water,CSV,0.03333333333333333
2024-05-31,Water,ONIT,0.03333333333333333
2024-06-28,AI Infrastructure,LSBK,0.03333333333333333
2024-06-28,AI Infrastructure,FCCO,0.03333333333333333
2024-06-28,AI Infrastructure,BVFL,0.03333333333333333
2024-06-28,AI Infrastructure,OXM,0.03333333333333333
2024-06-28,AI Infrastructure,MX,0.03333333333333333
2024-06-28,AI Infrastructure,CTO,0.03333333333333333
2024-06-28,AI Infrastructure,JMSB,0.03333333333333333
2024-06-28,AI Infrastructure,DLHC,0.03333333333333333
2024-06-28,AI Infrastructure,RDVT,0.03333333333333333
2024-06-28,AI Infrastructure,MYGN,0.03333333333333333
2024-06-28,AI Infrastructure,MGPI,0.03333333333333333
2024-06-28,AI Infrastructure,ASIX,0.03333333333333333
2024-06-28,AI Infrastructure,RBBN,0.03333333333333333
2024-06-28,AI Infrastructure,GPRO,0.03333333333333333
2024-06-28,AI Infrastructure,PD,0.03333333333333333
2024-06-28,AI Infrastructure,MTUS,0.03333333333333333
2024-06-28,AI Infrastructure,FTLF,0.03333333333333333
2024-06-28,AI Infrastructure,AIV,0.03333333333333333
2024-06-28,AI Infrastructure,LND,0.03333333333333333
2024-06-28,AI Infrastructure,VRA,0.03333333333333333
2024-06-28,AI Infrastructure,DSX,0.03333333333333333
2024-06-28,AI Infrastructure,CATO,0.03333333333333333
2024-06-28,AI Infrastructure,QUIK,0.03333333333333333
2024-06-28,AI Infrastructure,CHCI,0.03333333333333333
2024-06-28,AI Infrastructure,EAF,0.03333333333333333
2024-06-28,AI Infrastructure,HDSN,0.03333333333333333
2024-06-28,AI Infrastructure,SITC,0.03333333333333333
2024-06-28,AI Infrastructure,LPTH,0.03333333333333333
2024-06-28,AI Infrastructure,SXC,0.03333333333333333
2024-06-28,AI Infrastructure,ONCY,0.03333333333333333
2024-06-28,Agribusiness,VLGEA,0.03333333333333333
2024-06-28,Agribusiness,TRC,0.03333333333333333
2024-06-28,Agribusiness,FEIM,0.03333333333333333
2024-06-28,Agribusiness,DSWL,0.03333333333333333
2024-06-28,Agribusiness,OXM,0.03333333333333333
2024-06-28,Agribusiness,JOUT,0.03333333333333333
2024-06-28,Agribusiness,ITIC,0.03333333333333333
2024-06-28,Agribusiness,LCNB,0.03333333333333333
2024-06-28,Agribusiness,JACK,0.03333333333333333
2024-06-28,Agribusiness,STRS,0.03333333333333333
2024-06-28,Agribusiness,LAND,0.03333333333333333
2024-06-28,Agribusiness,NC,0.03333333333333333
2024-06-28,Agribusiness,ETD,0.03333333333333333
2024-06-28,Agribusiness,LND,0.03333333333333333
2024-06-28,Agribusiness,HVT,0.03333333333333333
2024-06-28,Agribusiness,FOXF,0.03333333333333333
2024-06-28,Agribusiness,ASIX,0.03333333333333333
2024-06-28,Agribusiness,BAK,0.03333333333333333
2024-06-28,Agribusiness,HAIN,0.03333333333333333
2024-06-28,Agribusiness,TITN,0.03333333333333333
2024-06-28,Agribusiness,ACNT,0.03333333333333333
2024-06-28,Agribusiness,VHI,0.03333333333333333
2024-06-28,Agribusiness,GOOS,0.03333333333333333
2024-06-28,Agribusiness,MTUS,0.03333333333333333
2024-06-28,Agribusiness,JAKK,0.03333333333333333
2024-06-28,Agribusiness,SXC,0.03333333333333333
2024-06-28,Agribusiness,DLTH,0.03333333333333333
2024-06-28,Agribusiness,RDIB,0.03333333333333333
2024-06-28,Agribusiness,NFE,0.03333333333333333
2024-06-28,Agribusiness,SHOE,0.03333333333333333
2024-06-28,Clean Energy,DSWL,0.03333333333333333
2024-06-28,Clean Energy,AFBI,0.03333333333333333
2024-06-28,Clean Energy,ERII,0.03333333333333333
2024-06-28,Clean Energy,PDLB,0.03333333333333333
2024-06-28,Clean Energy,CBNK,0.03333333333333333
2024-06-28,Clean Energy,ISBA,0.03333333333333333
2024-06-28,Clean Energy,FXNC,0.03333333333333333
2024-06-28,Clean Energy,LSBK,0.03333333333333333
2024-06-28,Clean Energy,NKSH,0.03333333333333333
2024-06-28,Clean Energy,BCAL,0.03333333333333333
2024-06-28,Clean Energy,WNEB,0.03333333333333333
2024-06-28,Clean Energy,SHBI,0.03333333333333333
2024-06-28,Clean Energy,EBMT,0.03333333333333333
2024-06-28,Clean Energy,STRS,0.03333333333333333
2024-06-28,Clean Energy,CWBC,0.03333333333333333
2024-06-28,Clean Energy,CASS,0.03333333333333333
2024-06-28,Clean Energy,MVBF,0.03333333333333333
2024-06-28,Clean Energy,NWFL,0.03333333333333333
2024-06-28,Clean Energy,TBRG,0.03333333333333333
2024-06-28,Clean Energy,FPI,0.03333333333333333
2024-06-28,Clean Energy,NECB,0.03333333333333333
2024-06-28,Clean Energy,ACNB,0.03333333333333333
2024-06-28,Clean Energy,ALCO,0.03333333333333333
2024-06-28,Clean Energy,BVFL,0.03333333333333333
2024-06-28,Clean Energy,VABK,0.03333333333333333
2024-06-28,Clean Energy,FUSB,0.03333333333333333
2024-06-28,Clean Energy,OBT,0.03333333333333333
2024-06-28,Clean Energy,SMBK,0.03333333333333333
2024-06-28,Clean Energy,CCNE,0.03333333333333333
2024-06-28,Clean Energy,MLAB,0.03333333333333333
2024-06-28,Critical Minerals,BAK,0.03333333333333333
2024-06-28,Critical Minerals,SXC,0.03333333333333333
2024-06-28,Critical Minerals,LND,0.03333333333333333
2024-06-28,Critical Minerals,MTUS,0.03333333333333333
2024-06-28,Critical Minerals,OEC,0.03333333333333333
2024-06-28,Critical Minerals,SPOK,0.03333333333333333
2024-06-28,Critical Minerals,JOUT,0.03333333333333333
2024-06-28,Critical Minerals,NGS,0.03333333333333333
2024-06-28,Critical Minerals,SUPV,0.03333333333333333
2024-06-28,Critical Minerals,ASA,0.03333333333333333
2024-06-28,Critical Minerals,STRS,0.03333333333333333
2024-06-28,Critical Minerals,ACNT,0.03333333333333333
2024-06-28,Critical Minerals,EAF,0.03333333333333333
2024-06-28,Critical Minerals,ASIX,0.03333333333333333
2024-06-28,Critical Minerals,JRSH,0.03333333333333333
2024-06-28,Critical Minerals,GAIA,0.03333333333333333
2024-06-28,Critical Minerals,VRA,0.03333333333333333
2024-06-28,Critical Minerals,CRESY,0.03333333333333333
2024-06-28,Critical Minerals,CSV,0.03333333333333333
2024-06-28,Critical Minerals,HRTG,0.03333333333333333
2024-06-28,Critical Minerals,CVGI,0.03333333333333333
2024-06-28,Critical Minerals,TROX,0.03333333333333333
2024-06-28,Critical Minerals,GRVY,0.03333333333333333
2024-06-28,Critical Minerals,GHG,0.03333333333333333
2024-06-28,Critical Minerals,MAKO,0.03333333333333333
2024-06-28,Critical Minerals,STRT,0.03333333333333333
2024-06-28,Critical Minerals,ASYS,0.03333333333333333
2024-06-28,Critical Minerals,CHCI,0.03333333333333333
2024-06-28,Critical Minerals,LGO,0.03333333333333333
2024-06-28,Critical Minerals,ONCY,0.03333333333333333
2024-06-28,Cybersecurity,TRC,0.03333333333333333
2024-06-28,Cybersecurity,OPBK,0.03333333333333333
2024-06-28,Cybersecurity,AVBH,0.03333333333333333
2024-06-28,Cybersecurity,LOCO,0.03333333333333333
2024-06-28,Cybersecurity,VLGEA,0.03333333333333333
2024-06-28,Cybersecurity,RBKB,0.03333333333333333
2024-06-28,Cybersecurity,MHLA,0.03333333333333333
2024-06-28,Cybersecurity,LSBK,0.03333333333333333
2024-06-28,Cybersecurity,EBF,0.03333333333333333
2024-06-28,Cybersecurity,FEIM,0.03333333333333333
2024-06-28,Cybersecurity,CHMG,0.03333333333333333
2024-06-28,Cybersecurity,BCAL,0.03333333333333333
2024-06-28,Cybersecurity,EPSN,0.03333333333333333
2024-06-28,Cybersecurity,CBNK,0.03333333333333333
2024-06-28,Cybersecurity,MNSB,0.03333333333333333
2024-06-28,Cybersecurity,EBMT,0.03333333333333333
2024-06-28,Cybersecurity,TSBK,0.03333333333333333
2024-06-28,Cybersecurity,NRIM,0.03333333333333333
2024-06-28,Cybersecurity,CBAN,0.03333333333333333
2024-06-28,Cybersecurity,CTO,0.03333333333333333
2024-06-28,Cybersecurity,MITK,0.03333333333333333
2024-06-28,Cybersecurity,PDLB,0.03333333333333333
2024-06-28,Cybersecurity,OXM,0.03333333333333333
2024-06-28,Cybersecurity,UNB,0.03333333333333333
2024-06-28,Cybersecurity,SMBK,0.03333333333333333
2024-06-28,Cybersecurity,OVLY,0.03333333333333333
2024-06-28,Cybersecurity,MGPI,0.03333333333333333
2024-06-28,Cybersecurity,HSTM,0.03333333333333333
2024-06-28,Cybersecurity,MBWM,0.03333333333333333
2024-06-28,Cybersecurity,ACRE,0.03333333333333333
2024-06-28,Defense,VLGEA,0.03333333333333333
2024-06-28,Defense,EBF,0.03333333333333333
2024-06-28,Defense,TRC,0.03333333333333333
2024-06-28,Defense,CASS,0.03333333333333333
2024-06-28,Defense,OXM,0.03333333333333333
2024-06-28,Defense,EPSN,0.03333333333333333
2024-06-28,Defense,NPK,0.03333333333333333
2024-06-28,Defense,CTO,0.03333333333333333
2024-06-28,Defense,PNNT,0.03333333333333333
2024-06-28,Defense,KFRC,0.03333333333333333
2024-06-28,Defense,BOC,0.03333333333333333
2024-06-28,Defense,FEIM,0.03333333333333333
2024-06-28,Defense,BGSF,0.03333333333333333
2024-06-28,Defense,PCYO,0.03333333333333333
2024-06-28,Defense,CCOI,0.03333333333333333
2024-06-28,Defense,TBI,0.03333333333333333
2024-06-28,Defense,BFS,0.03333333333333333
2024-06-28,Defense,NRIM,0.03333333333333333
2024-06-28,Defense,CWBC,0.03333333333333333
2024-06-28,Defense,BRT,0.03333333333333333
2024-06-28,Defense,CAPL,0.03333333333333333
2024-06-28,Defense,RVSB,0.03333333333333333
2024-06-28,Defense,ACCO,0.03333333333333333
2024-06-28,Defense,KELYA,0.03333333333333333
2024-06-28,Defense,EIG,0.03333333333333333
2024-06-28,Defense,LOCO,0.03333333333333333
2024-06-28,Defense,FC,0.03333333333333333
2024-06-28,Defense,MNRO,0.03333333333333333
2024-06-28,Defense,MGPI,0.03333333333333333
2024-06-28,Defense,MATV,0.03333333333333333
2024-06-28,Fintech,CHSCN,0.03333333333333333
2024-06-28,Fintech,CHSCM,0.03333333333333333
2024-06-28,Fintech,CHSCO,0.03333333333333333
2024-06-28,Fintech,CHSCL,0.03333333333333333
2024-06-28,Fintech,GPJA,0.03333333333333333
2024-06-28,Fintech,MHLA,0.03333333333333333
2024-06-28,Fintech,USNA,0.03333333333333333
2024-06-28,Fintech,NECB,0.03333333333333333
2024-06-28,Fintech,MHNC,0.03333333333333333
2024-06-28,Fintech,BCAL,0.03333333333333333
2024-06-28,Fintech,AFBI,0.03333333333333333
2024-06-28,Fintech,CNNE,0.03333333333333333
2024-06-28,Fintech,HWBK,0.03333333333333333
2024-06-28,Fintech,OVLY,0.03333333333333333
2024-06-28,Fintech,EPSN,0.03333333333333333
2024-06-28,Fintech,EARN,0.03333333333333333
2024-06-28,Fintech,ACCO,0.03333333333333333
2024-06-28,Fintech,PEBK,0.03333333333333333
2024-06-28,Fintech,ALRS,0.03333333333333333
2024-06-28,Fintech,RVSB,0.03333333333333333
2024-06-28,Fintech,MVBF,0.03333333333333333
2024-06-28,Fintech,NWFL,0.03333333333333333
2024-06-28,Fintech,BFST,0.03333333333333333
2024-06-28,Fintech,MATV,0.03333333333333333
2024-06-28,Fintech,ESCA,0.03333333333333333
2024-06-28,Fintech,RMAX,0.03333333333333333
2024-06-28,Fintech,FRST,0.03333333333333333
2024-06-28,Fintech,LAKE,0.03333333333333333
2024-06-28,Fintech,XRX,0.03333333333333333
2024-06-28,Fintech,CZFS,0.03333333333333333
2024-06-28,Robotics & AI,CHSCM,0.03333333333333333
2024-06-28,Robotics & AI,CHSCO,0.03333333333333333
2024-06-28,Robotics & AI,CHSCN,0.03333333333333333
2024-06-28,Robotics & AI,LSBK,0.03333333333333333
2024-06-28,Robotics & AI,GPJA,0.03333333333333333
2024-06-28,Robotics & AI,MHLA,0.03333333333333333
2024-06-28,Robotics & AI,MHNC,0.03333333333333333
2024-06-28,Robotics & AI,FCCO,0.03333333333333333
2024-06-28,Robotics & AI,CBAN,0.03333333333333333
2024-06-28,Robotics & AI,SSBI,0.03333333333333333
2024-06-28,Robotics & AI,VABK,0.03333333333333333
2024-06-28,Robotics & AI,BVFL,0.03333333333333333
2024-06-28,Robotics & AI,CMCO,0.03333333333333333
2024-06-28,Robotics & AI,MNSB,0.03333333333333333
2024-06-28,Robotics & AI,ACCO,0.03333333333333333
2024-06-28,Robotics & AI,PDLB,0.03333333333333333
2024-06-28,Robotics & AI,TSBK,0.03333333333333333
2024-06-28,Robotics & AI,RGCO,0.03333333333333333
2024-06-28,Robotics & AI,CSV,0.03333333333333333
2024-06-28,Robotics & AI,CHMI,0.03333333333333333
2024-06-28,Robotics & AI,NVEC,0.03333333333333333
2024-06-28,Robotics & AI,MX,0.03333333333333333
2024-06-28,Robotics & AI,RDVT,0.03333333333333333
2024-06-28,Robotics & AI,OBT,0.03333333333333333
2024-06-28,Robotics & AI,XRX,0.03333333333333333
2024-06-28,Robotics & AI,MLAB,0.03333333333333333
2024-06-28,Robotics & AI,KRO,0.03333333333333333
2024-06-28,Robotics & AI,JMSB,0.03333333333333333
2024-06-28,Robotics & AI,MYGN,0.03333333333333333
2024-06-28,Robotics & AI,MFA,0.03333333333333333
2024-06-28,Timber & Forestry,CHSCM,0.03333333333333333
2024-06-28,Timber & Forestry,CHSCN,0.03333333333333333
2024-06-28,Timber & Forestry,CHSCL,0.03333333333333333
2024-06-28,Timber & Forestry,MHNC,0.03333333333333333
2024-06-28,Timber & Forestry,USNA,0.03333333333333333
2024-06-28,Timber & Forestry,JOUT,0.03333333333333333
2024-06-28,Timber & Forestry,CMTV,0.03333333333333333
2024-06-28,Timber & Forestry,DSWL,0.03333333333333333
2024-06-28,Timber & Forestry,ACCO,0.03333333333333333
2024-06-28,Timber & Forestry,GAIN,0.03333333333333333
2024-06-28,Timber & Forestry,HRZN,0.03333333333333333
2024-06-28,Timber & Forestry,WILC,0.03333333333333333
2024-06-28,Timber & Forestry,MATV,0.03333333333333333
2024-06-28,Timber & Forestry,JRSH,0.03333333333333333
2024-06-28,Timber & Forestry,CSV,0.03333333333333333
2024-06-28,Timber & Forestry,KELYA,0.03333333333333333
2024-06-28,Timber & Forestry,NVEC,0.03333333333333333
2024-06-28,Timber & Forestry,CHMI,0.03333333333333333
2024-06-28,Timber & Forestry,LEGH,0.03333333333333333
2024-06-28,Timber & Forestry,XRX,0.03333333333333333
2024-06-28,Timber & Forestry,IIIN,0.03333333333333333
2024-06-28,Timber & Forestry,OEC,0.03333333333333333
2024-06-28,Timber & Forestry,KRO,0.03333333333333333
2024-06-28,Timber & Forestry,HY,0.03333333333333333
2024-06-28,Timber & Forestry,TITN,0.03333333333333333
2024-06-28,Timber & Forestry,VHI,0.03333333333333333
2024-06-28,Timber & Forestry,MFA,0.03333333333333333
2024-06-28,Timber & Forestry,RDVT,0.03333333333333333
2024-06-28,Timber & Forestry,OSG,0.03333333333333333
2024-06-28,Timber & Forestry,GOOS,0.03333333333333333
2024-06-28,US Infrastructure,VLGEA,0.03333333333333333
2024-06-28,US Infrastructure,APOG,0.03333333333333333
2024-06-28,US Infrastructure,PKE,0.03333333333333333
2024-06-28,US Infrastructure,GLRE,0.03333333333333333
2024-06-28,US Infrastructure,EFSI,0.03333333333333333
2024-06-28,US Infrastructure,CGBD,0.03333333333333333
2024-06-28,US Infrastructure,TRC,0.03333333333333333
2024-06-28,US Infrastructure,GLAD,0.03333333333333333
2024-06-28,US Infrastructure,GAIN,0.03333333333333333
2024-06-28,US Infrastructure,NPK,0.03333333333333333
2024-06-28,US Infrastructure,OXM,0.03333333333333333
2024-06-28,US Infrastructure,JOUT,0.03333333333333333
2024-06-28,US Infrastructure,CTO,0.03333333333333333
2024-06-28,US Infrastructure,PCYO,0.03333333333333333
2024-06-28,US Infrastructure,NX,0.03333333333333333
2024-06-28,US Infrastructure,MATV,0.03333333333333333
2024-06-28,US Infrastructure,DGICA,0.03333333333333333
2024-06-28,US Infrastructure,TRNS,0.03333333333333333
2024-06-28,US Infrastructure,EIG,0.03333333333333333
2024-06-28,US Infrastructure,HRZN,0.03333333333333333
2024-06-28,US Infrastructure,MITK,0.03333333333333333
2024-06-28,US Infrastructure,BWFG,0.03333333333333333
2024-06-28,US Infrastructure,WNEB,0.03333333333333333
2024-06-28,US Infrastructure,BVFL,0.03333333333333333
2024-06-28,US Infrastructure,FPI,0.03333333333333333
2024-06-28,US Infrastructure,GWRS,0.03333333333333333
2024-06-28,US Infrastructure,LYTS,0.03333333333333333
2024-06-28,US Infrastructure,CMCO,0.03333333333333333
2024-06-28,US Infrastructure,GNE,0.03333333333333333
2024-06-28,US Infrastructure,STRS,0.03333333333333333
2024-06-28,Water,VLGEA,0.03333333333333333
2024-06-28,Water,FEIM,0.03333333333333333
2024-06-28,Water,APOG,0.03333333333333333
2024-06-28,Water,GAIN,0.03333333333333333
2024-06-28,Water,GWRS,0.03333333333333333
2024-06-28,Water,MATV,0.03333333333333333
2024-06-28,Water,PCYO,0.03333333333333333
2024-06-28,Water,NKSH,0.03333333333333333
2024-06-28,Water,EIG,0.03333333333333333
2024-06-28,Water,MITK,0.03333333333333333
2024-06-28,Water,BVFL,0.03333333333333333
2024-06-28,Water,MLAB,0.03333333333333333
2024-06-28,Water,TRNS,0.03333333333333333
2024-06-28,Water,CMCO,0.03333333333333333
2024-06-28,Water,IIIN,0.03333333333333333
2024-06-28,Water,ETD,0.03333333333333333
2024-06-28,Water,WNC,0.03333333333333333
2024-06-28,Water,VREX,0.03333333333333333
2024-06-28,Water,LEGH,0.03333333333333333
2024-06-28,Water,NVEC,0.03333333333333333
2024-06-28,Water,STRS,0.03333333333333333
2024-06-28,Water,LYTS,0.03333333333333333
2024-06-28,Water,DLHC,0.03333333333333333
2024-06-28,Water,XRN,0.03333333333333333
2024-06-28,Water,ARTNA,0.03333333333333333
2024-06-28,Water,SRI,0.03333333333333333
2024-06-28,Water,RDVT,0.03333333333333333
2024-06-28,Water,GNE,0.03333333333333333
2024-06-28,Water,OEC,0.03333333333333333
2024-06-28,Water,OSG,0.03333333333333333
2024-07-26,AI Infrastructure,JRSH,0.03333333333333333
2024-07-26,AI Infrastructure,MX,0.03333333333333333
2024-07-26,AI Infrastructure,DSWL,0.03333333333333333
2024-07-26,AI Infrastructure,OXM,0.03333333333333333
2024-07-26,AI Infrastructure,CTO,0.03333333333333333
2024-07-26,AI Infrastructure,RBBN,0.03333333333333333
2024-07-26,AI Infrastructure,RDVT,0.03333333333333333
2024-07-26,AI Infrastructure,MYGN,0.03333333333333333
2024-07-26,AI Infrastructure,UEIC,0.03333333333333333
2024-07-26,AI Infrastructure,MGPI,0.03333333333333333
2024-07-26,AI Infrastructure,DLNG,0.03333333333333333
2024-07-26,AI Infrastructure,DLHC,0.03333333333333333
2024-07-26,AI Infrastructure,STRT,0.03333333333333333
2024-07-26,AI Infrastructure,FTLF,0.03333333333333333
2024-07-26,AI Infrastructure,FOCL,0.03333333333333333
2024-07-26,AI Infrastructure,PD,0.03333333333333333
2024-07-26,AI Infrastructure,KRNT,0.03333333333333333
2024-07-26,AI Infrastructure,AIV,0.03333333333333333
2024-07-26,AI Infrastructure,ASIX,0.03333333333333333
2024-07-26,AI Infrastructure,SITC,0.03333333333333333
2024-07-26,AI Infrastructure,MTUS,0.03333333333333333
2024-07-26,AI Infrastructure,DSX,0.03333333333333333
2024-07-26,AI Infrastructure,VRA,0.03333333333333333
2024-07-26,AI Infrastructure,QUIK,0.03333333333333333
2024-07-26,AI Infrastructure,CRNT,0.03333333333333333
2024-07-26,AI Infrastructure,VUZI,0.03333333333333333
2024-07-26,AI Infrastructure,ONCY,0.03333333333333333
2024-07-26,AI Infrastructure,CHCI,0.03333333333333333
2024-07-26,AI Infrastructure,GHG,0.03333333333333333
2024-07-26,AI Infrastructure,MRAM,0.03333333333333333
2024-07-26,Agribusiness,TRC,0.03333333333333333
2024-07-26,Agribusiness,DSWL,0.03333333333333333
2024-07-26,Agribusiness,OXM,0.03333333333333333
2024-07-26,Agribusiness,JOUT,0.03333333333333333
2024-07-26,Agribusiness,LCNB,0.03333333333333333
2024-07-26,Agribusiness,WEYS,0.03333333333333333
2024-07-26,Agribusiness,LND,0.03333333333333333
2024-07-26,Agribusiness,LAND,0.03333333333333333
2024-07-26,Agribusiness,ANGO,0.03333333333333333
2024-07-26,Agribusiness,FOXF,0.03333333333333333
2024-07-26,Agribusiness,ASIX,0.03333333333333333
2024-07-26,Agribusiness,SANG,0.03333333333333333
2024-07-26,Agribusiness,FOCL,0.03333333333333333
2024-07-26,Agribusiness,MTUS,0.03333333333333333
2024-07-26,Agribusiness,GOOS,0.03333333333333333
2024-07-26,Agribusiness,SHOE,0.03333333333333333
2024-07-26,Agribusiness,METC,0.03333333333333333
2024-07-26,Agribusiness,SXC,0.03333333333333333
2024-07-26,Agribusiness,GCO,0.03333333333333333
2024-07-26,Agribusiness,CVGI,0.03333333333333333
2024-07-26,Agribusiness,TWI,0.03333333333333333
2024-07-26,Agribusiness,MED,0.03333333333333333
2024-07-26,Agribusiness,CRESY,0.03333333333333333
2024-07-26,Agribusiness,ASA,0.03333333333333333
2024-07-26,Agribusiness,NFE,0.03333333333333333
2024-07-26,Agribusiness,HDSN,0.03333333333333333
2024-07-26,Agribusiness,CLNE,0.03333333333333333
2024-07-26,Agribusiness,GASS,0.03333333333333333
2024-07-26,Agribusiness,MRAM,0.03333333333333333
2024-07-26,Agribusiness,LITB,0.03333333333333333
2024-07-26,Clean Energy,AFBI,0.03333333333333333
2024-07-26,Clean Energy,CHSCO,0.03333333333333333
2024-07-26,Clean Energy,CHSCN,0.03333333333333333
2024-07-26,Clean Energy,CHSCL,0.03333333333333333
2024-07-26,Clean Energy,ERII,0.03333333333333333
2024-07-26,Clean Energy,DSWL,0.03333333333333333
2024-07-26,Clean Energy,ISBA,0.03333333333333333
2024-07-26,Clean Energy,FXNC,0.03333333333333333
2024-07-26,Clean Energy,RMAX,0.03333333333333333
2024-07-26,Clean Energy,CWBC,0.03333333333333333
2024-07-26,Clean Energy,NWFL,0.03333333333333333
2024-07-26,Clean Energy,MVBF,0.03333333333333333
2024-07-26,Clean Energy,STRS,0.03333333333333333
2024-07-26,Clean Energy,ALCO,0.03333333333333333
2024-07-26,Clean Energy,SSBI,0.03333333333333333
2024-07-26,Clean Energy,EBMT,0.03333333333333333
2024-07-26,Clean Energy,ACNB,0.03333333333333333
2024-07-26,Clean Energy,FUSB,0.03333333333333333
2024-07-26,Clean Energy,AVD,0.03333333333333333
2024-07-26,Clean Energy,CBNK,0.03333333333333333
2024-07-26,Clean Energy,SHBI,0.03333333333333333
2024-07-26,Clean Energy,JACK,0.03333333333333333
2024-07-26,Clean Energy,PKE,0.03333333333333333
2024-07-26,Clean Energy,ITIC,0.03333333333333333
2024-07-26,Clean Energy,PCYO,0.03333333333333333
2024-07-26,Clean Energy,ATLO,0.03333333333333333
2024-07-26,Clean Energy,FPI,0.03333333333333333
2024-07-26,Clean Energy,VABK,0.03333333333333333
2024-07-26,Clean Energy,CCNE,0.03333333333333333
2024-07-26,Clean Energy,MLAB,0.03333333333333333
2024-07-26,Critical Minerals,PFX,0.03333333333333333
2024-07-26,Critical Minerals,LYTS,0.03333333333333333
2024-07-26,Critical Minerals,MTUS,0.03333333333333333
2024-07-26,Critical Minerals,MITK,0.03333333333333333
2024-07-26,Critical Minerals,ORN,0.03333333333333333
2024-07-26,Critical Minerals,BAK,0.03333333333333333
2024-07-26,Critical Minerals,STRT,0.03333333333333333
2024-07-26,Critical Minerals,SPOK,0.03333333333333333
2024-07-26,Critical Minerals,NGS,0.03333333333333333
2024-07-26,Critical Minerals,LND,0.03333333333333333
2024-07-26,Critical Minerals,EAF,0.03333333333333333
2024-07-26,Critical Minerals,FOCL,0.03333333333333333
2024-07-26,Critical Minerals,TROX,0.03333333333333333
2024-07-26,Critical Minerals,ASA,0.03333333333333333
2024-07-26,Critical Minerals,GRVY,0.03333333333333333
2024-07-26,Critical Minerals,OSPN,0.03333333333333333
2024-07-26,Critical Minerals,KRO,0.03333333333333333
2024-07-26,Critical Minerals,CNDT,0.03333333333333333
2024-07-26,Critical Minerals,SUPV,0.03333333333333333
2024-07-26,Critical Minerals,ONCY,0.03333333333333333
2024-07-26,Critical Minerals,SXC,0.03333333333333333
2024-07-26,Critical Minerals,GASS,0.03333333333333333
2024-07-26,Critical Minerals,TBCH,0.03333333333333333
2024-07-26,Critical Minerals,GHG,0.03333333333333333
2024-07-26,Critical Minerals,LITB,0.03333333333333333
2024-07-26,Critical Minerals,VUZI,0.03333333333333333
2024-07-26,Critical Minerals,GPRK,0.03333333333333333
2024-07-26,Critical Minerals,CXDO,0.03333333333333333
2024-07-26,Critical Minerals,TRVG,0.03333333333333333
2024-07-26,Critical Minerals,GRWG,0.03333333333333333
2024-07-26,Cybersecurity,HCKT,0.03333333333333333
2024-07-26,Cybersecurity,TRC,0.03333333333333333
2024-07-26,Cybersecurity,AVBH,0.03333333333333333
2024-07-26,Cybersecurity,OPBK,0.03333333333333333
2024-07-26,Cybersecurity,DSWL,0.03333333333333333
2024-07-26,Cybersecurity,VLGEA,0.03333333333333333
2024-07-26,Cybersecurity,RBKB,0.03333333333333333
2024-07-26,Cybersecurity,CBNK,0.03333333333333333
2024-07-26,Cybersecurity,CTO,0.03333333333333333
2024-07-26,Cybersecurity,CMTV,0.03333333333333333
2024-07-26,Cybersecurity,BCAL,0.03333333333333333
2024-07-26,Cybersecurity,MNSB,0.03333333333333333
2024-07-26,Cybersecurity,FEIM,0.03333333333333333
2024-07-26,Cybersecurity,SBFG,0.03333333333333333
2024-07-26,Cybersecurity,EPSN,0.03333333333333333
2024-07-26,Cybersecurity,LOCO,0.03333333333333333
2024-07-26,Cybersecurity,SMBK,0.03333333333333333
2024-07-26,Cybersecurity,FPI,0.03333333333333333
2024-07-26,Cybersecurity,MGPI,0.03333333333333333
2024-07-26,Cybersecurity,EBMT,0.03333333333333333
2024-07-26,Cybersecurity,OXM,0.03333333333333333
2024-07-26,Cybersecurity,MITK,0.03333333333333333
2024-07-26,Cybersecurity,ACRE,0.03333333333333333
2024-07-26,Cybersecurity,BFS,0.03333333333333333
2024-07-26,Cybersecurity,MATV,0.03333333333333333
2024-07-26,Cybersecurity,HELE,0.03333333333333333
2024-07-26,Cybersecurity,NGVC,0.03333333333333333
2024-07-26,Cybersecurity,OBT,0.03333333333333333
2024-07-26,Cybersecurity,ACCO,0.03333333333333333
2024-07-26,Cybersecurity,PD,0.03333333333333333
2024-07-26,Defense,TRC,0.03333333333333333
2024-07-26,Defense,PFLT,0.03333333333333333
2024-07-26,Defense,PFX,0.03333333333333333
2024-07-26,Defense,EBF,0.03333333333333333
2024-07-26,Defense,VLGEA,0.03333333333333333
2024-07-26,Defense,CTO,0.03333333333333333
2024-07-26,Defense,OXM,0.03333333333333333
2024-07-26,Defense,GLAD,0.03333333333333333
2024-07-26,Defense,GLRE,0.03333333333333333
2024-07-26,Defense,BBSI,0.03333333333333333
2024-07-26,Defense,NPK,0.03333333333333333
2024-07-26,Defense,EPSN,0.03333333333333333
2024-07-26,Defense,BFS,0.03333333333333333
2024-07-26,Defense,FPI,0.03333333333333333
2024-07-26,Defense,DSWL,0.03333333333333333
2024-07-26,Defense,PNNT,0.03333333333333333
2024-07-26,Defense,BRT,0.03333333333333333
2024-07-26,Defense,EIG,0.03333333333333333
2024-07-26,Defense,SPOK,0.03333333333333333
2024-07-26,Defense,NRIM,0.03333333333333333
2024-07-26,Defense,MGPI,0.03333333333333333
2024-07-26,Defense,MNRO,0.03333333333333333
2024-07-26,Defense,GNE,0.03333333333333333
2024-07-26,Defense,LND,0.03333333333333333
2024-07-26,Defense,GSBC,0.03333333333333333
2024-07-26,Defense,KELYA,0.03333333333333333
2024-07-26,Defense,CARE,0.03333333333333333
2024-07-26,Defense,DLHC,0.03333333333333333
2024-07-26,Defense,ELME,0.03333333333333333
2024-07-26,Defense,FEIM,0.03333333333333333
2024-07-26,Fintech,CHSCN,0.03333333333333333
2024-07-26,Fintech,CHSCO,0.03333333333333333
2024-07-26,Fintech,CHSCM,0.03333333333333333
2024-07-26,Fintech,SFBC,0.03333333333333333
2024-07-26,Fintech,GPJA,0.03333333333333333
2024-07-26,Fintech,BCAL,0.03333333333333333
2024-07-26,Fintech,OVLY,0.03333333333333333
2024-07-26,Fintech,FCCO,0.03333333333333333
2024-07-26,Fintech,AFBI,0.03333333333333333
2024-07-26,Fintech,CWBC,0.03333333333333333
2024-07-26,Fintech,LOCO,0.03333333333333333
2024-07-26,Fintech,CNNE,0.03333333333333333
2024-07-26,Fintech,JACK,0.03333333333333333
2024-07-26,Fintech,NRIM,0.03333333333333333
2024-07-26,Fintech,PEBK,0.03333333333333333
2024-07-26,Fintech,EARN,0.03333333333333333
2024-07-26,Fintech,NWFL,0.03333333333333333
2024-07-26,Fintech,EPSN,0.03333333333333333
2024-07-26,Fintech,ALRS,0.03333333333333333
2024-07-26,Fintech,VABK,0.03333333333333333
2024-07-26,Fintech,MVBF,0.03333333333333333
2024-07-26,Fintech,RMAX,0.03333333333333333
2024-07-26,Fintech,BFST,0.03333333333333333
2024-07-26,Fintech,ESCA,0.03333333333333333
2024-07-26,Fintech,SGA,0.03333333333333333
2024-07-26,Fintech,HQI,0.03333333333333333
2024-07-26,Fintech,IIIV,0.03333333333333333
2024-07-26,Fintech,XRX,0.03333333333333333
2024-07-26,Fintech,MLAB,0.03333333333333333
2024-07-26,Fintech,EVO,0.03333333333333333
2024-07-26,Robotics & AI,CHSCM,0.03333333333333333
2024-07-26,Robotics & AI,CHSCO,0.03333333333333333
2024-07-26,Robotics & AI,CHSCN,0.03333333333333333
2024-07-26,Robotics & AI,GPJA,0.03333333333333333
2024-07-26,Robotics & AI,MHLA,0.03333333333333333
2024-07-26,Robotics & AI,MHNC,0.03333333333333333
2024-07-26,Robotics & AI,PFX,0.03333333333333333
2024-07-26,Robotics & AI,GAIN,0.03333333333333333
2024-07-26,Robotics & AI,RC,0.03333333333333333
2024-07-26,Robotics & AI,NVEC,0.03333333333333333
2024-07-26,Robotics & AI,ACCO,0.03333333333333333
2024-07-26,Robotics & AI,EARN,0.03333333333333333
2024-07-26,Robotics & AI,CHMI,0.03333333333333333
2024-07-26,Robotics & AI,FUSB,0.03333333333333333
2024-07-26,Robotics & AI,RGCO,0.03333333333333333
2024-07-26,Robotics & AI,VABK,0.03333333333333333
2024-07-26,Robotics & AI,FPH,0.03333333333333333
2024-07-26,Robotics & AI,MX,0.03333333333333333
2024-07-26,Robotics & AI,MFA,0.03333333333333333
2024-07-26,Robotics & AI,KRO,0.03333333333333333
2024-07-26,Robotics & AI,DLNG,0.03333333333333333
2024-07-26,Robotics & AI,MLAB,0.03333333333333333
2024-07-26,Robotics & AI,MYGN,0.03333333333333333
2024-07-26,Robotics & AI,WNC,0.03333333333333333
2024-07-26,Robotics & AI,XRN,0.03333333333333333
2024-07-26,Robotics & AI,EVO,0.03333333333333333
2024-07-26,Robotics & AI,FOCL,0.03333333333333333
2024-07-26,Robotics & AI,UEIC,0.03333333333333333
2024-07-26,Robotics & AI,MCHX,0.03333333333333333
2024-07-26,Robotics & AI,OEC,0.03333333333333333
2024-07-26,Timber & Forestry,CHSCL,0.03333333333333333
2024-07-26,Timber & Forestry,CHSCN,0.03333333333333333
2024-07-26,Timber & Forestry,CHSCM,0.03333333333333333
2024-07-26,Timber & Forestry,PFX,0.03333333333333333
2024-07-26,Timber & Forestry,MHLA,0.03333333333333333
2024-07-26,Timber & Forestry,MHNC,0.03333333333333333
2024-07-26,Timber & Forestry,FXNC,0.03333333333333333
2024-07-26,Timber & Forestry,AFBI,0.03333333333333333
2024-07-26,Timber & Forestry,CMTV,0.03333333333333333
2024-07-26,Timber & Forestry,GAIN,0.03333333333333333
2024-07-26,Timber & Forestry,PKE,0.03333333333333333
2024-07-26,Timber & Forestry,SSBI,0.03333333333333333
2024-07-26,Timber & Forestry,HELE,0.03333333333333333
2024-07-26,Timber & Forestry,HRZN,0.03333333333333333
2024-07-26,Timber & Forestry,SBFG,0.03333333333333333
2024-07-26,Timber & Forestry,NECB,0.03333333333333333
2024-07-26,Timber & Forestry,JOUT,0.03333333333333333
2024-07-26,Timber & Forestry,CZWI,0.03333333333333333
2024-07-26,Timber & Forestry,ACCO,0.03333333333333333
2024-07-26,Timber & Forestry,MITK,0.03333333333333333
2024-07-26,Timber & Forestry,DGICA,0.03333333333333333
2024-07-26,Timber & Forestry,PDLB,0.03333333333333333
2024-07-26,Timber & Forestry,FUSB,0.03333333333333333
2024-07-26,Timber & Forestry,MATV,0.03333333333333333
2024-07-26,Timber & Forestry,CMCO,0.03333333333333333
2024-07-26,Timber & Forestry,CHMI,0.03333333333333333
2024-07-26,Timber & Forestry,SGC,0.03333333333333333
2024-07-26,Timber & Forestry,CARS,0.03333333333333333
2024-07-26,Timber & Forestry,ETD,0.03333333333333333
2024-07-26,Timber & Forestry,BRID,0.03333333333333333
2024-07-26,US Infrastructure,VLGEA,0.03333333333333333
2024-07-26,US Infrastructure,PFX,0.03333333333333333
2024-07-26,US Infrastructure,BBSI,0.03333333333333333
2024-07-26,US Infrastructure,GLRE,0.03333333333333333
2024-07-26,US Infrastructure,GLAD,0.03333333333333333
2024-07-26,US Infrastructure,PKE,0.03333333333333333
2024-07-26,US Infrastructure,CGBD,0.03333333333333333
2024-07-26,US Infrastructure,BBDC,0.03333333333333333
2024-07-26,US Infrastructure,PCYO,0.03333333333333333
2024-07-26,US Infrastructure,CTO,0.03333333333333333
2024-07-26,US Infrastructure,GAIN,0.03333333333333333
2024-07-26,US Infrastructure,NPK,0.03333333333333333
2024-07-26,US Infrastructure,CMTV,0.03333333333333333
2024-07-26,US Infrastructure,OXM,0.03333333333333333
2024-07-26,US Infrastructure,BWFG,0.03333333333333333
2024-07-26,US Infrastructure,EIG,0.03333333333333333
2024-07-26,US Infrastructure,NX,0.03333333333333333
2024-07-26,US Infrastructure,MATV,0.03333333333333333
2024-07-26,US Infrastructure,JOUT,0.03333333333333333
2024-07-26,US Infrastructure,WNEB,0.03333333333333333
2024-07-26,US Infrastructure,FPI,0.03333333333333333
2024-07-26,US Infrastructure,STRS,0.03333333333333333
2024-07-26,US Infrastructure,BRT,0.03333333333333333
2024-07-26,US Infrastructure,CCNE,0.03333333333333333
2024-07-26,US Infrastructure,LYTS,0.03333333333333333
2024-07-26,US Infrastructure,IIIN,0.03333333333333333
2024-07-26,US Infrastructure,ETD,0.03333333333333333
2024-07-26,US Infrastructure,DLHC,0.03333333333333333
2024-07-26,US Infrastructure,XRN,0.03333333333333333
2024-07-26,US Infrastructure,SCHL,0.03333333333333333
2024-07-26,Water,VLGEA,0.03333333333333333
2024-07-26,Water,GLAD,0.03333333333333333
2024-07-26,Water,BBSI,0.03333333333333333
2024-07-26,Water,GLRE,0.03333333333333333
2024-07-26,Water,GAIN,0.03333333333333333
2024-07-26,Water,CTO,0.03333333333333333
2024-07-26,Water,APOG,0.03333333333333333
2024-07-26,Water,OPBK,0.03333333333333333
2024-07-26,Water,PFX,0.03333333333333333
2024-07-26,Water,FEIM,0.03333333333333333
2024-07-26,Water,RGCO,0.03333333333333333
2024-07-26,Water,NKSH,0.03333333333333333
2024-07-26,Water,GWRS,0.03333333333333333
2024-07-26,Water,MATV,0.03333333333333333
2024-07-26,Water,MHNC,0.03333333333333333
2024-07-26,Water,JOUT,0.03333333333333333
2024-07-26,Water,MITK,0.03333333333333333
2024-07-26,Water,STRS,0.03333333333333333
2024-07-26,Water,NVEC,0.03333333333333333
2024-07-26,Water,BWFG,0.03333333333333333
2024-07-26,Water,EIG,0.03333333333333333
2024-07-26,Water,IIIN,0.03333333333333333
2024-07-26,Water,OXM,0.03333333333333333
2024-07-26,Water,MLAB,0.03333333333333333
2024-07-26,Water,WNC,0.03333333333333333
2024-07-26,Water,CMCO,0.03333333333333333
2024-07-26,Water,XRN,0.03333333333333333
2024-07-26,Water,DLHC,0.03333333333333333
2024-07-26,Water,SGC,0.03333333333333333
2024-07-26,Water,ANGO,0.03333333333333333
2024-08-30,AI Infrastructure,JRSH,0.03333333333333333
2024-08-30,AI Infrastructure,BVFL,0.03333333333333333
2024-08-30,AI Infrastructure,DSWL,0.03333333333333333
2024-08-30,AI Infrastructure,OXM,0.03333333333333333
2024-08-30,AI Infrastructure,RBBN,0.03333333333333333
2024-08-30,AI Infrastructure,MX,0.03333333333333333
2024-08-30,AI Infrastructure,LINK,0.03333333333333333
2024-08-30,AI Infrastructure,CTO,0.03333333333333333
2024-08-30,AI Infrastructure,DLNG,0.03333333333333333
2024-08-30,AI Infrastructure,INSE,0.03333333333333333
2024-08-30,AI Infrastructure,RDVT,0.03333333333333333
2024-08-30,AI Infrastructure,MYGN,0.03333333333333333
2024-08-30,AI Infrastructure,HDSN,0.03333333333333333
2024-08-30,AI Infrastructure,FTLF,0.03333333333333333
2024-08-30,AI Infrastructure,NGS,0.03333333333333333
2024-08-30,AI Infrastructure,STRT,0.03333333333333333
2024-08-30,AI Infrastructure,GILT,0.03333333333333333
2024-08-30,AI Infrastructure,FOCL,0.03333333333333333
2024-08-30,AI Infrastructure,GOGO,0.03333333333333333
2024-08-30,AI Infrastructure,ELME,0.03333333333333333
2024-08-30,AI Infrastructure,QUIK,0.03333333333333333
2024-08-30,AI Infrastructure,KRNT,0.03333333333333333
2024-08-30,AI Infrastructure,CHCI,0.03333333333333333
2024-08-30,AI Infrastructure,OPRX,0.03333333333333333
2024-08-30,AI Infrastructure,MTUS,0.03333333333333333
2024-08-30,AI Infrastructure,WRLD,0.03333333333333333
2024-08-30,AI Infrastructure,ONCY,0.03333333333333333
2024-08-30,AI Infrastructure,SITC,0.03333333333333333
2024-08-30,AI Infrastructure,GHG,0.03333333333333333
2024-08-30,AI Infrastructure,TWI,0.03333333333333333
2024-08-30,Agribusiness,DSWL,0.03333333333333333
2024-08-30,Agribusiness,JOUT,0.03333333333333333
2024-08-30,Agribusiness,OXM,0.03333333333333333
2024-08-30,Agribusiness,WEYS,0.03333333333333333
2024-08-30,Agribusiness,LAND,0.03333333333333333
2024-08-30,Agribusiness,RMAX,0.03333333333333333
2024-08-30,Agribusiness,HELE,0.03333333333333333
2024-08-30,Agribusiness,NEWT,0.03333333333333333
2024-08-30,Agribusiness,GOGO,0.03333333333333333
2024-08-30,Agribusiness,LND,0.03333333333333333
2024-08-30,Agribusiness,SWBI,0.03333333333333333
2024-08-30,Agribusiness,OFLX,0.03333333333333333
2024-08-30,Agribusiness,ASIX,0.03333333333333333
2024-08-30,Agribusiness,NUS,0.03333333333333333
2024-08-30,Agribusiness,MNOV,0.03333333333333333
2024-08-30,Agribusiness,FOXF,0.03333333333333333
2024-08-30,Agribusiness,FOCL,0.03333333333333333
2024-08-30,Agribusiness,HAIN,0.03333333333333333
2024-08-30,Agribusiness,CVGI,0.03333333333333333
2024-08-30,Agribusiness,GOOS,0.03333333333333333
2024-08-30,Agribusiness,SHOE,0.03333333333333333
2024-08-30,Agribusiness,RELL,0.03333333333333333
2024-08-30,Agribusiness,GCO,0.03333333333333333
2024-08-30,Agribusiness,MTUS,0.03333333333333333
2024-08-30,Agribusiness,STKS,0.03333333333333333
2024-08-30,Agribusiness,RDIB,0.03333333333333333
2024-08-30,Agribusiness,SXC,0.03333333333333333
2024-08-30,Agribusiness,ASA,0.03333333333333333
2024-08-30,Agribusiness,MED,0.03333333333333333
2024-08-30,Agribusiness,TWI,0.03333333333333333
2024-08-30,Clean Energy,FUSB,0.03333333333333333
2024-08-30,Clean Energy,AFBI,0.03333333333333333
2024-08-30,Clean Energy,FXNC,0.03333333333333333
2024-08-30,Clean Energy,CGBD,0.03333333333333333
2024-08-30,Clean Energy,ISBA,0.03333333333333333
2024-08-30,Clean Energy,CHSCN,0.03333333333333333
2024-08-30,Clean Energy,VREX,0.03333333333333333
2024-08-30,Clean Energy,DSWL,0.03333333333333333
2024-08-30,Clean Energy,HRZN,0.03333333333333333
2024-08-30,Clean Energy,MLAB,0.03333333333333333
2024-08-30,Clean Energy,VABK,0.03333333333333333
2024-08-30,Clean Energy,GAIN,0.03333333333333333
2024-08-30,Clean Energy,BVFL,0.03333333333333333
2024-08-30,Clean Energy,CCOI,0.03333333333333333
2024-08-30,Clean Energy,AUDC,0.03333333333333333
2024-08-30,Clean Energy,SSBI,0.03333333333333333
2024-08-30,Clean Energy,SMBK,0.03333333333333333
2024-08-30,Clean Energy,ALCO,0.03333333333333333
2024-08-30,Clean Energy,ACTG,0.03333333333333333
2024-08-30,Clean Energy,RGCO,0.03333333333333333
2024-08-30,Clean Energy,HVT,0.03333333333333333
2024-08-30,Clean Energy,FPI,0.03333333333333333
2024-08-30,Clean Energy,CWBC,0.03333333333333333
2024-08-30,Clean Energy,ACRE,0.03333333333333333
2024-08-30,Clean Energy,NWFL,0.03333333333333333
2024-08-30,Clean Energy,EBMT,0.03333333333333333
2024-08-30,Clean Energy,CHMI,0.03333333333333333
2024-08-30,Clean Energy,CAPL,0.03333333333333333
2024-08-30,Clean Energy,PCYO,0.03333333333333333
2024-08-30,Clean Energy,OOMA,0.03333333333333333
2024-08-30,Critical Minerals,BAK,0.03333333333333333
2024-08-30,Critical Minerals,LND,0.03333333333333333
2024-08-30,Critical Minerals,PFX,0.03333333333333333
2024-08-30,Critical Minerals,LYTS,0.03333333333333333
2024-08-30,Critical Minerals,NOA,0.03333333333333333
2024-08-30,Critical Minerals,SXC,0.03333333333333333
2024-08-30,Critical Minerals,MTUS,0.03333333333333333
2024-08-30,Critical Minerals,VRA,0.03333333333333333
2024-08-30,Critical Minerals,ACNT,0.03333333333333333
2024-08-30,Critical Minerals,MNOV,0.03333333333333333
2024-08-30,Critical Minerals,GOGO,0.03333333333333333
2024-08-30,Critical Minerals,CVGI,0.03333333333333333
2024-08-30,Critical Minerals,SUPV,0.03333333333333333
2024-08-30,Critical Minerals,ASA,0.03333333333333333
2024-08-30,Critical Minerals,VFF,0.03333333333333333
2024-08-30,Critical Minerals,VHI,0.03333333333333333
2024-08-30,Critical Minerals,CRESY,0.03333333333333333
2024-08-30,Critical Minerals,EAF,0.03333333333333333
2024-08-30,Critical Minerals,HRTG,0.03333333333333333
2024-08-30,Critical Minerals,ONCY,0.03333333333333333
2024-08-30,Critical Minerals,GASS,0.03333333333333333
2024-08-30,Critical Minerals,LGO,0.03333333333333333
2024-08-30,Critical Minerals,TROX,0.03333333333333333
2024-08-30,Critical Minerals,GPRK,0.03333333333333333
2024-08-30,Critical Minerals,KRO,0.03333333333333333
2024-08-30,Critical Minerals,ASYS,0.03333333333333333
2024-08-30,Critical Minerals,STRT,0.03333333333333333
2024-08-30,Critical Minerals,ORN,0.03333333333333333
2024-08-30,Critical Minerals,MAKO,0.03333333333333333
2024-08-30,Critical Minerals,CVV,0.03333333333333333
2024-08-30,Cybersecurity,HCKT,0.03333333333333333
2024-08-30,Cybersecurity,NPK,0.03333333333333333
2024-08-30,Cybersecurity,AVBH,0.03333333333333333
2024-08-30,Cybersecurity,BBSI,0.03333333333333333
2024-08-30,Cybersecurity,DSWL,0.03333333333333333
2024-08-30,Cybersecurity,RBKB,0.03333333333333333
2024-08-30,Cybersecurity,EPSN,0.03333333333333333
2024-08-30,Cybersecurity,OPBK,0.03333333333333333
2024-08-30,Cybersecurity,VLGEA,0.03333333333333333
2024-08-30,Cybersecurity,CTO,0.03333333333333333
2024-08-30,Cybersecurity,EBMT,0.03333333333333333
2024-08-30,Cybersecurity,CZWI,0.03333333333333333
2024-08-30,Cybersecurity,FPI,0.03333333333333333
2024-08-30,Cybersecurity,MNSB,0.03333333333333333
2024-08-30,Cybersecurity,BRT,0.03333333333333333
2024-08-30,Cybersecurity,MGPI,0.03333333333333333
2024-08-30,Cybersecurity,OXM,0.03333333333333333
2024-08-30,Cybersecurity,PD,0.03333333333333333
2024-08-30,Cybersecurity,UNB,0.03333333333333333
2024-08-30,Cybersecurity,CPF,0.03333333333333333
2024-08-30,Cybersecurity,MATV,0.03333333333333333
2024-08-30,Cybersecurity,HELE,0.03333333333333333
2024-08-30,Cybersecurity,PDLB,0.03333333333333333
2024-08-30,Cybersecurity,UFI,0.03333333333333333
2024-08-30,Cybersecurity,RMAX,0.03333333333333333
2024-08-30,Cybersecurity,LAND,0.03333333333333333
2024-08-30,Cybersecurity,CAC,0.03333333333333333
2024-08-30,Cybersecurity,ZUMZ,0.03333333333333333
2024-08-30,Cybersecurity,XRN,0.03333333333333333
2024-08-30,Cybersecurity,BH,0.03333333333333333
2024-08-30,Defense,CTO,0.03333333333333333
2024-08-30,Defense,VLGEA,0.03333333333333333
2024-08-30,Defense,EBF,0.03333333333333333
2024-08-30,Defense,BBSI,0.03333333333333333
2024-08-30,Defense,NPK,0.03333333333333333
2024-08-30,Defense,OXM,0.03333333333333333
2024-08-30,Defense,FPI,0.03333333333333333
2024-08-30,Defense,BFS,0.03333333333333333
2024-08-30,Defense,DSWL,0.03333333333333333
2024-08-30,Defense,EPSN,0.03333333333333333
2024-08-30,Defense,MGPI,0.03333333333333333
2024-08-30,Defense,LOCO,0.03333333333333333
2024-08-30,Defense,EIG,0.03333333333333333
2024-08-30,Defense,BOC,0.03333333333333333
2024-08-30,Defense,SGA,0.03333333333333333
2024-08-30,Defense,NOA,0.03333333333333333
2024-08-30,Defense,MATV,0.03333333333333333
2024-08-30,Defense,MNRO,0.03333333333333333
2024-08-30,Defense,ELME,0.03333333333333333
2024-08-30,Defense,GNE,0.03333333333333333
2024-08-30,Defense,BH,0.03333333333333333
2024-08-30,Defense,PD,0.03333333333333333
2024-08-30,Defense,LND,0.03333333333333333
2024-08-30,Defense,AIV,0.03333333333333333
2024-08-30,Defense,GOGO,0.03333333333333333
2024-08-30,Defense,KELYB,0.03333333333333333
2024-08-30,Defense,ANGO,0.03333333333333333
2024-08-30,Defense,SRI,0.03333333333333333
2024-08-30,Defense,SITC,0.03333333333333333
2024-08-30,Defense,UTL,0.03333333333333333
2024-08-30,Fintech,CHSCN,0.03333333333333333
2024-08-30,Fintech,USNA,0.03333333333333333
2024-08-30,Fintech,SFBC,0.03333333333333333
2024-08-30,Fintech,GPJA,0.03333333333333333
2024-08-30,Fintech,DSWL,0.03333333333333333
2024-08-30,Fintech,NECB,0.03333333333333333
2024-08-30,Fintech,CWBC,0.03333333333333333
2024-08-30,Fintech,BCAL,0.03333333333333333
2024-08-30,Fintech,TPVG,0.03333333333333333
2024-08-30,Fintech,OVLY,0.03333333333333333
2024-08-30,Fintech,PDLB,0.03333333333333333
2024-08-30,Fintech,NWFL,0.03333333333333333
2024-08-30,Fintech,PEBK,0.03333333333333333
2024-08-30,Fintech,ITIC,0.03333333333333333
2024-08-30,Fintech,JOUT,0.03333333333333333
2024-08-30,Fintech,CPF,0.03333333333333333
2024-08-30,Fintech,EARN,0.03333333333333333
2024-08-30,Fintech,TTGT,0.03333333333333333
2024-08-30,Fintech,ESCA,0.03333333333333333
2024-08-30,Fintech,CHMI,0.03333333333333333
2024-08-30,Fintech,MVBF,0.03333333333333333
2024-08-30,Fintech,RMAX,0.03333333333333333
2024-08-30,Fintech,HTB,0.03333333333333333
2024-08-30,Fintech,SGA,0.03333333333333333
2024-08-30,Fintech,BFST,0.03333333333333333
2024-08-30,Fintech,FWRD,0.03333333333333333
2024-08-30,Fintech,GPRO,0.03333333333333333
2024-08-30,Fintech,XRX,0.03333333333333333
2024-08-30,Fintech,COFS,0.03333333333333333
2024-08-30,Fintech,SSTK,0.03333333333333333
2024-08-30,Robotics & AI,CHSCM,0.03333333333333333
2024-08-30,Robotics & AI,CHSCN,0.03333333333333333
2024-08-30,Robotics & AI,GPJA,0.03333333333333333
2024-08-30,Robotics & AI,MHLA,0.03333333333333333
2024-08-30,Robotics & AI,MHNC,0.03333333333333333
2024-08-30,Robotics & AI,BVFL,0.03333333333333333
2024-08-30,Robotics & AI,JRSH,0.03333333333333333
2024-08-30,Robotics & AI,NKSH,0.03333333333333333
2024-08-30,Robotics & AI,MNSB,0.03333333333333333
2024-08-30,Robotics & AI,ACCO,0.03333333333333333
2024-08-30,Robotics & AI,TSBK,0.03333333333333333
2024-08-30,Robotics & AI,CBAN,0.03333333333333333
2024-08-30,Robotics & AI,PDLB,0.03333333333333333
2024-08-30,Robotics & AI,VABK,0.03333333333333333
2024-08-30,Robotics & AI,NVEC,0.03333333333333333
2024-08-30,Robotics & AI,FUSB,0.03333333333333333
2024-08-30,Robotics & AI,CHMI,0.03333333333333333
2024-08-30,Robotics & AI,MLAB,0.03333333333333333
2024-08-30,Robotics & AI,RDVT,0.03333333333333333
2024-08-30,Robotics & AI,RBBN,0.03333333333333333
2024-08-30,Robotics & AI,OBT,0.03333333333333333
2024-08-30,Robotics & AI,DLNG,0.03333333333333333
2024-08-30,Robotics & AI,MFA,0.03333333333333333
2024-08-30,Robotics & AI,KRO,0.03333333333333333
2024-08-30,Robotics & AI,MX,0.03333333333333333
2024-08-30,Robotics & AI,KIDS,0.03333333333333333
2024-08-30,Robotics & AI,MYGN,0.03333333333333333
2024-08-30,Robotics & AI,VHI,0.03333333333333333
2024-08-30,Robotics & AI,LINK,0.03333333333333333
2024-08-30,Robotics & AI,SILC,0.03333333333333333
2024-08-30,Timber & Forestry,CHSCL,0.03333333333333333
2024-08-30,Timber & Forestry,CHSCN,0.03333333333333333
2024-08-30,Timber & Forestry,CHSCM,0.03333333333333333
2024-08-30,Timber & Forestry,PFX,0.03333333333333333
2024-08-30,Timber & Forestry,GLAD,0.03333333333333333
2024-08-30,Timber & Forestry,BBDC,0.03333333333333333
2024-08-30,Timber & Forestry,CGBD,0.03333333333333333
2024-08-30,Timber & Forestry,MHLA,0.03333333333333333
2024-08-30,Timber & Forestry,PFLT,0.03333333333333333
2024-08-30,Timber & Forestry,MHNC,0.03333333333333333
2024-08-30,Timber & Forestry,GAIN,0.03333333333333333
2024-08-30,Timber & Forestry,ACCO,0.03333333333333333
2024-08-30,Timber & Forestry,HRZN,0.03333333333333333
2024-08-30,Timber & Forestry,WILC,0.03333333333333333
2024-08-30,Timber & Forestry,JOUT,0.03333333333333333
2024-08-30,Timber & Forestry,ITIC,0.03333333333333333
2024-08-30,Timber & Forestry,MATV,0.03333333333333333
2024-08-30,Timber & Forestry,DGICA,0.03333333333333333
2024-08-30,Timber & Forestry,CSV,0.03333333333333333
2024-08-30,Timber & Forestry,HELE,0.03333333333333333
2024-08-30,Timber & Forestry,FUSB,0.03333333333333333
2024-08-30,Timber & Forestry,EIG,0.03333333333333333
2024-08-30,Timber & Forestry,HVT,0.03333333333333333
2024-08-30,Timber & Forestry,VRA,0.03333333333333333
2024-08-30,Timber & Forestry,CHMI,0.03333333333333333
2024-08-30,Timber & Forestry,LYTS,0.03333333333333333
2024-08-30,Timber & Forestry,XRN,0.03333333333333333
2024-08-30,Timber & Forestry,GNE,0.03333333333333333
2024-08-30,Timber & Forestry,HY,0.03333333333333333
2024-08-30,Timber & Forestry,TITN,0.03333333333333333
2024-08-30,US Infrastructure,VLGEA,0.03333333333333333
2024-08-30,US Infrastructure,GLRE,0.03333333333333333
2024-08-30,US Infrastructure,BBSI,0.03333333333333333
2024-08-30,US Infrastructure,PFX,0.03333333333333333
2024-08-30,US Infrastructure,NPK,0.03333333333333333
2024-08-30,US Infrastructure,PCYO,0.03333333333333333
2024-08-30,US Infrastructure,OXM,0.03333333333333333
2024-08-30,US Infrastructure,CTO,0.03333333333333333
2024-08-30,US Infrastructure,NVEC,0.03333333333333333
2024-08-30,US Infrastructure,EIG,0.03333333333333333
2024-08-30,US Infrastructure,BRT,0.03333333333333333
2024-08-30,US Infrastructure,STRS,0.03333333333333333
2024-08-30,US Infrastructure,FPI,0.03333333333333333
2024-08-30,US Infrastructure,MATV,0.03333333333333333
2024-08-30,US Infrastructure,BH,0.03333333333333333
2024-08-30,US Infrastructure,XRN,0.03333333333333333
2024-08-30,US Infrastructure,GNE,0.03333333333333333
2024-08-30,US Infrastructure,TRNS,0.03333333333333333
2024-08-30,US Infrastructure,IIIN,0.03333333333333333
2024-08-30,US Infrastructure,LAND,0.03333333333333333
2024-08-30,US Infrastructure,LEGH,0.03333333333333333
2024-08-30,US Infrastructure,TWIN,0.03333333333333333
2024-08-30,US Infrastructure,ASIX,0.03333333333333333
2024-08-30,US Infrastructure,OEC,0.03333333333333333
2024-08-30,US Infrastructure,PKOH,0.03333333333333333
2024-08-30,US Infrastructure,CVGI,0.03333333333333333
2024-08-30,US Infrastructure,INSE,0.03333333333333333
2024-08-30,US Infrastructure,RDVT,0.03333333333333333
2024-08-30,US Infrastructure,LCUT,0.03333333333333333
2024-08-30,US Infrastructure,NGS,0.03333333333333333
2024-08-30,Water,BBSI,0.03333333333333333
2024-08-30,Water,VLGEA,0.03333333333333333
2024-08-30,Water,GLRE,0.03333333333333333
2024-08-30,Water,EBF,0.03333333333333333
2024-08-30,Water,GWRS,0.03333333333333333
2024-08-30,Water,APOG,0.03333333333333333
2024-08-30,Water,CHMG,0.03333333333333333
2024-08-30,Water,CTO,0.03333333333333333
2024-08-30,Water,OPBK,0.03333333333333333
2024-08-30,Water,RGCO,0.03333333333333333
2024-08-30,Water,SBFG,0.03333333333333333
2024-08-30,Water,HWBK,0.03333333333333333
2024-08-30,Water,NKSH,0.03333333333333333
2024-08-30,Water,EIG,0.03333333333333333
2024-08-30,Water,BWFG,0.03333333333333333
2024-08-30,Water,MATV,0.03333333333333333
2024-08-30,Water,MLAB,0.03333333333333333
2024-08-30,Water,MNSB,0.03333333333333333
2024-08-30,Water,WNEB,0.03333333333333333
2024-08-30,Water,MCFT,0.03333333333333333
2024-08-30,Water,STRS,0.03333333333333333
2024-08-30,Water,UNB,0.03333333333333333
2024-08-30,Water,ARTNA,0.03333333333333333
2024-08-30,Water,NVEC,0.03333333333333333
2024-08-30,Water,IIIN,0.03333333333333333
2024-08-30,Water,WNC,0.03333333333333333
2024-08-30,Water,OXM,0.03333333333333333
2024-08-30,Water,ANGO,0.03333333333333333
2024-08-30,Water,MGPI,0.03333333333333333
2024-08-30,Water,ETD,0.03333333333333333
2024-09-27,AI Infrastructure,AUDC,0.03333333333333333
2024-09-27,AI Infrastructure,ACCO,0.03333333333333333
2024-09-27,AI Infrastructure,OXM,0.03333333333333333
2024-09-27,AI Infrastructure,MNSB,0.03333333333333333
2024-09-27,AI Infrastructure,MX,0.03333333333333333
2024-09-27,AI Infrastructure,RBBN,0.03333333333333333
2024-09-27,AI Infrastructure,LINK,0.03333333333333333
2024-09-27,AI Infrastructure,PD,0.03333333333333333
2024-09-27,AI Infrastructure,RDVT,0.03333333333333333
2024-09-27,AI Infrastructure,MLAB,0.03333333333333333
2024-09-27,AI Infrastructure,JMSB,0.03333333333333333
2024-09-27,AI Infrastructure,FTLF,0.03333333333333333
2024-09-27,AI Infrastructure,CATO,0.03333333333333333
2024-09-27,AI Infrastructure,MYGN,0.03333333333333333
2024-09-27,AI Infrastructure,FOCL,0.03333333333333333
2024-09-27,AI Infrastructure,DMRC,0.03333333333333333
2024-09-27,AI Infrastructure,STRT,0.03333333333333333
2024-09-27,AI Infrastructure,GILT,0.03333333333333333
2024-09-27,AI Infrastructure,THRY,0.03333333333333333
2024-09-27,AI Infrastructure,CHCI,0.03333333333333333
2024-09-27,AI Infrastructure,GOGO,0.03333333333333333
2024-09-27,AI Infrastructure,JILL,0.03333333333333333
2024-09-27,AI Infrastructure,SITC,0.03333333333333333
2024-09-27,AI Infrastructure,DSX,0.03333333333333333
2024-09-27,AI Infrastructure,QUIK,0.03333333333333333
2024-09-27,AI Infrastructure,OFIX,0.03333333333333333
2024-09-27,AI Infrastructure,AIV,0.03333333333333333
2024-09-27,AI Infrastructure,TBCH,0.03333333333333333
2024-09-27,AI Infrastructure,MTUS,0.03333333333333333
2024-09-27,AI Infrastructure,VUZI,0.03333333333333333
2024-09-27,Agribusiness,TRC,0.03333333333333333
2024-09-27,Agribusiness,HCKT,0.03333333333333333
2024-09-27,Agribusiness,KVHI,0.03333333333333333
2024-09-27,Agribusiness,OXM,0.03333333333333333
2024-09-27,Agribusiness,LAKE,0.03333333333333333
2024-09-27,Agribusiness,NC,0.03333333333333333
2024-09-27,Agribusiness,LAND,0.03333333333333333
2024-09-27,Agribusiness,OFLX,0.03333333333333333
2024-09-27,Agribusiness,LND,0.03333333333333333
2024-09-27,Agribusiness,NEWT,0.03333333333333333
2024-09-27,Agribusiness,GOGO,0.03333333333333333
2024-09-27,Agribusiness,ESCA,0.03333333333333333
2024-09-27,Agribusiness,LFVN,0.03333333333333333
2024-09-27,Agribusiness,ASIX,0.03333333333333333
2024-09-27,Agribusiness,NUS,0.03333333333333333
2024-09-27,Agribusiness,FOCL,0.03333333333333333
2024-09-27,Agribusiness,FOXF,0.03333333333333333
2024-09-27,Agribusiness,GCO,0.03333333333333333
2024-09-27,Agribusiness,MNOV,0.03333333333333333
2024-09-27,Agribusiness,STKS,0.03333333333333333
2024-09-27,Agribusiness,RELL,0.03333333333333333
2024-09-27,Agribusiness,HAIN,0.03333333333333333
2024-09-27,Agribusiness,MTUS,0.03333333333333333
2024-09-27,Agribusiness,GOOS,0.03333333333333333
2024-09-27,Agribusiness,SXC,0.03333333333333333
2024-09-27,Agribusiness,MED,0.03333333333333333
2024-09-27,Agribusiness,ACH,0.03333333333333333
2024-09-27,Agribusiness,ASA,0.03333333333333333
2024-09-27,Agribusiness,JAKK,0.03333333333333333
2024-09-27,Agribusiness,GASS,0.03333333333333333
2024-09-27,Clean Energy,MLAB,0.03333333333333333
2024-09-27,Clean Energy,VREX,0.03333333333333333
2024-09-27,Clean Energy,LAKE,0.03333333333333333
2024-09-27,Clean Energy,FUSB,0.03333333333333333
2024-09-27,Clean Energy,AFBI,0.03333333333333333
2024-09-27,Clean Energy,PCYO,0.03333333333333333
2024-09-27,Clean Energy,SILC,0.03333333333333333
2024-09-27,Clean Energy,RGCO,0.03333333333333333
2024-09-27,Clean Energy,ISBA,0.03333333333333333
2024-09-27,Clean Energy,DSWL,0.03333333333333333
2024-09-27,Clean Energy,HRZN,0.03333333333333333
2024-09-27,Clean Energy,KVHI,0.03333333333333333
2024-09-27,Clean Energy,NWFL,0.03333333333333333
2024-09-27,Clean Energy,ALCO,0.03333333333333333
2024-09-27,Clean Energy,FOCL,0.03333333333333333
2024-09-27,Clean Energy,EVO,0.03333333333333333
2024-09-27,Clean Energy,GAIN,0.03333333333333333
2024-09-27,Clean Energy,PBHC,0.03333333333333333
2024-09-27,Clean Energy,NRIM,0.03333333333333333
2024-09-27,Clean Energy,ACTG,0.03333333333333333
2024-09-27,Clean Energy,SSBI,0.03333333333333333
2024-09-27,Clean Energy,BVFL,0.03333333333333333
2024-09-27,Clean Energy,OOMA,0.03333333333333333
2024-09-27,Clean Energy,VABK,0.03333333333333333
2024-09-27,Clean Energy,PKE,0.03333333333333333
2024-09-27,Clean Energy,CWBC,0.03333333333333333
2024-09-27,Clean Energy,RVSB,0.03333333333333333
2024-09-27,Clean Energy,NVEC,0.03333333333333333
2024-09-27,Clean Energy,AUDC,0.03333333333333333
2024-09-27,Clean Energy,TTGT,0.03333333333333333
2024-09-27,Critical Minerals,BAK,0.03333333333333333
2024-09-27,Critical Minerals,LND,0.03333333333333333
2024-09-27,Critical Minerals,ASIX,0.03333333333333333
2024-09-27,Critical Minerals,CAPL,0.03333333333333333
2024-09-27,Critical Minerals,ACNT,0.03333333333333333
2024-09-27,Critical Minerals,DSWL,0.03333333333333333
2024-09-27,Critical Minerals,SXC,0.03333333333333333
2024-09-27,Critical Minerals,MTUS,0.03333333333333333
2024-09-27,Critical Minerals,CVGI,0.03333333333333333
2024-09-27,Critical Minerals,NGS,0.03333333333333333
2024-09-27,Critical Minerals,OEC,0.03333333333333333
2024-09-27,Critical Minerals,SWBI,0.03333333333333333
2024-09-27,Critical Minerals,CSV,0.03333333333333333
2024-09-27,Critical Minerals,ASA,0.03333333333333333
2024-09-27,Critical Minerals,GOOS,0.03333333333333333
2024-09-27,Critical Minerals,GILT,0.03333333333333333
2024-09-27,Critical Minerals,EAF,0.03333333333333333
2024-09-27,Critical Minerals,STRT,0.03333333333333333
2024-09-27,Critical Minerals,GASS,0.03333333333333333
2024-09-27,Critical Minerals,CHCI,0.03333333333333333
2024-09-27,Critical Minerals,VHI,0.03333333333333333
2024-09-27,Critical Minerals,ASYS,0.03333333333333333
2024-09-27,Critical Minerals,SB,0.03333333333333333
2024-09-27,Critical Minerals,ACHV,0.03333333333333333
2024-09-27,Critical Minerals,LGO,0.03333333333333333
2024-09-27,Critical Minerals,CRESY,0.03333333333333333
2024-09-27,Critical Minerals,ORN,0.03333333333333333
2024-09-27,Critical Minerals,MAKO,0.03333333333333333
2024-09-27,Critical Minerals,GPRK,0.03333333333333333
2024-09-27,Critical Minerals,MRAM,0.03333333333333333
2024-09-27,Cybersecurity,HCKT,0.03333333333333333
2024-09-27,Cybersecurity,AVBH,0.03333333333333333
2024-09-27,Cybersecurity,TRC,0.03333333333333333
2024-09-27,Cybersecurity,SFBC,0.03333333333333333
2024-09-27,Cybersecurity,RBKB,0.03333333333333333
2024-09-27,Cybersecurity,PBHC,0.03333333333333333
2024-09-27,Cybersecurity,NPK,0.03333333333333333
2024-09-27,Cybersecurity,CWBC,0.03333333333333333
2024-09-27,Cybersecurity,BCML,0.03333333333333333
2024-09-27,Cybersecurity,VLGEA,0.03333333333333333
2024-09-27,Cybersecurity,DSWL,0.03333333333333333
2024-09-27,Cybersecurity,BCAL,0.03333333333333333
2024-09-27,Cybersecurity,OPBK,0.03333333333333333
2024-09-27,Cybersecurity,NECB,0.03333333333333333
2024-09-27,Cybersecurity,CTO,0.03333333333333333
2024-09-27,Cybersecurity,FEIM,0.03333333333333333
2024-09-27,Cybersecurity,EBMT,0.03333333333333333
2024-09-27,Cybersecurity,MHNC,0.03333333333333333
2024-09-27,Cybersecurity,EPSN,0.03333333333333333
2024-09-27,Cybersecurity,MNSB,0.03333333333333333
2024-09-27,Cybersecurity,SSBI,0.03333333333333333
2024-09-27,Cybersecurity,BRT,0.03333333333333333
2024-09-27,Cybersecurity,CZWI,0.03333333333333333
2024-09-27,Cybersecurity,MGPI,0.03333333333333333
2024-09-27,Cybersecurity,UNB,0.03333333333333333
2024-09-27,Cybersecurity,FPI,0.03333333333333333
2024-09-27,Cybersecurity,RMAX,0.03333333333333333
2024-09-27,Cybersecurity,MATV,0.03333333333333333
2024-09-27,Cybersecurity,OXM,0.03333333333333333
2024-09-27,Cybersecurity,ACNB,0.03333333333333333
2024-09-27,Defense,PFLT,0.03333333333333333
2024-09-27,Defense,EBF,0.03333333333333333
2024-09-27,Defense,TRC,0.03333333333333333
2024-09-27,Defense,CTO,0.03333333333333333
2024-09-27,Defense,NPK,0.03333333333333333
2024-09-27,Defense,VLGEA,0.03333333333333333
2024-09-27,Defense,BBSI,0.03333333333333333
2024-09-27,Defense,OXM,0.03333333333333333
2024-09-27,Defense,BFS,0.03333333333333333
2024-09-27,Defense,BRT,0.03333333333333333
2024-09-27,Defense,CWBC,0.03333333333333333
2024-09-27,Defense,MGPI,0.03333333333333333
2024-09-27,Defense,PNNT,0.03333333333333333
2024-09-27,Defense,EIG,0.03333333333333333
2024-09-27,Defense,AVBH,0.03333333333333333
2024-09-27,Defense,FPI,0.03333333333333333
2024-09-27,Defense,OPBK,0.03333333333333333
2024-09-27,Defense,LCNB,0.03333333333333333
2024-09-27,Defense,BOC,0.03333333333333333
2024-09-27,Defense,SGA,0.03333333333333333
2024-09-27,Defense,MNRO,0.03333333333333333
2024-09-27,Defense,GSBC,0.03333333333333333
2024-09-27,Defense,NOA,0.03333333333333333
2024-09-27,Defense,MATV,0.03333333333333333
2024-09-27,Defense,FEIM,0.03333333333333333
2024-09-27,Defense,PDLB,0.03333333333333333
2024-09-27,Defense,CARE,0.03333333333333333
2024-09-27,Defense,NGVC,0.03333333333333333
2024-09-27,Defense,ELME,0.03333333333333333
2024-09-27,Defense,GNE,0.03333333333333333
2024-09-27,Fintech,CHSCN,0.03333333333333333
2024-09-27,Fintech,CHSCL,0.03333333333333333
2024-09-27,Fintech,CHSCM,0.03333333333333333
2024-09-27,Fintech,GPJA,0.03333333333333333
2024-09-27,Fintech,SFBC,0.03333333333333333
2024-09-27,Fintech,MHLA,0.03333333333333333
2024-09-27,Fintech,USNA,0.03333333333333333
2024-09-27,Fintech,NECB,0.03333333333333333
2024-09-27,Fintech,TPVG,0.03333333333333333
2024-09-27,Fintech,CHMG,0.03333333333333333
2024-09-27,Fintech,NWFL,0.03333333333333333
2024-09-27,Fintech,EARN,0.03333333333333333
2024-09-27,Fintech,BCAL,0.03333333333333333
2024-09-27,Fintech,ITIC,0.03333333333333333
2024-09-27,Fintech,OVLY,0.03333333333333333
2024-09-27,Fintech,FUNC,0.03333333333333333
2024-09-27,Fintech,HWBK,0.03333333333333333
2024-09-27,Fintech,PDLB,0.03333333333333333
2024-09-27,Fintech,CPF,0.03333333333333333
2024-09-27,Fintech,PEBK,0.03333333333333333
2024-09-27,Fintech,CARS,0.03333333333333333
2024-09-27,Fintech,CHMI,0.03333333333333333
2024-09-27,Fintech,FPH,0.03333333333333333
2024-09-27,Fintech,HELE,0.03333333333333333
2024-09-27,Fintech,SGA,0.03333333333333333
2024-09-27,Fintech,ESCA,0.03333333333333333
2024-09-27,Fintech,UFI,0.03333333333333333
2024-09-27,Fintech,SSTK,0.03333333333333333
2024-09-27,Fintech,XRX,0.03333333333333333
2024-09-27,Fintech,CNDT,0.03333333333333333
2024-09-27,Robotics & AI,CHSCM,0.03333333333333333
2024-09-27,Robotics & AI,BVFL,0.03333333333333333
2024-09-27,Robotics & AI,MHNC,0.03333333333333333
2024-09-27,Robotics & AI,SSBI,0.03333333333333333
2024-09-27,Robotics & AI,NECB,0.03333333333333333
2024-09-27,Robotics & AI,MNSB,0.03333333333333333
2024-09-27,Robotics & AI,NKSH,0.03333333333333333
2024-09-27,Robotics & AI,TSBK,0.03333333333333333
2024-09-27,Robotics & AI,ACCO,0.03333333333333333
2024-09-27,Robotics & AI,CMCO,0.03333333333333333
2024-09-27,Robotics & AI,NVEC,0.03333333333333333
2024-09-27,Robotics & AI,FUSB,0.03333333333333333
2024-09-27,Robotics & AI,RDVT,0.03333333333333333
2024-09-27,Robotics & AI,MLAB,0.03333333333333333
2024-09-27,Robotics & AI,RMAX,0.03333333333333333
2024-09-27,Robotics & AI,WNC,0.03333333333333333
2024-09-27,Robotics & AI,MATV,0.03333333333333333
2024-09-27,Robotics & AI,RBBN,0.03333333333333333
2024-09-27,Robotics & AI,OBT,0.03333333333333333
2024-09-27,Robotics & AI,LINK,0.03333333333333333
2024-09-27,Robotics & AI,MX,0.03333333333333333
2024-09-27,Robotics & AI,MFA,0.03333333333333333
2024-09-27,Robotics & AI,FTLF,0.03333333333333333
2024-09-27,Robotics & AI,OEC,0.03333333333333333
2024-09-27,Robotics & AI,XRN,0.03333333333333333
2024-09-27,Robotics & AI,FOCL,0.03333333333333333
2024-09-27,Robotics & AI,VHI,0.03333333333333333
2024-09-27,Robotics & AI,DMRC,0.03333333333333333
2024-09-27,Robotics & AI,KRO,0.03333333333333333
2024-09-27,Robotics & AI,SILC,0.03333333333333333
2024-09-27,Timber & Forestry,CHSCL,0.03333333333333333
2024-09-27,Timber & Forestry,GLAD,0.03333333333333333
2024-09-27,Timber & Forestry,ACCO,0.03333333333333333
2024-09-27,Timber & Forestry,GAIN,0.03333333333333333
2024-09-27,Timber & Forestry,MHNC,0.03333333333333333
2024-09-27,Timber & Forestry,CCOI,0.03333333333333333
2024-09-27,Timber & Forestry,USNA,0.03333333333333333
2024-09-27,Timber & Forestry,WILC,0.03333333333333333
2024-09-27,Timber & Forestry,JOUT,0.03333333333333333
2024-09-27,Timber & Forestry,HRZN,0.03333333333333333
2024-09-27,Timber & Forestry,CSV,0.03333333333333333
2024-09-27,Timber & Forestry,DSWL,0.03333333333333333
2024-09-27,Timber & Forestry,MCFT,0.03333333333333333
2024-09-27,Timber & Forestry,ITIC,0.03333333333333333
2024-09-27,Timber & Forestry,MLAB,0.03333333333333333
2024-09-27,Timber & Forestry,MATV,0.03333333333333333
2024-09-27,Timber & Forestry,FPH,0.03333333333333333
2024-09-27,Timber & Forestry,DGICA,0.03333333333333333
2024-09-27,Timber & Forestry,HVT,0.03333333333333333
2024-09-27,Timber & Forestry,HELE,0.03333333333333333
2024-09-27,Timber & Forestry,NRC,0.03333333333333333
2024-09-27,Timber & Forestry,EIG,0.03333333333333333
2024-09-27,Timber & Forestry,OOMA,0.03333333333333333
2024-09-27,Timber & Forestry,VREX,0.03333333333333333
2024-09-27,Timber & Forestry,NVEC,0.03333333333333333
2024-09-27,Timber & Forestry,VRA,0.03333333333333333
2024-09-27,Timber & Forestry,LAKE,0.03333333333333333
2024-09-27,Timber & Forestry,IIIN,0.03333333333333333
2024-09-27,Timber & Forestry,CHMI,0.03333333333333333
2024-09-27,Timber & Forestry,XRN,0.03333333333333333
2024-09-27,US Infrastructure,GLRE,0.03333333333333333
2024-09-27,US Infrastructure,VLGEA,0.03333333333333333
2024-09-27,US Infrastructure,BBSI,0.03333333333333333
2024-09-27,US Infrastructure,NPK,0.03333333333333333
2024-09-27,US Infrastructure,OXM,0.03333333333333333
2024-09-27,US Infrastructure,JOUT,0.03333333333333333
2024-09-27,US Infrastructure,MATV,0.03333333333333333
2024-09-27,US Infrastructure,AMSF,0.03333333333333333
2024-09-27,US Infrastructure,NVEC,0.03333333333333333
2024-09-27,US Infrastructure,MCFT,0.03333333333333333
2024-09-27,US Infrastructure,EIG,0.03333333333333333
2024-09-27,US Infrastructure,WNC,0.03333333333333333
2024-09-27,US Infrastructure,FPI,0.03333333333333333
2024-09-27,US Infrastructure,BWFG,0.03333333333333333
2024-09-27,US Infrastructure,TRNS,0.03333333333333333
2024-09-27,US Infrastructure,NOA,0.03333333333333333
2024-09-27,US Infrastructure,IIIN,0.03333333333333333
2024-09-27,US Infrastructure,NKSH,0.03333333333333333
2024-09-27,US Infrastructure,BH,0.03333333333333333
2024-09-27,US Infrastructure,GNE,0.03333333333333333
2024-09-27,US Infrastructure,LEGH,0.03333333333333333
2024-09-27,US Infrastructure,ACNT,0.03333333333333333
2024-09-27,US Infrastructure,RDVT,0.03333333333333333
2024-09-27,US Infrastructure,TWIN,0.03333333333333333
2024-09-27,US Infrastructure,ANGO,0.03333333333333333
2024-09-27,US Infrastructure,LAND,0.03333333333333333
2024-09-27,US Infrastructure,OEC,0.03333333333333333
2024-09-27,US Infrastructure,OSG,0.03333333333333333
2024-09-27,US Infrastructure,ASIX,0.03333333333333333
2024-09-27,US Infrastructure,CVGI,0.03333333333333333
2024-09-27,Water,BBSI,0.03333333333333333
2024-09-27,Water,VLGEA,0.03333333333333333
2024-09-27,Water,GLRE,0.03333333333333333
2024-09-27,Water,HCKT,0.03333333333333333
2024-09-27,Water,GWRS,0.03333333333333333
2024-09-27,Water,PCYO,0.03333333333333333
2024-09-27,Water,FEIM,0.03333333333333333
2024-09-27,Water,MLAB,0.03333333333333333
2024-09-27,Water,HSTM,0.03333333333333333
2024-09-27,Water,CBNK,0.03333333333333333
2024-09-27,Water,EIG,0.03333333333333333
2024-09-27,Water,RGCO,0.03333333333333333
2024-09-27,Water,KFRC,0.03333333333333333
2024-09-27,Water,OPBK,0.03333333333333333
2024-09-27,Water,MCFT,0.03333333333333333
2024-09-27,Water,AMSF,0.03333333333333333
2024-09-27,Water,MATV,0.03333333333333333
2024-09-27,Water,NKSH,0.03333333333333333
2024-09-27,Water,MNRO,0.03333333333333333
2024-09-27,Water,WNC,0.03333333333333333
2024-09-27,Water,ETD,0.03333333333333333
2024-09-27,Water,ANGO,0.03333333333333333
2024-09-27,Water,OXM,0.03333333333333333
2024-09-27,Water,BWFG,0.03333333333333333
2024-09-27,Water,NVEC,0.03333333333333333
2024-09-27,Water,ARTNA,0.03333333333333333
2024-09-27,Water,IIIN,0.03333333333333333
2024-09-27,Water,COFS,0.03333333333333333
2024-09-27,Water,CARE,0.03333333333333333
2024-09-27,Water,CMCO,0.03333333333333333
2024-10-25,AI Infrastructure,ACCO,0.03333333333333333
2024-10-25,AI Infrastructure,TATT,0.03333333333333333
2024-10-25,AI Infrastructure,MX,0.03333333333333333
2024-10-25,AI Infrastructure,GBLI,0.03333333333333333
2024-10-25,AI Infrastructure,AFBI,0.03333333333333333
2024-10-25,AI Infrastructure,LINK,0.03333333333333333
2024-10-25,AI Infrastructure,FUSB,0.03333333333333333
2024-10-25,AI Infrastructure,DSWL,0.03333333333333333
2024-10-25,AI Infrastructure,SSBI,0.03333333333333333
2024-10-25,AI Infrastructure,OXM,0.03333333333333333
2024-10-25,AI Infrastructure,RBBN,0.03333333333333333
2024-10-25,AI Infrastructure,EPSN,0.03333333333333333
2024-10-25,AI Infrastructure,TSBK,0.03333333333333333
2024-10-25,AI Infrastructure,PBHC,0.03333333333333333
2024-10-25,AI Infrastructure,HRZN,0.03333333333333333
2024-10-25,AI Infrastructure,MNSB,0.03333333333333333
2024-10-25,AI Infrastructure,NOA,0.03333333333333333
2024-10-25,AI Infrastructure,AUDC,0.03333333333333333
2024-10-25,AI Infrastructure,FTLF,0.03333333333333333
2024-10-25,AI Infrastructure,RDVT,0.03333333333333333
2024-10-25,AI Infrastructure,DLNG,0.03333333333333333
2024-10-25,AI Infrastructure,DMRC,0.03333333333333333
2024-10-25,AI Infrastructure,FOCL,0.03333333333333333
2024-10-25,AI Infrastructure,CATO,0.03333333333333333
2024-10-25,AI Infrastructure,INSE,0.03333333333333333
2024-10-25,AI Infrastructure,MATV,0.03333333333333333
2024-10-25,AI Infrastructure,PD,0.03333333333333333
2024-10-25,AI Infrastructure,JILL,0.03333333333333333
2024-10-25,AI Infrastructure,MLAB,0.03333333333333333
2024-10-25,AI Infrastructure,JMSB,0.03333333333333333
2024-10-25,Agribusiness,TRC,0.03333333333333333
2024-10-25,Agribusiness,HCKT,0.03333333333333333
2024-10-25,Agribusiness,OXM,0.03333333333333333
2024-10-25,Agribusiness,KVHI,0.03333333333333333
2024-10-25,Agribusiness,FPI,0.03333333333333333
2024-10-25,Agribusiness,JACK,0.03333333333333333
2024-10-25,Agribusiness,WEYS,0.03333333333333333
2024-10-25,Agribusiness,HVT,0.03333333333333333
2024-10-25,Agribusiness,LAND,0.03333333333333333
2024-10-25,Agribusiness,SGA,0.03333333333333333
2024-10-25,Agribusiness,LND,0.03333333333333333
2024-10-25,Agribusiness,ANGO,0.03333333333333333
2024-10-25,Agribusiness,ACNT,0.03333333333333333
2024-10-25,Agribusiness,ASIX,0.03333333333333333
2024-10-25,Agribusiness,OFLX,0.03333333333333333
2024-10-25,Agribusiness,FOCL,0.03333333333333333
2024-10-25,Agribusiness,STKS,0.03333333333333333
2024-10-25,Agribusiness,RELL,0.03333333333333333
2024-10-25,Agribusiness,HAIN,0.03333333333333333
2024-10-25,Agribusiness,MTUS,0.03333333333333333
2024-10-25,Agribusiness,GOOS,0.03333333333333333
2024-10-25,Agribusiness,SXC,0.03333333333333333
2024-10-25,Agribusiness,MED,0.03333333333333333
2024-10-25,Agribusiness,ASA,0.03333333333333333
2024-10-25,Agribusiness,VUZI,0.03333333333333333
2024-10-25,Agribusiness,METC,0.03333333333333333
2024-10-25,Agribusiness,ACH,0.03333333333333333
2024-10-25,Agribusiness,CRESY,0.03333333333333333
2024-10-25,Agribusiness,NCSM,0.03333333333333333
2024-10-25,Agribusiness,LGO,0.03333333333333333
2024-10-25,Clean Energy,FUSB,0.03333333333333333
2024-10-25,Clean Energy,AFBI,0.03333333333333333
2024-10-25,Clean Energy,SSBI,0.03333333333333333
2024-10-25,Clean Energy,ACTG,0.03333333333333333
2024-10-25,Clean Energy,GBLI,0.03333333333333333
2024-10-25,Clean Energy,CGBD,0.03333333333333333
2024-10-25,Clean Energy,VHI,0.03333333333333333
2024-10-25,Clean Energy,DSWL,0.03333333333333333
2024-10-25,Clean Energy,OCC,0.03333333333333333
2024-10-25,Clean Energy,HRZN,0.03333333333333333
2024-10-25,Clean Energy,FOXF,0.03333333333333333
2024-10-25,Clean Energy,GAIN,0.03333333333333333
2024-10-25,Clean Energy,PBHC,0.03333333333333333
2024-10-25,Clean Energy,BSVN,0.03333333333333333
2024-10-25,Clean Energy,HVT,0.03333333333333333
2024-10-25,Clean Energy,PKE,0.03333333333333333
2024-10-25,Clean Energy,VABK,0.03333333333333333
2024-10-25,Clean Energy,CNNE,0.03333333333333333
2024-10-25,Clean Energy,JACK,0.03333333333333333
2024-10-25,Clean Energy,KVHI,0.03333333333333333
2024-10-25,Clean Energy,ISBA,0.03333333333333333
2024-10-25,Clean Energy,SILC,0.03333333333333333
2024-10-25,Clean Energy,FOCL,0.03333333333333333
2024-10-25,Clean Energy,VREX,0.03333333333333333
2024-10-25,Clean Energy,MLAB,0.03333333333333333
2024-10-25,Clean Energy,TATT,0.03333333333333333
2024-10-25,Clean Energy,KRO,0.03333333333333333
2024-10-25,Clean Energy,CHMI,0.03333333333333333
2024-10-25,Clean Energy,ALCO,0.03333333333333333
2024-10-25,Clean Energy,GDOT,0.03333333333333333
2024-10-25,Critical Minerals,BAK,0.03333333333333333
2024-10-25,Critical Minerals,ACCO,0.03333333333333333
2024-10-25,Critical Minerals,ACNT,0.03333333333333333
2024-10-25,Critical Minerals,ISBA,0.03333333333333333
2024-10-25,Critical Minerals,LND,0.03333333333333333
2024-10-25,Critical Minerals,ASIX,0.03333333333333333
2024-10-25,Critical Minerals,ASA,0.03333333333333333
2024-10-25,Critical Minerals,DSWL,0.03333333333333333
2024-10-25,Critical Minerals,METC,0.03333333333333333
2024-10-25,Critical Minerals,CSV,0.03333333333333333
2024-10-25,Critical Minerals,SXC,0.03333333333333333
2024-10-25,Critical Minerals,FOCL,0.03333333333333333
2024-10-25,Critical Minerals,GOOS,0.03333333333333333
2024-10-25,Critical Minerals,MTUS,0.03333333333333333
2024-10-25,Critical Minerals,STRT,0.03333333333333333
2024-10-25,Critical Minerals,CHCI,0.03333333333333333
2024-10-25,Critical Minerals,GASS,0.03333333333333333
2024-10-25,Critical Minerals,EAF,0.03333333333333333
2024-10-25,Critical Minerals,CRESY,0.03333333333333333
2024-10-25,Critical Minerals,GHG,0.03333333333333333
2024-10-25,Critical Minerals,KRO,0.03333333333333333
2024-10-25,Critical Minerals,MAKO,0.03333333333333333
2024-10-25,Critical Minerals,MRAM,0.03333333333333333
2024-10-25,Critical Minerals,GRWG,0.03333333333333333
2024-10-25,Critical Minerals,VUZI,0.03333333333333333
2024-10-25,Critical Minerals,ASYS,0.03333333333333333
2024-10-25,Critical Minerals,LGO,0.03333333333333333
2024-10-25,Critical Minerals,GPRK,0.03333333333333333
2024-10-25,Critical Minerals,TROX,0.03333333333333333
2024-10-25,Critical Minerals,FTK,0.03333333333333333
2024-10-25,Cybersecurity,AVBH,0.03333333333333333
2024-10-25,Cybersecurity,HCKT,0.03333333333333333
2024-10-25,Cybersecurity,SFBC,0.03333333333333333
2024-10-25,Cybersecurity,DSWL,0.03333333333333333
2024-10-25,Cybersecurity,APOG,0.03333333333333333
2024-10-25,Cybersecurity,MHLA,0.03333333333333333
2024-10-25,Cybersecurity,EPSN,0.03333333333333333
2024-10-25,Cybersecurity,MHNC,0.03333333333333333
2024-10-25,Cybersecurity,OPBK,0.03333333333333333
2024-10-25,Cybersecurity,BCAL,0.03333333333333333
2024-10-25,Cybersecurity,EBMT,0.03333333333333333
2024-10-25,Cybersecurity,CZWI,0.03333333333333333
2024-10-25,Cybersecurity,CBFV,0.03333333333333333
2024-10-25,Cybersecurity,NECB,0.03333333333333333
2024-10-25,Cybersecurity,CTO,0.03333333333333333
2024-10-25,Cybersecurity,MNSB,0.03333333333333333
2024-10-25,Cybersecurity,OVLY,0.03333333333333333
2024-10-25,Cybersecurity,OXM,0.03333333333333333
2024-10-25,Cybersecurity,FUNC,0.03333333333333333
2024-10-25,Cybersecurity,UNB,0.03333333333333333
2024-10-25,Cybersecurity,FPI,0.03333333333333333
2024-10-25,Cybersecurity,FEIM,0.03333333333333333
2024-10-25,Cybersecurity,PD,0.03333333333333333
2024-10-25,Cybersecurity,NOA,0.03333333333333333
2024-10-25,Cybersecurity,MATV,0.03333333333333333
2024-10-25,Cybersecurity,MGPI,0.03333333333333333
2024-10-25,Cybersecurity,PDLB,0.03333333333333333
2024-10-25,Cybersecurity,MCS,0.03333333333333333
2024-10-25,Cybersecurity,AMPH,0.03333333333333333
2024-10-25,Cybersecurity,THRY,0.03333333333333333
2024-10-25,Defense,NPK,0.03333333333333333
2024-10-25,Defense,EBF,0.03333333333333333
2024-10-25,Defense,PFX,0.03333333333333333
2024-10-25,Defense,GLAD,0.03333333333333333
2024-10-25,Defense,TRC,0.03333333333333333
2024-10-25,Defense,VLGEA,0.03333333333333333
2024-10-25,Defense,CTO,0.03333333333333333
2024-10-25,Defense,BBSI,0.03333333333333333
2024-10-25,Defense,OXM,0.03333333333333333
2024-10-25,Defense,BFS,0.03333333333333333
2024-10-25,Defense,BRT,0.03333333333333333
2024-10-25,Defense,APOG,0.03333333333333333
2024-10-25,Defense,CBFV,0.03333333333333333
2024-10-25,Defense,AVBH,0.03333333333333333
2024-10-25,Defense,BPRN,0.03333333333333333
2024-10-25,Defense,OPBK,0.03333333333333333
2024-10-25,Defense,FPI,0.03333333333333333
2024-10-25,Defense,PCB,0.03333333333333333
2024-10-25,Defense,HSTM,0.03333333333333333
2024-10-25,Defense,NATH,0.03333333333333333
2024-10-25,Defense,EIG,0.03333333333333333
2024-10-25,Defense,BOC,0.03333333333333333
2024-10-25,Defense,FUNC,0.03333333333333333
2024-10-25,Defense,LCNB,0.03333333333333333
2024-10-25,Defense,SGA,0.03333333333333333
2024-10-25,Defense,BWFG,0.03333333333333333
2024-10-25,Defense,GSBC,0.03333333333333333
2024-10-25,Defense,UNB,0.03333333333333333
2024-10-25,Defense,MGPI,0.03333333333333333
2024-10-25,Defense,MNRO,0.03333333333333333
2024-10-25,Fintech,CHSCN,0.03333333333333333
2024-10-25,Fintech,CHSCL,0.03333333333333333
2024-10-25,Fintech,CHSCM,0.03333333333333333
2024-10-25,Fintech,SFBC,0.03333333333333333
2024-10-25,Fintech,USNA,0.03333333333333333
2024-10-25,Fintech,GPJA,0.03333333333333333
2024-10-25,Fintech,MHLA,0.03333333333333333
2024-10-25,Fintech,MHNC,0.03333333333333333
2024-10-25,Fintech,NECB,0.03333333333333333
2024-10-25,Fintech,PBHC,0.03333333333333333
2024-10-25,Fintech,CZWI,0.03333333333333333
2024-10-25,Fintech,CHMG,0.03333333333333333
2024-10-25,Fintech,RM,0.03333333333333333
2024-10-25,Fintech,MCFT,0.03333333333333333
2024-10-25,Fintech,OVLY,0.03333333333333333
2024-10-25,Fintech,JOUT,0.03333333333333333
2024-10-25,Fintech,CBFV,0.03333333333333333
2024-10-25,Fintech,ITIC,0.03333333333333333
2024-10-25,Fintech,FUNC,0.03333333333333333
2024-10-25,Fintech,CBAN,0.03333333333333333
2024-10-25,Fintech,CSV,0.03333333333333333
2024-10-25,Fintech,FNWB,0.03333333333333333
2024-10-25,Fintech,CPF,0.03333333333333333
2024-10-25,Fintech,PDLB,0.03333333333333333
2024-10-25,Fintech,FEIM,0.03333333333333333
2024-10-25,Fintech,PEBK,0.03333333333333333
2024-10-25,Fintech,CARS,0.03333333333333333
2024-10-25,Fintech,CHMI,0.03333333333333333
2024-10-25,Fintech,ESCA,0.03333333333333333
2024-10-25,Fintech,SSTK,0.03333333333333333
2024-10-25,Robotics & AI,CHSCM,0.03333333333333333
2024-10-25,Robotics & AI,CHSCN,0.03333333333333333
2024-10-25,Robotics & AI,MHNC,0.03333333333333333
2024-10-25,Robotics & AI,GBLI,0.03333333333333333
2024-10-25,Robotics & AI,ACCO,0.03333333333333333
2024-10-25,Robotics & AI,NECB,0.03333333333333333
2024-10-25,Robotics & AI,KMDA,0.03333333333333333
2024-10-25,Robotics & AI,FUSB,0.03333333333333333
2024-10-25,Robotics & AI,MNSB,0.03333333333333333
2024-10-25,Robotics & AI,SSBI,0.03333333333333333
2024-10-25,Robotics & AI,CBAN,0.03333333333333333
2024-10-25,Robotics & AI,TATT,0.03333333333333333
2024-10-25,Robotics & AI,TSBK,0.03333333333333333
2024-10-25,Robotics & AI,RMAX,0.03333333333333333
2024-10-25,Robotics & AI,NVEC,0.03333333333333333
2024-10-25,Robotics & AI,CMCO,0.03333333333333333
2024-10-25,Robotics & AI,AUDC,0.03333333333333333
2024-10-25,Robotics & AI,MLAB,0.03333333333333333
2024-10-25,Robotics & AI,RDVT,0.03333333333333333
2024-10-25,Robotics & AI,MX,0.03333333333333333
2024-10-25,Robotics & AI,OBT,0.03333333333333333
2024-10-25,Robotics & AI,JMSB,0.03333333333333333
2024-10-25,Robotics & AI,RBBN,0.03333333333333333
2024-10-25,Robotics & AI,DLNG,0.03333333333333333
2024-10-25,Robotics & AI,FOCL,0.03333333333333333
2024-10-25,Robotics & AI,LINK,0.03333333333333333
2024-10-25,Robotics & AI,MFA,0.03333333333333333
2024-10-25,Robotics & AI,KRO,0.03333333333333333
2024-10-25,Robotics & AI,FTLF,0.03333333333333333
2024-10-25,Robotics & AI,DMRC,0.03333333333333333
2024-10-25,Timber & Forestry,CHSCL,0.03333333333333333
2024-10-25,Timber & Forestry,GBLI,0.03333333333333333
2024-10-25,Timber & Forestry,ACCO,0.03333333333333333
2024-10-25,Timber & Forestry,GLAD,0.03333333333333333
2024-10-25,Timber & Forestry,GPJA,0.03333333333333333
2024-10-25,Timber & Forestry,CGBD,0.03333333333333333
2024-10-25,Timber & Forestry,RM,0.03333333333333333
2024-10-25,Timber & Forestry,GAIN,0.03333333333333333
2024-10-25,Timber & Forestry,CSV,0.03333333333333333
2024-10-25,Timber & Forestry,CCOI,0.03333333333333333
2024-10-25,Timber & Forestry,WILC,0.03333333333333333
2024-10-25,Timber & Forestry,MHNC,0.03333333333333333
2024-10-25,Timber & Forestry,JOUT,0.03333333333333333
2024-10-25,Timber & Forestry,MCFT,0.03333333333333333
2024-10-25,Timber & Forestry,ALCO,0.03333333333333333
2024-10-25,Timber & Forestry,HRZN,0.03333333333333333
2024-10-25,Timber & Forestry,IIIN,0.03333333333333333
2024-10-25,Timber & Forestry,MATV,0.03333333333333333
2024-10-25,Timber & Forestry,HVT,0.03333333333333333
2024-10-25,Timber & Forestry,ITIC,0.03333333333333333
2024-10-25,Timber & Forestry,MLAB,0.03333333333333333
2024-10-25,Timber & Forestry,RMAX,0.03333333333333333
2024-10-25,Timber & Forestry,GWRS,0.03333333333333333
2024-10-25,Timber & Forestry,VREX,0.03333333333333333
2024-10-25,Timber & Forestry,DGICA,0.03333333333333333
2024-10-25,Timber & Forestry,JRSH,0.03333333333333333
2024-10-25,Timber & Forestry,KMDA,0.03333333333333333
2024-10-25,Timber & Forestry,CHMI,0.03333333333333333
2024-10-25,Timber & Forestry,XRN,0.03333333333333333
2024-10-25,Timber & Forestry,NRC,0.03333333333333333
2024-10-25,US Infrastructure,GBLI,0.03333333333333333
2024-10-25,US Infrastructure,VLGEA,0.03333333333333333
2024-10-25,US Infrastructure,BBSI,0.03333333333333333
2024-10-25,US Infrastructure,TRC,0.03333333333333333
2024-10-25,US Infrastructure,GLRE,0.03333333333333333
2024-10-25,US Infrastructure,APOG,0.03333333333333333
2024-10-25,US Infrastructure,ACCO,0.03333333333333333
2024-10-25,US Infrastructure,PKE,0.03333333333333333
2024-10-25,US Infrastructure,MHNC,0.03333333333333333
2024-10-25,US Infrastructure,NPK,0.03333333333333333
2024-10-25,US Infrastructure,OXM,0.03333333333333333
2024-10-25,US Infrastructure,CCOI,0.03333333333333333
2024-10-25,US Infrastructure,MATV,0.03333333333333333
2024-10-25,US Infrastructure,CTO,0.03333333333333333
2024-10-25,US Infrastructure,IIIN,0.03333333333333333
2024-10-25,US Infrastructure,NVEC,0.03333333333333333
2024-10-25,US Infrastructure,BWFG,0.03333333333333333
2024-10-25,US Infrastructure,RMAX,0.03333333333333333
2024-10-25,US Infrastructure,MLAB,0.03333333333333333
2024-10-25,US Infrastructure,EIG,0.03333333333333333
2024-10-25,US Infrastructure,FPI,0.03333333333333333
2024-10-25,US Infrastructure,WNC,0.03333333333333333
2024-10-25,US Infrastructure,XRN,0.03333333333333333
2024-10-25,US Infrastructure,NKSH,0.03333333333333333
2024-10-25,US Infrastructure,GNE,0.03333333333333333
2024-10-25,US Infrastructure,LAND,0.03333333333333333
2024-10-25,US Infrastructure,TRNS,0.03333333333333333
2024-10-25,US Infrastructure,ACNT,0.03333333333333333
2024-10-25,US Infrastructure,TSQ,0.03333333333333333
2024-10-25,US Infrastructure,ELME,0.03333333333333333
2024-10-25,Water,VLGEA,0.03333333333333333
2024-10-25,Water,BBSI,0.03333333333333333
2024-10-25,Water,GLRE,0.03333333333333333
2024-10-25,Water,EBF,0.03333333333333333
2024-10-25,Water,HSTM,0.03333333333333333
2024-10-25,Water,GWRS,0.03333333333333333
2024-10-25,Water,PCYO,0.03333333333333333
2024-10-25,Water,FEIM,0.03333333333333333
2024-10-25,Water,MLAB,0.03333333333333333
2024-10-25,Water,RGCO,0.03333333333333333
2024-10-25,Water,EIG,0.03333333333333333
2024-10-25,Water,MCFT,0.03333333333333333
2024-10-25,Water,MATV,0.03333333333333333
2024-10-25,Water,BSVN,0.03333333333333333
2024-10-25,Water,AMSF,0.03333333333333333
2024-10-25,Water,NKSH,0.03333333333333333
2024-10-25,Water,IIIN,0.03333333333333333
2024-10-25,Water,OXM,0.03333333333333333
2024-10-25,Water,ETD,0.03333333333333333
2024-10-25,Water,WNC,0.03333333333333333
2024-10-25,Water,NVEC,0.03333333333333333
2024-10-25,Water,GNE,0.03333333333333333
2024-10-25,Water,ARTNA,0.03333333333333333
2024-10-25,Water,ANGO,0.03333333333333333
2024-10-25,Water,SGC,0.03333333333333333
2024-10-25,Water,COFS,0.03333333333333333
2024-10-25,Water,CMCO,0.03333333333333333
2024-10-25,Water,LYTS,0.03333333333333333
2024-10-25,Water,CARE,0.03333333333333333
2024-10-25,Water,FDBC,0.03333333333333333
2024-11-29,AI Infrastructure,MHNC,0.03333333333333333
2024-11-29,AI Infrastructure,PANL,0.03333333333333333
2024-11-29,AI Infrastructure,NOA,0.03333333333333333
2024-11-29,AI Infrastructure,ACCO,0.03333333333333333
2024-11-29,AI Infrastructure,HVT,0.03333333333333333
2024-11-29,AI Infrastructure,MX,0.03333333333333333
2024-11-29,AI Infrastructure,EPSN,0.03333333333333333
2024-11-29,AI Infrastructure,OXM,0.03333333333333333
2024-11-29,AI Infrastructure,ZUMZ,0.03333333333333333
2024-11-29,AI Infrastructure,INSE,0.03333333333333333
2024-11-29,AI Infrastructure,ULBI,0.03333333333333333
2024-11-29,AI Infrastructure,MATV,0.03333333333333333
2024-11-29,AI Infrastructure,CATO,0.03333333333333333
2024-11-29,AI Infrastructure,RBBN,0.03333333333333333
2024-11-29,AI Infrastructure,DLNG,0.03333333333333333
2024-11-29,AI Infrastructure,FLL,0.03333333333333333
2024-11-29,AI Infrastructure,THRY,0.03333333333333333
2024-11-29,AI Infrastructure,MGPI,0.03333333333333333
2024-11-29,AI Infrastructure,VRA,0.03333333333333333
2024-11-29,AI Infrastructure,PD,0.03333333333333333
2024-11-29,AI Infrastructure,SITC,0.03333333333333333
2024-11-29,AI Infrastructure,FOCL,0.03333333333333333
2024-11-29,AI Infrastructure,JILL,0.03333333333333333
2024-11-29,AI Infrastructure,TLYS,0.03333333333333333
2024-11-29,AI Infrastructure,CRNT,0.03333333333333333
2024-11-29,AI Infrastructure,MYGN,0.03333333333333333
2024-11-29,AI Infrastructure,MRAM,0.03333333333333333
2024-11-29,AI Infrastructure,QUIK,0.03333333333333333
2024-11-29,AI Infrastructure,OCC,0.03333333333333333
2024-11-29,AI Infrastructure,GOOS,0.03333333333333333
2024-11-29,Agribusiness,OXM,0.03333333333333333
2024-11-29,Agribusiness,FPI,0.03333333333333333
2024-11-29,Agribusiness,DSWL,0.03333333333333333
2024-11-29,Agribusiness,SGA,0.03333333333333333
2024-11-29,Agribusiness,LAND,0.03333333333333333
2024-11-29,Agribusiness,JACK,0.03333333333333333
2024-11-29,Agribusiness,AIV,0.03333333333333333
2024-11-29,Agribusiness,CWBC,0.03333333333333333
2024-11-29,Agribusiness,MATV,0.03333333333333333
2024-11-29,Agribusiness,LND,0.03333333333333333
2024-11-29,Agribusiness,NEWT,0.03333333333333333
2024-11-29,Agribusiness,MGPI,0.03333333333333333
2024-11-29,Agribusiness,ACNT,0.03333333333333333
2024-11-29,Agribusiness,SITC,0.03333333333333333
2024-11-29,Agribusiness,ANGO,0.03333333333333333
2024-11-29,Agribusiness,SSBI,0.03333333333333333
2024-11-29,Agribusiness,TRNS,0.03333333333333333
2024-11-29,Agribusiness,GCO,0.03333333333333333
2024-11-29,Agribusiness,ASIX,0.03333333333333333
2024-11-29,Agribusiness,TITN,0.03333333333333333
2024-11-29,Agribusiness,STKS,0.03333333333333333
2024-11-29,Agribusiness,CATO,0.03333333333333333
2024-11-29,Agribusiness,FOCL,0.03333333333333333
2024-11-29,Agribusiness,RELL,0.03333333333333333
2024-11-29,Agribusiness,HAIN,0.03333333333333333
2024-11-29,Agribusiness,MED,0.03333333333333333
2024-11-29,Agribusiness,GOOS,0.03333333333333333
2024-11-29,Agribusiness,MTUS,0.03333333333333333
2024-11-29,Agribusiness,PLAY,0.03333333333333333
2024-11-29,Agribusiness,SXC,0.03333333333333333
2024-11-29,Clean Energy,AUDC,0.03333333333333333
2024-11-29,Clean Energy,AFBI,0.03333333333333333
2024-11-29,Clean Energy,CGBD,0.03333333333333333
2024-11-29,Clean Energy,FUSB,0.03333333333333333
2024-11-29,Clean Energy,CHSCO,0.03333333333333333
2024-11-29,Clean Energy,SSBI,0.03333333333333333
2024-11-29,Clean Energy,DSWL,0.03333333333333333
2024-11-29,Clean Energy,CHMI,0.03333333333333333
2024-11-29,Clean Energy,PANL,0.03333333333333333
2024-11-29,Clean Energy,SILC,0.03333333333333333
2024-11-29,Clean Energy,PBHC,0.03333333333333333
2024-11-29,Clean Energy,FOXF,0.03333333333333333
2024-11-29,Clean Energy,VABK,0.03333333333333333
2024-11-29,Clean Energy,KRO,0.03333333333333333
2024-11-29,Clean Energy,PFLT,0.03333333333333333
2024-11-29,Clean Energy,FWRD,0.03333333333333333
2024-11-29,Clean Energy,IIIN,0.03333333333333333
2024-11-29,Clean Energy,VREX,0.03333333333333333
2024-11-29,Clean Energy,MLAB,0.03333333333333333
2024-11-29,Clean Energy,FPH,0.03333333333333333
2024-11-29,Clean Energy,NVEC,0.03333333333333333
2024-11-29,Clean Energy,CWBC,0.03333333333333333
2024-11-29,Clean Energy,CAPL,0.03333333333333333
2024-11-29,Clean Energy,GAIN,0.03333333333333333
2024-11-29,Clean Energy,FOCL,0.03333333333333333
2024-11-29,Clean Energy,HRZN,0.03333333333333333
2024-11-29,Clean Energy,NEWT,0.03333333333333333
2024-11-29,Clean Energy,MFA,0.03333333333333333
2024-11-29,Clean Energy,BSVN,0.03333333333333333
2024-11-29,Clean Energy,KVHI,0.03333333333333333
2024-11-29,Critical Minerals,PANL,0.03333333333333333
2024-11-29,Critical Minerals,GBLI,0.03333333333333333
2024-11-29,Critical Minerals,BAK,0.03333333333333333
2024-11-29,Critical Minerals,ACNT,0.03333333333333333
2024-11-29,Critical Minerals,LND,0.03333333333333333
2024-11-29,Critical Minerals,ODV,0.03333333333333333
2024-11-29,Critical Minerals,ASA,0.03333333333333333
2024-11-29,Critical Minerals,METC,0.03333333333333333
2024-11-29,Critical Minerals,SXC,0.03333333333333333
2024-11-29,Critical Minerals,DSWL,0.03333333333333333
2024-11-29,Critical Minerals,FTEK,0.03333333333333333
2024-11-29,Critical Minerals,FOCL,0.03333333333333333
2024-11-29,Critical Minerals,GPRK,0.03333333333333333
2024-11-29,Critical Minerals,GOOS,0.03333333333333333
2024-11-29,Critical Minerals,GRVY,0.03333333333333333
2024-11-29,Critical Minerals,CLNE,0.03333333333333333
2024-11-29,Critical Minerals,KRO,0.03333333333333333
2024-11-29,Critical Minerals,GASS,0.03333333333333333
2024-11-29,Critical Minerals,STRT,0.03333333333333333
2024-11-29,Critical Minerals,MSC,0.03333333333333333
2024-11-29,Critical Minerals,MRAM,0.03333333333333333
2024-11-29,Critical Minerals,ACB,0.03333333333333333
2024-11-29,Critical Minerals,BWEN,0.03333333333333333
2024-11-29,Critical Minerals,ORN,0.03333333333333333
2024-11-29,Critical Minerals,ACHV,0.03333333333333333
2024-11-29,Critical Minerals,EAF,0.03333333333333333
2024-11-29,Critical Minerals,HDSN,0.03333333333333333
2024-11-29,Critical Minerals,EDRY,0.03333333333333333
2024-11-29,Critical Minerals,LGO,0.03333333333333333
2024-11-29,Critical Minerals,TBCH,0.03333333333333333
2024-11-29,Cybersecurity,FNRN,0.03333333333333333
2024-11-29,Cybersecurity,SFBC,0.03333333333333333
2024-11-29,Cybersecurity,HCKT,0.03333333333333333
2024-11-29,Cybersecurity,BBSI,0.03333333333333333
2024-11-29,Cybersecurity,APOG,0.03333333333333333
2024-11-29,Cybersecurity,AVBH,0.03333333333333333
2024-11-29,Cybersecurity,BCAL,0.03333333333333333
2024-11-29,Cybersecurity,NPK,0.03333333333333333
2024-11-29,Cybersecurity,FRPH,0.03333333333333333
2024-11-29,Cybersecurity,RM,0.03333333333333333
2024-11-29,Cybersecurity,UNB,0.03333333333333333
2024-11-29,Cybersecurity,OPBK,0.03333333333333333
2024-11-29,Cybersecurity,EPSN,0.03333333333333333
2024-11-29,Cybersecurity,CZWI,0.03333333333333333
2024-11-29,Cybersecurity,NOA,0.03333333333333333
2024-11-29,Cybersecurity,FRAF,0.03333333333333333
2024-11-29,Cybersecurity,VLGEA,0.03333333333333333
2024-11-29,Cybersecurity,FUNC,0.03333333333333333
2024-11-29,Cybersecurity,MNSB,0.03333333333333333
2024-11-29,Cybersecurity,EBMT,0.03333333333333333
2024-11-29,Cybersecurity,FEIM,0.03333333333333333
2024-11-29,Cybersecurity,GSBC,0.03333333333333333
2024-11-29,Cybersecurity,PD,0.03333333333333333
2024-11-29,Cybersecurity,ACCO,0.03333333333333333
2024-11-29,Cybersecurity,CTO,0.03333333333333333
2024-11-29,Cybersecurity,OXM,0.03333333333333333
2024-11-29,Cybersecurity,FNWB,0.03333333333333333
2024-11-29,Cybersecurity,CBAN,0.03333333333333333
2024-11-29,Cybersecurity,MCS,0.03333333333333333
2024-11-29,Cybersecurity,VRRM,0.03333333333333333
2024-11-29,Defense,PFX,0.03333333333333333
2024-11-29,Defense,GBLI,0.03333333333333333
2024-11-29,Defense,NPK,0.03333333333333333
2024-11-29,Defense,FRPH,0.03333333333333333
2024-11-29,Defense,EBF,0.03333333333333333
2024-11-29,Defense,CTO,0.03333333333333333
2024-11-29,Defense,EPSN,0.03333333333333333
2024-11-29,Defense,VLGEA,0.03333333333333333
2024-11-29,Defense,RM,0.03333333333333333
2024-11-29,Defense,FPI,0.03333333333333333
2024-11-29,Defense,BFS,0.03333333333333333
2024-11-29,Defense,ACCO,0.03333333333333333
2024-11-29,Defense,WILC,0.03333333333333333
2024-11-29,Defense,MATV,0.03333333333333333
2024-11-29,Defense,OXM,0.03333333333333333
2024-11-29,Defense,ELME,0.03333333333333333
2024-11-29,Defense,BRT,0.03333333333333333
2024-11-29,Defense,SITC,0.03333333333333333
2024-11-29,Defense,NEWT,0.03333333333333333
2024-11-29,Defense,AIV,0.03333333333333333
2024-11-29,Defense,EIG,0.03333333333333333
2024-11-29,Defense,MGPI,0.03333333333333333
2024-11-29,Defense,XRN,0.03333333333333333
2024-11-29,Defense,LAND,0.03333333333333333
2024-11-29,Defense,CMCO,0.03333333333333333
2024-11-29,Defense,WNC,0.03333333333333333
2024-11-29,Defense,TRNS,0.03333333333333333
2024-11-29,Defense,BH,0.03333333333333333
2024-11-29,Defense,MCS,0.03333333333333333
2024-11-29,Defense,LND,0.03333333333333333
2024-11-29,Fintech,CHSCM,0.03333333333333333
2024-11-29,Fintech,MHLA,0.03333333333333333
2024-11-29,Fintech,CBFV,0.03333333333333333
2024-11-29,Fintech,MHNC,0.03333333333333333
2024-11-29,Fintech,MCFT,0.03333333333333333
2024-11-29,Fintech,FXNC,0.03333333333333333
2024-11-29,Fintech,CZWI,0.03333333333333333
2024-11-29,Fintech,OVLY,0.03333333333333333
2024-11-29,Fintech,ITIC,0.03333333333333333
2024-11-29,Fintech,CHMG,0.03333333333333333
2024-11-29,Fintech,ACCO,0.03333333333333333
2024-11-29,Fintech,PCB,0.03333333333333333
2024-11-29,Fintech,UNB,0.03333333333333333
2024-11-29,Fintech,OPBK,0.03333333333333333
2024-11-29,Fintech,FRAF,0.03333333333333333
2024-11-29,Fintech,FNWB,0.03333333333333333
2024-11-29,Fintech,FUNC,0.03333333333333333
2024-11-29,Fintech,CARS,0.03333333333333333
2024-11-29,Fintech,HELE,0.03333333333333333
2024-11-29,Fintech,NOA,0.03333333333333333
2024-11-29,Fintech,CBAN,0.03333333333333333
2024-11-29,Fintech,CPF,0.03333333333333333
2024-11-29,Fintech,ESCA,0.03333333333333333
2024-11-29,Fintech,FEIM,0.03333333333333333
2024-11-29,Fintech,PDLB,0.03333333333333333
2024-11-29,Fintech,MCS,0.03333333333333333
2024-11-29,Fintech,ZUMZ,0.03333333333333333
2024-11-29,Fintech,SSTK,0.03333333333333333
2024-11-29,Fintech,PD,0.03333333333333333
2024-11-29,Fintech,RICK,0.03333333333333333
2024-11-29,Robotics & AI,CHSCM,0.03333333333333333
2024-11-29,Robotics & AI,CHSCN,0.03333333333333333
2024-11-29,Robotics & AI,ACCO,0.03333333333333333
2024-11-29,Robotics & AI,GBLI,0.03333333333333333
2024-11-29,Robotics & AI,MHNC,0.03333333333333333
2024-11-29,Robotics & AI,JRSH,0.03333333333333333
2024-11-29,Robotics & AI,IIIN,0.03333333333333333
2024-11-29,Robotics & AI,PANL,0.03333333333333333
2024-11-29,Robotics & AI,SGA,0.03333333333333333
2024-11-29,Robotics & AI,CMCO,0.03333333333333333
2024-11-29,Robotics & AI,NVEC,0.03333333333333333
2024-11-29,Robotics & AI,TSBK,0.03333333333333333
2024-11-29,Robotics & AI,MATV,0.03333333333333333
2024-11-29,Robotics & AI,WNC,0.03333333333333333
2024-11-29,Robotics & AI,FOXF,0.03333333333333333
2024-11-29,Robotics & AI,PDLB,0.03333333333333333
2024-11-29,Robotics & AI,MLAB,0.03333333333333333
2024-11-29,Robotics & AI,KRO,0.03333333333333333
2024-11-29,Robotics & AI,INSE,0.03333333333333333
2024-11-29,Robotics & AI,VRA,0.03333333333333333
2024-11-29,Robotics & AI,OSPN,0.03333333333333333
2024-11-29,Robotics & AI,RBBN,0.03333333333333333
2024-11-29,Robotics & AI,RDVT,0.03333333333333333
2024-11-29,Robotics & AI,GPRO,0.03333333333333333
2024-11-29,Robotics & AI,DMRC,0.03333333333333333
2024-11-29,Robotics & AI,LEGH,0.03333333333333333
2024-11-29,Robotics & AI,OEC,0.03333333333333333
2024-11-29,Robotics & AI,RELL,0.03333333333333333
2024-11-29,Robotics & AI,VHI,0.03333333333333333
2024-11-29,Robotics & AI,FOCL,0.03333333333333333
2024-11-29,Timber & Forestry,CHSCN,0.03333333333333333
2024-11-29,Timber & Forestry,GBLI,0.03333333333333333
2024-11-29,Timber & Forestry,CGBD,0.03333333333333333
2024-11-29,Timber & Forestry,GPJA,0.03333333333333333
2024-11-29,Timber & Forestry,PFLT,0.03333333333333333
2024-11-29,Timber & Forestry,GLAD,0.03333333333333333
2024-11-29,Timber & Forestry,PNNT,0.03333333333333333
2024-11-29,Timber & Forestry,DSWL,0.03333333333333333
2024-11-29,Timber & Forestry,ACCO,0.03333333333333333
2024-11-29,Timber & Forestry,CCOI,0.03333333333333333
2024-11-29,Timber & Forestry,MHNC,0.03333333333333333
2024-11-29,Timber & Forestry,RM,0.03333333333333333
2024-11-29,Timber & Forestry,GAIN,0.03333333333333333
2024-11-29,Timber & Forestry,AFBI,0.03333333333333333
2024-11-29,Timber & Forestry,HRZN,0.03333333333333333
2024-11-29,Timber & Forestry,RC,0.03333333333333333
2024-11-29,Timber & Forestry,FPH,0.03333333333333333
2024-11-29,Timber & Forestry,CAPL,0.03333333333333333
2024-11-29,Timber & Forestry,PANL,0.03333333333333333
2024-11-29,Timber & Forestry,ALCO,0.03333333333333333
2024-11-29,Timber & Forestry,WILC,0.03333333333333333
2024-11-29,Timber & Forestry,MATV,0.03333333333333333
2024-11-29,Timber & Forestry,EARN,0.03333333333333333
2024-11-29,Timber & Forestry,FUSB,0.03333333333333333
2024-11-29,Timber & Forestry,JACK,0.03333333333333333
2024-11-29,Timber & Forestry,VREX,0.03333333333333333
2024-11-29,Timber & Forestry,ITIC,0.03333333333333333
2024-11-29,Timber & Forestry,KVHI,0.03333333333333333
2024-11-29,Timber & Forestry,CHMI,0.03333333333333333
2024-11-29,Timber & Forestry,SILC,0.03333333333333333
2024-11-29,US Infrastructure,PFX,0.03333333333333333
2024-11-29,US Infrastructure,GBLI,0.03333333333333333
2024-11-29,US Infrastructure,BBSI,0.03333333333333333
2024-11-29,US Infrastructure,GLRE,0.03333333333333333
2024-11-29,US Infrastructure,APOG,0.03333333333333333
2024-11-29,US Infrastructure,VLGEA,0.03333333333333333
2024-11-29,US Infrastructure,PKE,0.03333333333333333
2024-11-29,US Infrastructure,OXM,0.03333333333333333
2024-11-29,US Infrastructure,FPI,0.03333333333333333
2024-11-29,US Infrastructure,ACCO,0.03333333333333333
2024-11-29,US Infrastructure,GWRS,0.03333333333333333
2024-11-29,US Infrastructure,IIIN,0.03333333333333333
2024-11-29,US Infrastructure,MATV,0.03333333333333333
2024-11-29,US Infrastructure,BWFG,0.03333333333333333
2024-11-29,US Infrastructure,FEIM,0.03333333333333333
2024-11-29,US Infrastructure,STRS,0.03333333333333333
2024-11-29,US Infrastructure,NVEC,0.03333333333333333
2024-11-29,US Infrastructure,MLAB,0.03333333333333333
2024-11-29,US Infrastructure,NKSH,0.03333333333333333
2024-11-29,US Infrastructure,WNC,0.03333333333333333
2024-11-29,US Infrastructure,XRN,0.03333333333333333
2024-11-29,US Infrastructure,NEWT,0.03333333333333333
2024-11-29,US Infrastructure,LYTS,0.03333333333333333
2024-11-29,US Infrastructure,CMCO,0.03333333333333333
2024-11-29,US Infrastructure,LAND,0.03333333333333333
2024-11-29,US Infrastructure,ANGO,0.03333333333333333
2024-11-29,US Infrastructure,ARTNA,0.03333333333333333
2024-11-29,US Infrastructure,TRNS,0.03333333333333333
2024-11-29,US Infrastructure,BH,0.03333333333333333
2024-11-29,US Infrastructure,TWIN,0.03333333333333333
2024-11-29,Water,BBSI,0.03333333333333333
2024-11-29,Water,GLRE,0.03333333333333333
2024-11-29,Water,PCYO,0.03333333333333333
2024-11-29,Water,VREX,0.03333333333333333
2024-11-29,Water,GWRS,0.03333333333333333
2024-11-29,Water,VLGEA,0.03333333333333333
2024-11-29,Water,RGCO,0.03333333333333333
2024-11-29,Water,IIIN,0.03333333333333333
2024-11-29,Water,CBNK,0.03333333333333333
2024-11-29,Water,FEIM,0.03333333333333333
2024-11-29,Water,HSTM,0.03333333333333333
2024-11-29,Water,ACCO,0.03333333333333333
2024-11-29,Water,NKSH,0.03333333333333333
2024-11-29,Water,MATV,0.03333333333333333
2024-11-29,Water,BSVN,0.03333333333333333
2024-11-29,Water,MLAB,0.03333333333333333
2024-11-29,Water,WNC,0.03333333333333333
2024-11-29,Water,NVEC,0.03333333333333333
2024-11-29,Water,ANGO,0.03333333333333333
2024-11-29,Water,STRS,0.03333333333333333
2024-11-29,Water,FDBC,0.03333333333333333
2024-11-29,Water,CMCO,0.03333333333333333
2024-11-29,Water,LEGH,0.03333333333333333
2024-11-29,Water,TRNS,0.03333333333333333
2024-11-29,Water,FOXF,0.03333333333333333
2024-11-29,Water,RDVT,0.03333333333333333
2024-11-29,Water,CWCO,0.03333333333333333
2024-11-29,Water,ASIX,0.03333333333333333
2024-11-29,Water,CZFS,0.03333333333333333
2024-11-29,Water,SRI,0.03333333333333333
2024-12-27,AI Infrastructure,GBLI,0.03333333333333333
2024-12-27,AI Infrastructure,PANL,0.03333333333333333
2024-12-27,AI Infrastructure,MHNC,0.03333333333333333
2024-12-27,AI Infrastructure,INSE,0.03333333333333333
2024-12-27,AI Infrastructure,HVT,0.03333333333333333
2024-12-27,AI Infrastructure,JRSH,0.03333333333333333
2024-12-27,AI Infrastructure,MATV,0.03333333333333333
2024-12-27,AI Infrastructure,MX,0.03333333333333333
2024-12-27,AI Infrastructure,OXM,0.03333333333333333
2024-12-27,AI Infrastructure,SFBC,0.03333333333333333
2024-12-27,AI Infrastructure,HRZN,0.03333333333333333
2024-12-27,AI Infrastructure,LPRO,0.03333333333333333
2024-12-27,AI Infrastructure,EPSN,0.03333333333333333
2024-12-27,AI Infrastructure,RELL,0.03333333333333333
2024-12-27,AI Infrastructure,MLAB,0.03333333333333333
2024-12-27,AI Infrastructure,DMRC,0.03333333333333333
2024-12-27,AI Infrastructure,RBBN,0.03333333333333333
2024-12-27,AI Infrastructure,BRID,0.03333333333333333
2024-12-27,AI Infrastructure,MRBK,0.03333333333333333
2024-12-27,AI Infrastructure,ZUMZ,0.03333333333333333
2024-12-27,AI Infrastructure,DLNG,0.03333333333333333
2024-12-27,AI Infrastructure,ACTG,0.03333333333333333
2024-12-27,AI Infrastructure,VRA,0.03333333333333333
2024-12-27,AI Infrastructure,ULBI,0.03333333333333333
2024-12-27,AI Infrastructure,FOCL,0.03333333333333333
2024-12-27,AI Infrastructure,CATO,0.03333333333333333
2024-12-27,AI Infrastructure,NDLS,0.03333333333333333
2024-12-27,AI Infrastructure,JILL,0.03333333333333333
2024-12-27,AI Infrastructure,LINK,0.03333333333333333
2024-12-27,AI Infrastructure,MNSB,0.03333333333333333
2024-12-27,Agribusiness,OXM,0.03333333333333333
2024-12-27,Agribusiness,FPI,0.03333333333333333
2024-12-27,Agribusiness,DSWL,0.03333333333333333
2024-12-27,Agribusiness,RMAX,0.03333333333333333
2024-12-27,Agribusiness,JACK,0.03333333333333333
2024-12-27,Agribusiness,LAND,0.03333333333333333
2024-12-27,Agribusiness,SGA,0.03333333333333333
2024-12-27,Agribusiness,ANGO,0.03333333333333333
2024-12-27,Agribusiness,LND,0.03333333333333333
2024-12-27,Agribusiness,ACNT,0.03333333333333333
2024-12-27,Agribusiness,OFLX,0.03333333333333333
2024-12-27,Agribusiness,STKS,0.03333333333333333
2024-12-27,Agribusiness,ASIX,0.03333333333333333
2024-12-27,Agribusiness,KIDS,0.03333333333333333
2024-12-27,Agribusiness,RELL,0.03333333333333333
2024-12-27,Agribusiness,HAIN,0.03333333333333333
2024-12-27,Agribusiness,FOCL,0.03333333333333333
2024-12-27,Agribusiness,MED,0.03333333333333333
2024-12-27,Agribusiness,ARL,0.03333333333333333
2024-12-27,Agribusiness,SIBN,0.03333333333333333
2024-12-27,Agribusiness,MTUS,0.03333333333333333
2024-12-27,Agribusiness,SXC,0.03333333333333333
2024-12-27,Agribusiness,AIRT,0.03333333333333333
2024-12-27,Agribusiness,ODV,0.03333333333333333
2024-12-27,Agribusiness,ASA,0.03333333333333333
2024-12-27,Agribusiness,LGO,0.03333333333333333
2024-12-27,Agribusiness,GOOS,0.03333333333333333
2024-12-27,Agribusiness,CCRN,0.03333333333333333
2024-12-27,Agribusiness,TWI,0.03333333333333333
2024-12-27,Agribusiness,CLFD,0.03333333333333333
2024-12-27,Clean Energy,AUDC,0.03333333333333333
2024-12-27,Clean Energy,CGBD,0.03333333333333333
2024-12-27,Clean Energy,FUSB,0.03333333333333333
2024-12-27,Clean Energy,AFBI,0.03333333333333333
2024-12-27,Clean Energy,HVT,0.03333333333333333
2024-12-27,Clean Energy,CHSCO,0.03333333333333333
2024-12-27,Clean Energy,FNRN,0.03333333333333333
2024-12-27,Clean Energy,GPJA,0.03333333333333333
2024-12-27,Clean Energy,CODI,0.03333333333333333
2024-12-27,Clean Energy,CHMI,0.03333333333333333
2024-12-27,Clean Energy,MLAB,0.03333333333333333
2024-12-27,Clean Energy,MAGN,0.03333333333333333
2024-12-27,Clean Energy,CAPL,0.03333333333333333
2024-12-27,Clean Energy,GLAD,0.03333333333333333
2024-12-27,Clean Energy,PANL,0.03333333333333333
2024-12-27,Clean Energy,NEWT,0.03333333333333333
2024-12-27,Clean Energy,PFLT,0.03333333333333333
2024-12-27,Clean Energy,KRO,0.03333333333333333
2024-12-27,Clean Energy,NVEC,0.03333333333333333
2024-12-27,Clean Energy,SILC,0.03333333333333333
2024-12-27,Clean Energy,VREX,0.03333333333333333
2024-12-27,Clean Energy,FPH,0.03333333333333333
2024-12-27,Clean Energy,THRY,0.03333333333333333
2024-12-27,Clean Energy,ACRE,0.03333333333333333
2024-12-27,Clean Energy,SSBI,0.03333333333333333
2024-12-27,Clean Energy,FOCL,0.03333333333333333
2024-12-27,Clean Energy,FOXF,0.03333333333333333
2024-12-27,Clean Energy,HRZN,0.03333333333333333
2024-12-27,Clean Energy,KVHI,0.03333333333333333
2024-12-27,Clean Energy,PBHC,0.03333333333333333
2024-12-27,Critical Minerals,PANL,0.03333333333333333
2024-12-27,Critical Minerals,BAK,0.03333333333333333
2024-12-27,Critical Minerals,GBLI,0.03333333333333333
2024-12-27,Critical Minerals,ASA,0.03333333333333333
2024-12-27,Critical Minerals,CAPL,0.03333333333333333
2024-12-27,Critical Minerals,ODV,0.03333333333333333
2024-12-27,Critical Minerals,FPH,0.03333333333333333
2024-12-27,Critical Minerals,CVGI,0.03333333333333333
2024-12-27,Critical Minerals,MATV,0.03333333333333333
2024-12-27,Critical Minerals,FTEK,0.03333333333333333
2024-12-27,Critical Minerals,KRO,0.03333333333333333
2024-12-27,Critical Minerals,ACCO,0.03333333333333333
2024-12-27,Critical Minerals,TROX,0.03333333333333333
2024-12-27,Critical Minerals,PNRG,0.03333333333333333
2024-12-27,Critical Minerals,FOCL,0.03333333333333333
2024-12-27,Critical Minerals,LND,0.03333333333333333
2024-12-27,Critical Minerals,OSPN,0.03333333333333333
2024-12-27,Critical Minerals,VHI,0.03333333333333333
2024-12-27,Critical Minerals,GPJA,0.03333333333333333
2024-12-27,Critical Minerals,SILC,0.03333333333333333
2024-12-27,Critical Minerals,GRVY,0.03333333333333333
2024-12-27,Critical Minerals,CHSCN,0.03333333333333333
2024-12-27,Critical Minerals,EAF,0.03333333333333333
2024-12-27,Critical Minerals,SXC,0.03333333333333333
2024-12-27,Critical Minerals,LTRX,0.03333333333333333
2024-12-27,Critical Minerals,DSWL,0.03333333333333333
2024-12-27,Critical Minerals,ACB,0.03333333333333333
2024-12-27,Critical Minerals,MLAB,0.03333333333333333
2024-12-27,Critical Minerals,TWI,0.03333333333333333
2024-12-27,Critical Minerals,GOOS,0.03333333333333333
2024-12-27,Cybersecurity,SFBC,0.03333333333333333
2024-12-27,Cybersecurity,CASS,0.03333333333333333
2024-12-27,Cybersecurity,HCKT,0.03333333333333333
2024-12-27,Cybersecurity,RM,0.03333333333333333
2024-12-27,Cybersecurity,DSWL,0.03333333333333333
2024-12-27,Cybersecurity,BCAL,0.03333333333333333
2024-12-27,Cybersecurity,NPK,0.03333333333333333
2024-12-27,Cybersecurity,AVBH,0.03333333333333333
2024-12-27,Cybersecurity,APOG,0.03333333333333333
2024-12-27,Cybersecurity,EBMT,0.03333333333333333
2024-12-27,Cybersecurity,VLGEA,0.03333333333333333
2024-12-27,Cybersecurity,MNSB,0.03333333333333333
2024-12-27,Cybersecurity,FEIM,0.03333333333333333
2024-12-27,Cybersecurity,EPSN,0.03333333333333333
2024-12-27,Cybersecurity,OPBK,0.03333333333333333
2024-12-27,Cybersecurity,IIIV,0.03333333333333333
2024-12-27,Cybersecurity,PD,0.03333333333333333
2024-12-27,Cybersecurity,VRRM,0.03333333333333333
2024-12-27,Cybersecurity,MATV,0.03333333333333333
2024-12-27,Cybersecurity,MCS,0.03333333333333333
2024-12-27,Cybersecurity,AMPH,0.03333333333333333
2024-12-27,Cybersecurity,ZUMZ,0.03333333333333333
2024-12-27,Cybersecurity,ELME,0.03333333333333333
2024-12-27,Cybersecurity,CPHC,0.03333333333333333
2024-12-27,Cybersecurity,BRID,0.03333333333333333
2024-12-27,Cybersecurity,UFI,0.03333333333333333
2024-12-27,Cybersecurity,SITC,0.03333333333333333
2024-12-27,Cybersecurity,LAND,0.03333333333333333
2024-12-27,Cybersecurity,EGAN,0.03333333333333333
2024-12-27,Cybersecurity,SSTK,0.03333333333333333
2024-12-27,Defense,PFX,0.03333333333333333
2024-12-27,Defense,GBLI,0.03333333333333333
2024-12-27,Defense,EBF,0.03333333333333333
2024-12-27,Defense,NPK,0.03333333333333333
2024-12-27,Defense,VLGEA,0.03333333333333333
2024-12-27,Defense,CTO,0.03333333333333333
2024-12-27,Defense,ACCO,0.03333333333333333
2024-12-27,Defense,RM,0.03333333333333333
2024-12-27,Defense,MATV,0.03333333333333333
2024-12-27,Defense,EPSN,0.03333333333333333
2024-12-27,Defense,OXM,0.03333333333333333
2024-12-27,Defense,WILC,0.03333333333333333
2024-12-27,Defense,RMAX,0.03333333333333333
2024-12-27,Defense,ELME,0.03333333333333333
2024-12-27,Defense,EIG,0.03333333333333333
2024-12-27,Defense,AIV,0.03333333333333333
2024-12-27,Defense,FEIM,0.03333333333333333
2024-12-27,Defense,CMCO,0.03333333333333333
2024-12-27,Defense,XRN,0.03333333333333333
2024-12-27,Defense,MGPI,0.03333333333333333
2024-12-27,Defense,SITC,0.03333333333333333
2024-12-27,Defense,NEWT,0.03333333333333333
2024-12-27,Defense,HELE,0.03333333333333333
2024-12-27,Defense,WNC,0.03333333333333333
2024-12-27,Defense,BH,0.03333333333333333
2024-12-27,Defense,TRNS,0.03333333333333333
2024-12-27,Defense,OSPN,0.03333333333333333
2024-12-27,Defense,PD,0.03333333333333333
2024-12-27,Defense,GNE,0.03333333333333333
2024-12-27,Defense,LPRO,0.03333333333333333
2024-12-27,Fintech,CBFV,0.03333333333333333
2024-12-27,Fintech,SFBC,0.03333333333333333
2024-12-27,Fintech,MHLA,0.03333333333333333
2024-12-27,Fintech,FXNC,0.03333333333333333
2024-12-27,Fintech,CZWI,0.03333333333333333
2024-12-27,Fintech,MCFT,0.03333333333333333
2024-12-27,Fintech,ITIC,0.03333333333333333
2024-12-27,Fintech,OVLY,0.03333333333333333
2024-12-27,Fintech,MRBK,0.03333333333333333
2024-12-27,Fintech,CARS,0.03333333333333333
2024-12-27,Fintech,PCB,0.03333333333333333
2024-12-27,Fintech,CHMG,0.03333333333333333
2024-12-27,Fintech,UNB,0.03333333333333333
2024-12-27,Fintech,FUNC,0.03333333333333333
2024-12-27,Fintech,FNWB,0.03333333333333333
2024-12-27,Fintech,FRAF,0.03333333333333333
2024-12-27,Fintech,OPBK,0.03333333333333333
2024-12-27,Fintech,JRSH,0.03333333333333333
2024-12-27,Fintech,CBAN,0.03333333333333333
2024-12-27,Fintech,FEIM,0.03333333333333333
2024-12-27,Fintech,ESCA,0.03333333333333333
2024-12-27,Fintech,NOA,0.03333333333333333
2024-12-27,Fintech,CPF,0.03333333333333333
2024-12-27,Fintech,PDLB,0.03333333333333333
2024-12-27,Fintech,HELE,0.03333333333333333
2024-12-27,Fintech,SSTK,0.03333333333333333
2024-12-27,Fintech,UFI,0.03333333333333333
2024-12-27,Fintech,TSQ,0.03333333333333333
2024-12-27,Fintech,MCS,0.03333333333333333
2024-12-27,Fintech,ZUMZ,0.03333333333333333
2024-12-27,Robotics & AI,CHSCM,0.03333333333333333
2024-12-27,Robotics & AI,CHSCN,0.03333333333333333
2024-12-27,Robotics & AI,CHSCL,0.03333333333333333
2024-12-27,Robotics & AI,MHLA,0.03333333333333333
2024-12-27,Robotics & AI,ACCO,0.03333333333333333
2024-12-27,Robotics & AI,GBLI,0.03333333333333333
2024-12-27,Robotics & AI,MHNC,0.03333333333333333
2024-12-27,Robotics & AI,MRBK,0.03333333333333333
2024-12-27,Robotics & AI,PANL,0.03333333333333333
2024-12-27,Robotics & AI,IIIN,0.03333333333333333
2024-12-27,Robotics & AI,JRSH,0.03333333333333333
2024-12-27,Robotics & AI,FUSB,0.03333333333333333
2024-12-27,Robotics & AI,MATV,0.03333333333333333
2024-12-27,Robotics & AI,INSE,0.03333333333333333
2024-12-27,Robotics & AI,TATT,0.03333333333333333
2024-12-27,Robotics & AI,CMCO,0.03333333333333333
2024-12-27,Robotics & AI,MLAB,0.03333333333333333
2024-12-27,Robotics & AI,RMAX,0.03333333333333333
2024-12-27,Robotics & AI,XRX,0.03333333333333333
2024-12-27,Robotics & AI,NVEC,0.03333333333333333
2024-12-27,Robotics & AI,LPRO,0.03333333333333333
2024-12-27,Robotics & AI,KRO,0.03333333333333333
2024-12-27,Robotics & AI,VRA,0.03333333333333333
2024-12-27,Robotics & AI,DMRC,0.03333333333333333
2024-12-27,Robotics & AI,OSPN,0.03333333333333333
2024-12-27,Robotics & AI,XRN,0.03333333333333333
2024-12-27,Robotics & AI,MFA,0.03333333333333333
2024-12-27,Robotics & AI,RDVT,0.03333333333333333
2024-12-27,Robotics & AI,GPRO,0.03333333333333333
2024-12-27,Robotics & AI,MX,0.03333333333333333
2024-12-27,Timber & Forestry,CHSCN,0.03333333333333333
2024-12-27,Timber & Forestry,CHSCM,0.03333333333333333
2024-12-27,Timber & Forestry,CHSCO,0.03333333333333333
2024-12-27,Timber & Forestry,PFX,0.03333333333333333
2024-12-27,Timber & Forestry,GBLI,0.03333333333333333
2024-12-27,Timber & Forestry,CGBD,0.03333333333333333
2024-12-27,Timber & Forestry,GPJA,0.03333333333333333
2024-12-27,Timber & Forestry,PFLT,0.03333333333333333
2024-12-27,Timber & Forestry,MHLA,0.03333333333333333
2024-12-27,Timber & Forestry,ACCO,0.03333333333333333
2024-12-27,Timber & Forestry,DSWL,0.03333333333333333
2024-12-27,Timber & Forestry,MHNC,0.03333333333333333
2024-12-27,Timber & Forestry,AFBI,0.03333333333333333
2024-12-27,Timber & Forestry,MATV,0.03333333333333333
2024-12-27,Timber & Forestry,GAIN,0.03333333333333333
2024-12-27,Timber & Forestry,HRZN,0.03333333333333333
2024-12-27,Timber & Forestry,GECC,0.03333333333333333
2024-12-27,Timber & Forestry,PKE,0.03333333333333333
2024-12-27,Timber & Forestry,RM,0.03333333333333333
2024-12-27,Timber & Forestry,DJCO,0.03333333333333333
2024-12-27,Timber & Forestry,JACK,0.03333333333333333
2024-12-27,Timber & Forestry,PANL,0.03333333333333333
2024-12-27,Timber & Forestry,WILC,0.03333333333333333
2024-12-27,Timber & Forestry,CAPL,0.03333333333333333
2024-12-27,Timber & Forestry,FUSB,0.03333333333333333
2024-12-27,Timber & Forestry,FPH,0.03333333333333333
2024-12-27,Timber & Forestry,SGA,0.03333333333333333
2024-12-27,Timber & Forestry,ITIC,0.03333333333333333
2024-12-27,Timber & Forestry,PBHC,0.03333333333333333
2024-12-27,Timber & Forestry,KVHI,0.03333333333333333
2024-12-27,US Infrastructure,BBSI,0.03333333333333333
2024-12-27,US Infrastructure,GBLI,0.03333333333333333
2024-12-27,US Infrastructure,GLRE,0.03333333333333333
2024-12-27,US Infrastructure,VLGEA,0.03333333333333333
2024-12-27,US Infrastructure,OXM,0.03333333333333333
2024-12-27,US Infrastructure,APOG,0.03333333333333333
2024-12-27,US Infrastructure,RMAX,0.03333333333333333
2024-12-27,US Infrastructure,FPI,0.03333333333333333
2024-12-27,US Infrastructure,GWRS,0.03333333333333333
2024-12-27,US Infrastructure,IIIN,0.03333333333333333
2024-12-27,US Infrastructure,MATV,0.03333333333333333
2024-12-27,US Infrastructure,STRS,0.03333333333333333
2024-12-27,US Infrastructure,NVEC,0.03333333333333333
2024-12-27,US Infrastructure,MLAB,0.03333333333333333
2024-12-27,US Infrastructure,NKSH,0.03333333333333333
2024-12-27,US Infrastructure,WNC,0.03333333333333333
2024-12-27,US Infrastructure,BSVN,0.03333333333333333
2024-12-27,US Infrastructure,XRN,0.03333333333333333
2024-12-27,US Infrastructure,LAND,0.03333333333333333
2024-12-27,US Infrastructure,TSQ,0.03333333333333333
2024-12-27,US Infrastructure,JRSH,0.03333333333333333
2024-12-27,US Infrastructure,ANGO,0.03333333333333333
2024-12-27,US Infrastructure,ARTNA,0.03333333333333333
2024-12-27,US Infrastructure,BH,0.03333333333333333
2024-12-27,US Infrastructure,TRNS,0.03333333333333333
2024-12-27,US Infrastructure,ACNT,0.03333333333333333
2024-12-27,US Infrastructure,TWIN,0.03333333333333333
2024-12-27,US Infrastructure,LEGH,0.03333333333333333
2024-12-27,US Infrastructure,GNE,0.03333333333333333
2024-12-27,US Infrastructure,ASIX,0.03333333333333333
2024-12-27,Water,CHSCM,0.03333333333333333
2024-12-27,Water,BBSI,0.03333333333333333
2024-12-27,Water,RMAX,0.03333333333333333
2024-12-27,Water,GLRE,0.03333333333333333
2024-12-27,Water,VREX,0.03333333333333333
2024-12-27,Water,RGCO,0.03333333333333333
2024-12-27,Water,IIIN,0.03333333333333333
2024-12-27,Water,GWRS,0.03333333333333333
2024-12-27,Water,NKSH,0.03333333333333333
2024-12-27,Water,MATV,0.03333333333333333
2024-12-27,Water,MLAB,0.03333333333333333
2024-12-27,Water,BSVN,0.03333333333333333
2024-12-27,Water,WNC,0.03333333333333333
2024-12-27,Water,NVEC,0.03333333333333333
2024-12-27,Water,XRN,0.03333333333333333
2024-12-27,Water,CMCO,0.03333333333333333
2024-12-27,Water,ANGO,0.03333333333333333
2024-12-27,Water,STRS,0.03333333333333333
2024-12-27,Water,LEGH,0.03333333333333333
2024-12-27,Water,TIPT,0.03333333333333333
2024-12-27,Water,FOXF,0.03333333333333333
2024-12-27,Water,OSG,0.03333333333333333
2024-12-27,Water,RDVT,0.03333333333333333
2024-12-27,Water,ASIX,0.03333333333333333
2024-12-27,Water,OBT,0.03333333333333333
2024-12-27,Water,CWCO,0.03333333333333333
2024-12-27,Water,JMSB,0.03333333333333333
2024-12-27,Water,OEC,0.03333333333333333
2024-12-27,Water,ARL,0.03333333333333333
2024-12-27,Water,CVGI,0.03333333333333333
2025-01-31,AI Infrastructure,LSBK,0.03333333333333333
2025-01-31,AI Infrastructure,MX,0.03333333333333333
2025-01-31,AI Infrastructure,FNRN,0.03333333333333333
2025-01-31,AI Infrastructure,ACCO,0.03333333333333333
2025-01-31,AI Infrastructure,EPSN,0.03333333333333333
2025-01-31,AI Infrastructure,PANL,0.03333333333333333
2025-01-31,AI Infrastructure,HVT,0.03333333333333333
2025-01-31,AI Infrastructure,NEWT,0.03333333333333333
2025-01-31,AI Infrastructure,AUDC,0.03333333333333333
2025-01-31,AI Infrastructure,BRID,0.03333333333333333
2025-01-31,AI Infrastructure,PNRG,0.03333333333333333
2025-01-31,AI Infrastructure,MLAB,0.03333333333333333
2025-01-31,AI Infrastructure,LPRO,0.03333333333333333
2025-01-31,AI Infrastructure,INSE,0.03333333333333333
2025-01-31,AI Infrastructure,DHX,0.03333333333333333
2025-01-31,AI Infrastructure,ULBI,0.03333333333333333
2025-01-31,AI Infrastructure,RMAX,0.03333333333333333
2025-01-31,AI Infrastructure,RBBN,0.03333333333333333
2025-01-31,AI Infrastructure,DMRC,0.03333333333333333
2025-01-31,AI Infrastructure,LINK,0.03333333333333333
2025-01-31,AI Infrastructure,PD,0.03333333333333333
2025-01-31,AI Infrastructure,OSPN,0.03333333333333333
2025-01-31,AI Infrastructure,AIV,0.03333333333333333
2025-01-31,AI Infrastructure,DLNG,0.03333333333333333
2025-01-31,AI Infrastructure,FOCL,0.03333333333333333
2025-01-31,AI Infrastructure,QUIK,0.03333333333333333
2025-01-31,AI Infrastructure,ANGO,0.03333333333333333
2025-01-31,AI Infrastructure,RPAY,0.03333333333333333
2025-01-31,AI Infrastructure,KRMD,0.03333333333333333
2025-01-31,AI Infrastructure,OFIX,0.03333333333333333
2025-01-31,Agribusiness,TRC,0.03333333333333333
2025-01-31,Agribusiness,GHI,0.03333333333333333
2025-01-31,Agribusiness,FPI,0.03333333333333333
2025-01-31,Agribusiness,DSWL,0.03333333333333333
2025-01-31,Agribusiness,OXM,0.03333333333333333
2025-01-31,Agribusiness,CASS,0.03333333333333333
2025-01-31,Agribusiness,AVBH,0.03333333333333333
2025-01-31,Agribusiness,ELME,0.03333333333333333
2025-01-31,Agribusiness,LAND,0.03333333333333333
2025-01-31,Agribusiness,PCYO,0.03333333333333333
2025-01-31,Agribusiness,AIV,0.03333333333333333
2025-01-31,Agribusiness,SGA,0.03333333333333333
2025-01-31,Agribusiness,RMAX,0.03333333333333333
2025-01-31,Agribusiness,XRN,0.03333333333333333
2025-01-31,Agribusiness,ETD,0.03333333333333333
2025-01-31,Agribusiness,JACK,0.03333333333333333
2025-01-31,Agribusiness,SITC,0.03333333333333333
2025-01-31,Agribusiness,ANGO,0.03333333333333333
2025-01-31,Agribusiness,LND,0.03333333333333333
2025-01-31,Agribusiness,AMPH,0.03333333333333333
2025-01-31,Agribusiness,ACNT,0.03333333333333333
2025-01-31,Agribusiness,GPRO,0.03333333333333333
2025-01-31,Agribusiness,GCO,0.03333333333333333
2025-01-31,Agribusiness,TIPT,0.03333333333333333
2025-01-31,Agribusiness,FOCL,0.03333333333333333
2025-01-31,Agribusiness,HAIN,0.03333333333333333
2025-01-31,Agribusiness,SIBN,0.03333333333333333
2025-01-31,Agribusiness,SXC,0.03333333333333333
2025-01-31,Agribusiness,ARL,0.03333333333333333
2025-01-31,Agribusiness,MTUS,0.03333333333333333
2025-01-31,Clean Energy,CGBD,0.03333333333333333
2025-01-31,Clean Energy,HVT,0.03333333333333333
2025-01-31,Clean Energy,DSWL,0.03333333333333333
2025-01-31,Clean Energy,CODI,0.03333333333333333
2025-01-31,Clean Energy,PNNT,0.03333333333333333
2025-01-31,Clean Energy,ACTG,0.03333333333333333
2025-01-31,Clean Energy,AFBI,0.03333333333333333
2025-01-31,Clean Energy,MAYS,0.03333333333333333
2025-01-31,Clean Energy,CHSCO,0.03333333333333333
2025-01-31,Clean Energy,GLAD,0.03333333333333333
2025-01-31,Clean Energy,OXM,0.03333333333333333
2025-01-31,Clean Energy,NEWT,0.03333333333333333
2025-01-31,Clean Energy,GHI,0.03333333333333333
2025-01-31,Clean Energy,PANL,0.03333333333333333
2025-01-31,Clean Energy,GAIN,0.03333333333333333
2025-01-31,Clean Energy,PFLT,0.03333333333333333
2025-01-31,Clean Energy,KE,0.03333333333333333
2025-01-31,Clean Energy,CAPL,0.03333333333333333
2025-01-31,Clean Energy,HRZN,0.03333333333333333
2025-01-31,Clean Energy,LND,0.03333333333333333
2025-01-31,Clean Energy,THRY,0.03333333333333333
2025-01-31,Clean Energy,FUSB,0.03333333333333333
2025-01-31,Clean Energy,TPVG,0.03333333333333333
2025-01-31,Clean Energy,PBHC,0.03333333333333333
2025-01-31,Clean Energy,FOXF,0.03333333333333333
2025-01-31,Clean Energy,JACK,0.03333333333333333
2025-01-31,Clean Energy,SSBI,0.03333333333333333
2025-01-31,Clean Energy,ANIK,0.03333333333333333
2025-01-31,Clean Energy,CHMI,0.03333333333333333
2025-01-31,Clean Energy,AUDC,0.03333333333333333
2025-01-31,Critical Minerals,SXC,0.03333333333333333
2025-01-31,Critical Minerals,BAK,0.03333333333333333
2025-01-31,Critical Minerals,PANL,0.03333333333333333
2025-01-31,Critical Minerals,CAPL,0.03333333333333333
2025-01-31,Critical Minerals,LND,0.03333333333333333
2025-01-31,Critical Minerals,ODV,0.03333333333333333
2025-01-31,Critical Minerals,ASA,0.03333333333333333
2025-01-31,Critical Minerals,PNRG,0.03333333333333333
2025-01-31,Critical Minerals,LYTS,0.03333333333333333
2025-01-31,Critical Minerals,NGS,0.03333333333333333
2025-01-31,Critical Minerals,MRAM,0.03333333333333333
2025-01-31,Critical Minerals,ITIC,0.03333333333333333
2025-01-31,Critical Minerals,MAKO,0.03333333333333333
2025-01-31,Critical Minerals,SIEB,0.03333333333333333
2025-01-31,Critical Minerals,HELE,0.03333333333333333
2025-01-31,Critical Minerals,CRESY,0.03333333333333333
2025-01-31,Critical Minerals,EAF,0.03333333333333333
2025-01-31,Critical Minerals,EDRY,0.03333333333333333
2025-01-31,Critical Minerals,GASS,0.03333333333333333
2025-01-31,Critical Minerals,GOOS,0.03333333333333333
2025-01-31,Critical Minerals,ACB,0.03333333333333333
2025-01-31,Critical Minerals,KRO,0.03333333333333333
2025-01-31,Critical Minerals,GPRK,0.03333333333333333
2025-01-31,Critical Minerals,STRT,0.03333333333333333
2025-01-31,Critical Minerals,LGO,0.03333333333333333
2025-01-31,Critical Minerals,MTRX,0.03333333333333333
2025-01-31,Critical Minerals,ASYS,0.03333333333333333
2025-01-31,Critical Minerals,AMRN,0.03333333333333333
2025-01-31,Critical Minerals,BWEN,0.03333333333333333
2025-01-31,Critical Minerals,MAGN,0.03333333333333333
2025-01-31,Cybersecurity,FNRN,0.03333333333333333
2025-01-31,Cybersecurity,TRC,0.03333333333333333
2025-01-31,Cybersecurity,AVBH,0.03333333333333333
2025-01-31,Cybersecurity,HCKT,0.03333333333333333
2025-01-31,Cybersecurity,BBSI,0.03333333333333333
2025-01-31,Cybersecurity,AFBI,0.03333333333333333
2025-01-31,Cybersecurity,LSBK,0.03333333333333333
2025-01-31,Cybersecurity,BCAL,0.03333333333333333
2025-01-31,Cybersecurity,VLGEA,0.03333333333333333
2025-01-31,Cybersecurity,NPK,0.03333333333333333
2025-01-31,Cybersecurity,ACCO,0.03333333333333333
2025-01-31,Cybersecurity,IIIV,0.03333333333333333
2025-01-31,Cybersecurity,PBHC,0.03333333333333333
2025-01-31,Cybersecurity,CSV,0.03333333333333333
2025-01-31,Cybersecurity,PD,0.03333333333333333
2025-01-31,Cybersecurity,CAPL,0.03333333333333333
2025-01-31,Cybersecurity,HELE,0.03333333333333333
2025-01-31,Cybersecurity,DHX,0.03333333333333333
2025-01-31,Cybersecurity,THRY,0.03333333333333333
2025-01-31,Cybersecurity,CIVB,0.03333333333333333
2025-01-31,Cybersecurity,SSTK,0.03333333333333333
2025-01-31,Cybersecurity,EGAN,0.03333333333333333
2025-01-31,Cybersecurity,UFI,0.03333333333333333
2025-01-31,Cybersecurity,BRID,0.03333333333333333
2025-01-31,Cybersecurity,CAC,0.03333333333333333
2025-01-31,Cybersecurity,XRN,0.03333333333333333
2025-01-31,Cybersecurity,ZUMZ,0.03333333333333333
2025-01-31,Cybersecurity,AMPH,0.03333333333333333
2025-01-31,Cybersecurity,CRNT,0.03333333333333333
2025-01-31,Cybersecurity,CATO,0.03333333333333333
2025-01-31,Defense,TRC,0.03333333333333333
2025-01-31,Defense,PFX,0.03333333333333333
2025-01-31,Defense,CASS,0.03333333333333333
2025-01-31,Defense,NPK,0.03333333333333333
2025-01-31,Defense,ISBA,0.03333333333333333
2025-01-31,Defense,VLGEA,0.03333333333333333
2025-01-31,Defense,LSBK,0.03333333333333333
2025-01-31,Defense,GBLI,0.03333333333333333
2025-01-31,Defense,BBSI,0.03333333333333333
2025-01-31,Defense,FPI,0.03333333333333333
2025-01-31,Defense,CTO,0.03333333333333333
2025-01-31,Defense,AVBH,0.03333333333333333
2025-01-31,Defense,OXM,0.03333333333333333
2025-01-31,Defense,EPSN,0.03333333333333333
2025-01-31,Defense,WILC,0.03333333333333333
2025-01-31,Defense,NEWT,0.03333333333333333
2025-01-31,Defense,AIV,0.03333333333333333
2025-01-31,Defense,LAND,0.03333333333333333
2025-01-31,Defense,RMAX,0.03333333333333333
2025-01-31,Defense,SITC,0.03333333333333333
2025-01-31,Defense,MGPI,0.03333333333333333
2025-01-31,Defense,BH,0.03333333333333333
2025-01-31,Defense,XRN,0.03333333333333333
2025-01-31,Defense,LND,0.03333333333333333
2025-01-31,Defense,ACNT,0.03333333333333333
2025-01-31,Defense,GNE,0.03333333333333333
2025-01-31,Defense,AMPH,0.03333333333333333
2025-01-31,Defense,GILT,0.03333333333333333
2025-01-31,Defense,DHX,0.03333333333333333
2025-01-31,Defense,ANGO,0.03333333333333333
2025-01-31,Fintech,FXNC,0.03333333333333333
2025-01-31,Fintech,MCFT,0.03333333333333333
2025-01-31,Fintech,CBFV,0.03333333333333333
2025-01-31,Fintech,GLRE,0.03333333333333333
2025-01-31,Fintech,ACCO,0.03333333333333333
2025-01-31,Fintech,CSV,0.03333333333333333
2025-01-31,Fintech,CZWI,0.03333333333333333
2025-01-31,Fintech,CHMG,0.03333333333333333
2025-01-31,Fintech,ITIC,0.03333333333333333
2025-01-31,Fintech,BCAL,0.03333333333333333
2025-01-31,Fintech,FUNC,0.03333333333333333
2025-01-31,Fintech,OVLY,0.03333333333333333
2025-01-31,Fintech,MHNC,0.03333333333333333
2025-01-31,Fintech,UNB,0.03333333333333333
2025-01-31,Fintech,FNWB,0.03333333333333333
2025-01-31,Fintech,DGICA,0.03333333333333333
2025-01-31,Fintech,CFFI,0.03333333333333333
2025-01-31,Fintech,ESCA,0.03333333333333333
2025-01-31,Fintech,HELE,0.03333333333333333
2025-01-31,Fintech,FRAF,0.03333333333333333
2025-01-31,Fintech,OPBK,0.03333333333333333
2025-01-31,Fintech,JRSH,0.03333333333333333
2025-01-31,Fintech,CPF,0.03333333333333333
2025-01-31,Fintech,CBAN,0.03333333333333333
2025-01-31,Fintech,PD,0.03333333333333333
2025-01-31,Fintech,IIIN,0.03333333333333333
2025-01-31,Fintech,SSTK,0.03333333333333333
2025-01-31,Fintech,NOA,0.03333333333333333
2025-01-31,Fintech,MCS,0.03333333333333333
2025-01-31,Fintech,LPRO,0.03333333333333333
2025-01-31,Robotics & AI,CHSCM,0.03333333333333333
2025-01-31,Robotics & AI,CHSCN,0.03333333333333333
2025-01-31,Robotics & AI,LSBK,0.03333333333333333
2025-01-31,Robotics & AI,KE,0.03333333333333333
2025-01-31,Robotics & AI,ACCO,0.03333333333333333
2025-01-31,Robotics & AI,VREX,0.03333333333333333
2025-01-31,Robotics & AI,MRBK,0.03333333333333333
2025-01-31,Robotics & AI,ALRS,0.03333333333333333
2025-01-31,Robotics & AI,PANL,0.03333333333333333
2025-01-31,Robotics & AI,TSBK,0.03333333333333333
2025-01-31,Robotics & AI,FCCO,0.03333333333333333
2025-01-31,Robotics & AI,IIIN,0.03333333333333333
2025-01-31,Robotics & AI,NVEC,0.03333333333333333
2025-01-31,Robotics & AI,MLAB,0.03333333333333333
2025-01-31,Robotics & AI,CMCO,0.03333333333333333
2025-01-31,Robotics & AI,AUDC,0.03333333333333333
2025-01-31,Robotics & AI,RGCO,0.03333333333333333
2025-01-31,Robotics & AI,RMAX,0.03333333333333333
2025-01-31,Robotics & AI,PDLB,0.03333333333333333
2025-01-31,Robotics & AI,XRX,0.03333333333333333
2025-01-31,Robotics & AI,KRO,0.03333333333333333
2025-01-31,Robotics & AI,CHMI,0.03333333333333333
2025-01-31,Robotics & AI,GPRO,0.03333333333333333
2025-01-31,Robotics & AI,PNRG,0.03333333333333333
2025-01-31,Robotics & AI,RDVT,0.03333333333333333
2025-01-31,Robotics & AI,RELL,0.03333333333333333
2025-01-31,Robotics & AI,OEC,0.03333333333333333
2025-01-31,Robotics & AI,KIDS,0.03333333333333333
2025-01-31,Robotics & AI,DMRC,0.03333333333333333
2025-01-31,Robotics & AI,MFA,0.03333333333333333
2025-01-31,Timber & Forestry,PFX,0.03333333333333333
2025-01-31,Timber & Forestry,CGBD,0.03333333333333333
2025-01-31,Timber & Forestry,GHI,0.03333333333333333
2025-01-31,Timber & Forestry,GBLI,0.03333333333333333
2025-01-31,Timber & Forestry,ACCO,0.03333333333333333
2025-01-31,Timber & Forestry,DSWL,0.03333333333333333
2025-01-31,Timber & Forestry,MHNC,0.03333333333333333
2025-01-31,Timber & Forestry,KE,0.03333333333333333
2025-01-31,Timber & Forestry,GAIN,0.03333333333333333
2025-01-31,Timber & Forestry,MAYS,0.03333333333333333
2025-01-31,Timber & Forestry,HRZN,0.03333333333333333
2025-01-31,Timber & Forestry,PKE,0.03333333333333333
2025-01-31,Timber & Forestry,ITIC,0.03333333333333333
2025-01-31,Timber & Forestry,SGA,0.03333333333333333
2025-01-31,Timber & Forestry,HELE,0.03333333333333333
2025-01-31,Timber & Forestry,SSBI,0.03333333333333333
2025-01-31,Timber & Forestry,ACTG,0.03333333333333333
2025-01-31,Timber & Forestry,CAPL,0.03333333333333333
2025-01-31,Timber & Forestry,FPH,0.03333333333333333
2025-01-31,Timber & Forestry,MLAB,0.03333333333333333
2025-01-31,Timber & Forestry,KELYA,0.03333333333333333
2025-01-31,Timber & Forestry,PANL,0.03333333333333333
2025-01-31,Timber & Forestry,VRA,0.03333333333333333
2025-01-31,Timber & Forestry,ANIK,0.03333333333333333
2025-01-31,Timber & Forestry,CHMI,0.03333333333333333
2025-01-31,Timber & Forestry,INSE,0.03333333333333333
2025-01-31,Timber & Forestry,NVEC,0.03333333333333333
2025-01-31,Timber & Forestry,KRO,0.03333333333333333
2025-01-31,Timber & Forestry,UFI,0.03333333333333333
2025-01-31,Timber & Forestry,CMCO,0.03333333333333333
2025-01-31,US Infrastructure,PFX,0.03333333333333333
2025-01-31,US Infrastructure,BBSI,0.03333333333333333
2025-01-31,US Infrastructure,GLRE,0.03333333333333333
2025-01-31,US Infrastructure,GBLI,0.03333333333333333
2025-01-31,US Infrastructure,VLGEA,0.03333333333333333
2025-01-31,US Infrastructure,UNB,0.03333333333333333
2025-01-31,US Infrastructure,APOG,0.03333333333333333
2025-01-31,US Infrastructure,RMAX,0.03333333333333333
2025-01-31,US Infrastructure,WNC,0.03333333333333333
2025-01-31,US Infrastructure,IIIN,0.03333333333333333
2025-01-31,US Infrastructure,NKSH,0.03333333333333333
2025-01-31,US Infrastructure,NVEC,0.03333333333333333
2025-01-31,US Infrastructure,GWRS,0.03333333333333333
2025-01-31,US Infrastructure,XRN,0.03333333333333333
2025-01-31,US Infrastructure,NEWT,0.03333333333333333
2025-01-31,US Infrastructure,STRS,0.03333333333333333
2025-01-31,US Infrastructure,BH,0.03333333333333333
2025-01-31,US Infrastructure,CMCO,0.03333333333333333
2025-01-31,US Infrastructure,AIV,0.03333333333333333
2025-01-31,US Infrastructure,TRNS,0.03333333333333333
2025-01-31,US Infrastructure,TIPT,0.03333333333333333
2025-01-31,US Infrastructure,GNE,0.03333333333333333
2025-01-31,US Infrastructure,VRA,0.03333333333333333
2025-01-31,US Infrastructure,LEGH,0.03333333333333333
2025-01-31,US Infrastructure,RDVT,0.03333333333333333
2025-01-31,US Infrastructure,PPIH,0.03333333333333333
2025-01-31,US Infrastructure,TRAK,0.03333333333333333
2025-01-31,US Infrastructure,OEC,0.03333333333333333
2025-01-31,US Infrastructure,PESI,0.03333333333333333
2025-01-31,US Infrastructure,ARL,0.03333333333333333
2025-01-31,Water,CHSCM,0.03333333333333333
2025-01-31,Water,PFX,0.03333333333333333
2025-01-31,Water,ACCO,0.03333333333333333
2025-01-31,Water,VREX,0.03333333333333333
2025-01-31,Water,WNC,0.03333333333333333
2025-01-31,Water,RMAX,0.03333333333333333
2025-01-31,Water,MLAB,0.03333333333333333
2025-01-31,Water,GWRS,0.03333333333333333
2025-01-31,Water,IIIN,0.03333333333333333
2025-01-31,Water,XRN,0.03333333333333333
2025-01-31,Water,NVEC,0.03333333333333333
2025-01-31,Water,CMCO,0.03333333333333333
2025-01-31,Water,LYTS,0.03333333333333333
2025-01-31,Water,TIPT,0.03333333333333333
2025-01-31,Water,LEGH,0.03333333333333333
2025-01-31,Water,VRA,0.03333333333333333
2025-01-31,Water,RDVT,0.03333333333333333
2025-01-31,Water,LPRO,0.03333333333333333
2025-01-31,Water,SGC,0.03333333333333333
2025-01-31,Water,FOXF,0.03333333333333333
2025-01-31,Water,ASIX,0.03333333333333333
2025-01-31,Water,HY,0.03333333333333333
2025-01-31,Water,OEC,0.03333333333333333
2025-01-31,Water,CWCO,0.03333333333333333
2025-01-31,Water,SRI,0.03333333333333333
2025-01-31,Water,ARL,0.03333333333333333
2025-01-31,Water,SXC,0.03333333333333333
2025-01-31,Water,CVGI,0.03333333333333333
2025-01-31,Water,ASA,0.03333333333333333
2025-01-31,Water,ACH,0.03333333333333333
2025-02-28,AI Infrastructure,CHSCM,0.03333333333333333
2025-02-28,AI Infrastructure,LSBK,0.03333333333333333
2025-02-28,AI Infrastructure,PANL,0.03333333333333333
2025-02-28,AI Infrastructure,MX,0.03333333333333333
2025-02-28,AI Infrastructure,KMDA,0.03333333333333333
2025-02-28,AI Infrastructure,JRSH,0.03333333333333333
2025-02-28,AI Infrastructure,INSE,0.03333333333333333
2025-02-28,AI Infrastructure,RGCO,0.03333333333333333
2025-02-28,AI Infrastructure,AIOT,0.03333333333333333
2025-02-28,AI Infrastructure,NKSH,0.03333333333333333
2025-02-28,AI Infrastructure,DSX,0.03333333333333333
2025-02-28,AI Infrastructure,GLBS,0.03333333333333333
2025-02-28,AI Infrastructure,OEC,0.03333333333333333
2025-02-28,AI Infrastructure,ULBI,0.03333333333333333
2025-02-28,AI Infrastructure,MLAB,0.03333333333333333
2025-02-28,AI Infrastructure,MRAM,0.03333333333333333
2025-02-28,AI Infrastructure,DMRC,0.03333333333333333
2025-02-28,AI Infrastructure,TROX,0.03333333333333333
2025-02-28,AI Infrastructure,MYGN,0.03333333333333333
2025-02-28,AI Infrastructure,CVGI,0.03333333333333333
2025-02-28,AI Infrastructure,ANGO,0.03333333333333333
2025-02-28,AI Infrastructure,SB,0.03333333333333333
2025-02-28,AI Infrastructure,RDVT,0.03333333333333333
2025-02-28,AI Infrastructure,KIDS,0.03333333333333333
2025-02-28,AI Infrastructure,JILL,0.03333333333333333
2025-02-28,AI Infrastructure,AGNT,0.03333333333333333
2025-02-28,AI Infrastructure,ONIT,0.03333333333333333
2025-02-28,AI Infrastructure,TK,0.03333333333333333
2025-02-28,AI Infrastructure,LMB,0.03333333333333333
2025-02-28,AI Infrastructure,GSM,0.03333333333333333
2025-02-28,Agribusiness,TRC,0.03333333333333333
2025-02-28,Agribusiness,PFLT,0.03333333333333333
2025-02-28,Agribusiness,UTMD,0.03333333333333333
2025-02-28,Agribusiness,DSWL,0.03333333333333333
2025-02-28,Agribusiness,GAIN,0.03333333333333333
2025-02-28,Agribusiness,FPI,0.03333333333333333
2025-02-28,Agribusiness,AVBH,0.03333333333333333
2025-02-28,Agribusiness,CODI,0.03333333333333333
2025-02-28,Agribusiness,ITIC,0.03333333333333333
2025-02-28,Agribusiness,OXM,0.03333333333333333
2025-02-28,Agribusiness,MAYS,0.03333333333333333
2025-02-28,Agribusiness,AIV,0.03333333333333333
2025-02-28,Agribusiness,PCYO,0.03333333333333333
2025-02-28,Agribusiness,SITC,0.03333333333333333
2025-02-28,Agribusiness,LAND,0.03333333333333333
2025-02-28,Agribusiness,ETD,0.03333333333333333
2025-02-28,Agribusiness,PBHC,0.03333333333333333
2025-02-28,Agribusiness,ANGO,0.03333333333333333
2025-02-28,Agribusiness,HELE,0.03333333333333333
2025-02-28,Agribusiness,SSBI,0.03333333333333333
2025-02-28,Agribusiness,LND,0.03333333333333333
2025-02-28,Agribusiness,ACNT,0.03333333333333333
2025-02-28,Agribusiness,HY,0.03333333333333333
2025-02-28,Agribusiness,GPRO,0.03333333333333333
2025-02-28,Agribusiness,TITN,0.03333333333333333
2025-02-28,Agribusiness,HAIN,0.03333333333333333
2025-02-28,Agribusiness,GCO,0.03333333333333333
2025-02-28,Agribusiness,MTUS,0.03333333333333333
2025-02-28,Agribusiness,MED,0.03333333333333333
2025-02-28,Agribusiness,SANG,0.03333333333333333
2025-02-28,Clean Energy,CGBD,0.03333333333333333
2025-02-28,Clean Energy,GLAD,0.03333333333333333
2025-02-28,Clean Energy,BBDC,0.03333333333333333
2025-02-28,Clean Energy,CHSCM,0.03333333333333333
2025-02-28,Clean Energy,PFLT,0.03333333333333333
2025-02-28,Clean Energy,GAIN,0.03333333333333333
2025-02-28,Clean Energy,AFBI,0.03333333333333333
2025-02-28,Clean Energy,BVFL,0.03333333333333333
2025-02-28,Clean Energy,GBLI,0.03333333333333333
2025-02-28,Clean Energy,TPVG,0.03333333333333333
2025-02-28,Clean Energy,PNNT,0.03333333333333333
2025-02-28,Clean Energy,PANL,0.03333333333333333
2025-02-28,Clean Energy,EARN,0.03333333333333333
2025-02-28,Clean Energy,NWFL,0.03333333333333333
2025-02-28,Clean Energy,CCOI,0.03333333333333333
2025-02-28,Clean Energy,FPI,0.03333333333333333
2025-02-28,Clean Energy,NEWT,0.03333333333333333
2025-02-28,Clean Energy,RC,0.03333333333333333
2025-02-28,Clean Energy,ISBA,0.03333333333333333
2025-02-28,Clean Energy,HRZN,0.03333333333333333
2025-02-28,Clean Energy,BPRN,0.03333333333333333
2025-02-28,Clean Energy,MRBK,0.03333333333333333
2025-02-28,Clean Energy,OXM,0.03333333333333333
2025-02-28,Clean Energy,NKSH,0.03333333333333333
2025-02-28,Clean Energy,FUSB,0.03333333333333333
2025-02-28,Clean Energy,SITC,0.03333333333333333
2025-02-28,Clean Energy,MAYS,0.03333333333333333
2025-02-28,Clean Energy,NATH,0.03333333333333333
2025-02-28,Clean Energy,CSV,0.03333333333333333
2025-02-28,Clean Energy,STRS,0.03333333333333333
2025-02-28,Critical Minerals,SXC,0.03333333333333333
2025-02-28,Critical Minerals,CAPL,0.03333333333333333
2025-02-28,Critical Minerals,MTUS,0.03333333333333333
2025-02-28,Critical Minerals,GBLI,0.03333333333333333
2025-02-28,Critical Minerals,PANL,0.03333333333333333
2025-02-28,Critical Minerals,TRC,0.03333333333333333
2025-02-28,Critical Minerals,ASA,0.03333333333333333
2025-02-28,Critical Minerals,PNRG,0.03333333333333333
2025-02-28,Critical Minerals,LND,0.03333333333333333
2025-02-28,Critical Minerals,ODV,0.03333333333333333
2025-02-28,Critical Minerals,METC,0.03333333333333333
2025-02-28,Critical Minerals,BAK,0.03333333333333333
2025-02-28,Critical Minerals,ACCO,0.03333333333333333
2025-02-28,Critical Minerals,KRO,0.03333333333333333
2025-02-28,Critical Minerals,NGS,0.03333333333333333
2025-02-28,Critical Minerals,ASIX,0.03333333333333333
2025-02-28,Critical Minerals,LGO,0.03333333333333333
2025-02-28,Critical Minerals,VLGEA,0.03333333333333333
2025-02-28,Critical Minerals,VHI,0.03333333333333333
2025-02-28,Critical Minerals,MLAB,0.03333333333333333
2025-02-28,Critical Minerals,GASS,0.03333333333333333
2025-02-28,Critical Minerals,MRAM,0.03333333333333333
2025-02-28,Critical Minerals,ASYS,0.03333333333333333
2025-02-28,Critical Minerals,EAF,0.03333333333333333
2025-02-28,Critical Minerals,STRS,0.03333333333333333
2025-02-28,Critical Minerals,AREC,0.03333333333333333
2025-02-28,Critical Minerals,ORN,0.03333333333333333
2025-02-28,Critical Minerals,AMRN,0.03333333333333333
2025-02-28,Critical Minerals,DAKT,0.03333333333333333
2025-02-28,Critical Minerals,BWEN,0.03333333333333333
2025-02-28,Cybersecurity,TRC,0.03333333333333333
2025-02-28,Cybersecurity,UTMD,0.03333333333333333
2025-02-28,Cybersecurity,FRPH,0.03333333333333333
2025-02-28,Cybersecurity,LSBK,0.03333333333333333
2025-02-28,Cybersecurity,AFBI,0.03333333333333333
2025-02-28,Cybersecurity,AVBH,0.03333333333333333
2025-02-28,Cybersecurity,BCAL,0.03333333333333333
2025-02-28,Cybersecurity,NPK,0.03333333333333333
2025-02-28,Cybersecurity,HCKT,0.03333333333333333
2025-02-28,Cybersecurity,UNB,0.03333333333333333
2025-02-28,Cybersecurity,CBFV,0.03333333333333333
2025-02-28,Cybersecurity,IIIV,0.03333333333333333
2025-02-28,Cybersecurity,CZWI,0.03333333333333333
2025-02-28,Cybersecurity,FRAF,0.03333333333333333
2025-02-28,Cybersecurity,FCCO,0.03333333333333333
2025-02-28,Cybersecurity,LCNB,0.03333333333333333
2025-02-28,Cybersecurity,FNWB,0.03333333333333333
2025-02-28,Cybersecurity,CFFI,0.03333333333333333
2025-02-28,Cybersecurity,MRBK,0.03333333333333333
2025-02-28,Cybersecurity,CSV,0.03333333333333333
2025-02-28,Cybersecurity,MCFT,0.03333333333333333
2025-02-28,Cybersecurity,HSTM,0.03333333333333333
2025-02-28,Cybersecurity,RMAX,0.03333333333333333
2025-02-28,Cybersecurity,TSBK,0.03333333333333333
2025-02-28,Cybersecurity,PD,0.03333333333333333
2025-02-28,Cybersecurity,NKSH,0.03333333333333333
2025-02-28,Cybersecurity,PEBK,0.03333333333333333
2025-02-28,Cybersecurity,CBAN,0.03333333333333333
2025-02-28,Cybersecurity,CPF,0.03333333333333333
2025-02-28,Cybersecurity,FUNC,0.03333333333333333
2025-02-28,Defense,PFX,0.03333333333333333
2025-02-28,Defense,TRC,0.03333333333333333
2025-02-28,Defense,VLGEA,0.03333333333333333
2025-02-28,Defense,BBSI,0.03333333333333333
2025-02-28,Defense,ISBA,0.03333333333333333
2025-02-28,Defense,CTO,0.03333333333333333
2025-02-28,Defense,NPK,0.03333333333333333
2025-02-28,Defense,AVBH,0.03333333333333333
2025-02-28,Defense,GLRE,0.03333333333333333
2025-02-28,Defense,NEWT,0.03333333333333333
2025-02-28,Defense,EPSN,0.03333333333333333
2025-02-28,Defense,KWY,0.03333333333333333
2025-02-28,Defense,SITC,0.03333333333333333
2025-02-28,Defense,NTWK,0.03333333333333333
2025-02-28,Defense,ULH,0.03333333333333333
2025-02-28,Defense,MGPI,0.03333333333333333
2025-02-28,Defense,WILC,0.03333333333333333
2025-02-28,Defense,AIV,0.03333333333333333
2025-02-28,Defense,RMAX,0.03333333333333333
2025-02-28,Defense,LAND,0.03333333333333333
2025-02-28,Defense,LYTS,0.03333333333333333
2025-02-28,Defense,MOV,0.03333333333333333
2025-02-28,Defense,EIG,0.03333333333333333
2025-02-28,Defense,PD,0.03333333333333333
2025-02-28,Defense,OPBK,0.03333333333333333
2025-02-28,Defense,ACNT,0.03333333333333333
2025-02-28,Defense,MLAB,0.03333333333333333
2025-02-28,Defense,CMCO,0.03333333333333333
2025-02-28,Defense,TRNS,0.03333333333333333
2025-02-28,Defense,ANGO,0.03333333333333333
2025-02-28,Fintech,NODK,0.03333333333333333
2025-02-28,Fintech,FXNC,0.03333333333333333
2025-02-28,Fintech,FRPH,0.03333333333333333
2025-02-28,Fintech,CBFV,0.03333333333333333
2025-02-28,Fintech,ACCO,0.03333333333333333
2025-02-28,Fintech,MHLA,0.03333333333333333
2025-02-28,Fintech,CZWI,0.03333333333333333
2025-02-28,Fintech,PCB,0.03333333333333333
2025-02-28,Fintech,UNB,0.03333333333333333
2025-02-28,Fintech,CHMG,0.03333333333333333
2025-02-28,Fintech,MHNC,0.03333333333333333
2025-02-28,Fintech,BCAL,0.03333333333333333
2025-02-28,Fintech,MCFT,0.03333333333333333
2025-02-28,Fintech,OVLY,0.03333333333333333
2025-02-28,Fintech,FNWB,0.03333333333333333
2025-02-28,Fintech,FRAF,0.03333333333333333
2025-02-28,Fintech,ESCA,0.03333333333333333
2025-02-28,Fintech,HCKT,0.03333333333333333
2025-02-28,Fintech,IIIV,0.03333333333333333
2025-02-28,Fintech,CCBG,0.03333333333333333
2025-02-28,Fintech,DGICA,0.03333333333333333
2025-02-28,Fintech,FCCO,0.03333333333333333
2025-02-28,Fintech,CFFI,0.03333333333333333
2025-02-28,Fintech,MCS,0.03333333333333333
2025-02-28,Fintech,CSV,0.03333333333333333
2025-02-28,Fintech,HSTM,0.03333333333333333
2025-02-28,Fintech,FUNC,0.03333333333333333
2025-02-28,Fintech,CPF,0.03333333333333333
2025-02-28,Fintech,CBAN,0.03333333333333333
2025-02-28,Fintech,PDLB,0.03333333333333333
2025-02-28,Robotics & AI,CHSCM,0.03333333333333333
2025-02-28,Robotics & AI,CHSCN,0.03333333333333333
2025-02-28,Robotics & AI,UTMD,0.03333333333333333
2025-02-28,Robotics & AI,LSBK,0.03333333333333333
2025-02-28,Robotics & AI,ACCO,0.03333333333333333
2025-02-28,Robotics & AI,GPJA,0.03333333333333333
2025-02-28,Robotics & AI,KE,0.03333333333333333
2025-02-28,Robotics & AI,ATLO,0.03333333333333333
2025-02-28,Robotics & AI,BVFL,0.03333333333333333
2025-02-28,Robotics & AI,NWFL,0.03333333333333333
2025-02-28,Robotics & AI,PANL,0.03333333333333333
2025-02-28,Robotics & AI,VREX,0.03333333333333333
2025-02-28,Robotics & AI,FCCO,0.03333333333333333
2025-02-28,Robotics & AI,NECB,0.03333333333333333
2025-02-28,Robotics & AI,CWBC,0.03333333333333333
2025-02-28,Robotics & AI,TSBK,0.03333333333333333
2025-02-28,Robotics & AI,ALRS,0.03333333333333333
2025-02-28,Robotics & AI,EBMT,0.03333333333333333
2025-02-28,Robotics & AI,AUDC,0.03333333333333333
2025-02-28,Robotics & AI,RGCO,0.03333333333333333
2025-02-28,Robotics & AI,NVEC,0.03333333333333333
2025-02-28,Robotics & AI,BSVN,0.03333333333333333
2025-02-28,Robotics & AI,WTBA,0.03333333333333333
2025-02-28,Robotics & AI,KRO,0.03333333333333333
2025-02-28,Robotics & AI,IIIN,0.03333333333333333
2025-02-28,Robotics & AI,PDLB,0.03333333333333333
2025-02-28,Robotics & AI,MLAB,0.03333333333333333
2025-02-28,Robotics & AI,WNC,0.03333333333333333
2025-02-28,Robotics & AI,FOXF,0.03333333333333333
2025-02-28,Robotics & AI,GPRO,0.03333333333333333
2025-02-28,Timber & Forestry,PFX,0.03333333333333333
2025-02-28,Timber & Forestry,CHSCN,0.03333333333333333
2025-02-28,Timber & Forestry,CHSCM,0.03333333333333333
2025-02-28,Timber & Forestry,GBLI,0.03333333333333333
2025-02-28,Timber & Forestry,UTMD,0.03333333333333333
2025-02-28,Timber & Forestry,ACCO,0.03333333333333333
2025-02-28,Timber & Forestry,GPJA,0.03333333333333333
2025-02-28,Timber & Forestry,DSWL,0.03333333333333333
2025-02-28,Timber & Forestry,NODK,0.03333333333333333
2025-02-28,Timber & Forestry,KE,0.03333333333333333
2025-02-28,Timber & Forestry,GECC,0.03333333333333333
2025-02-28,Timber & Forestry,MAYS,0.03333333333333333
2025-02-28,Timber & Forestry,PKE,0.03333333333333333
2025-02-28,Timber & Forestry,GAIN,0.03333333333333333
2025-02-28,Timber & Forestry,USNA,0.03333333333333333
2025-02-28,Timber & Forestry,CAPL,0.03333333333333333
2025-02-28,Timber & Forestry,RVSB,0.03333333333333333
2025-02-28,Timber & Forestry,RM,0.03333333333333333
2025-02-28,Timber & Forestry,BVFL,0.03333333333333333
2025-02-28,Timber & Forestry,FC,0.03333333333333333
2025-02-28,Timber & Forestry,HELE,0.03333333333333333
2025-02-28,Timber & Forestry,FPH,0.03333333333333333
2025-02-28,Timber & Forestry,OXM,0.03333333333333333
2025-02-28,Timber & Forestry,CODI,0.03333333333333333
2025-02-28,Timber & Forestry,HY,0.03333333333333333
2025-02-28,Timber & Forestry,ANIK,0.03333333333333333
2025-02-28,Timber & Forestry,VRA,0.03333333333333333
2025-02-28,Timber & Forestry,NX,0.03333333333333333
2025-02-28,Timber & Forestry,SSBI,0.03333333333333333
2025-02-28,Timber & Forestry,PANL,0.03333333333333333
2025-02-28,US Infrastructure,PFX,0.03333333333333333
2025-02-28,US Infrastructure,VLGEA,0.03333333333333333
2025-02-28,US Infrastructure,BBSI,0.03333333333333333
2025-02-28,US Infrastructure,GLRE,0.03333333333333333
2025-02-28,US Infrastructure,GBLI,0.03333333333333333
2025-02-28,US Infrastructure,RMAX,0.03333333333333333
2025-02-28,US Infrastructure,GWRS,0.03333333333333333
2025-02-28,US Infrastructure,WNC,0.03333333333333333
2025-02-28,US Infrastructure,NVEC,0.03333333333333333
2025-02-28,US Infrastructure,IIIN,0.03333333333333333
2025-02-28,US Infrastructure,STRS,0.03333333333333333
2025-02-28,US Infrastructure,FOXF,0.03333333333333333
2025-02-28,US Infrastructure,TRNS,0.03333333333333333
2025-02-28,US Infrastructure,CMCO,0.03333333333333333
2025-02-28,US Infrastructure,HY,0.03333333333333333
2025-02-28,US Infrastructure,VRA,0.03333333333333333
2025-02-28,US Infrastructure,LEGH,0.03333333333333333
2025-02-28,US Infrastructure,ASIX,0.03333333333333333
2025-02-28,US Infrastructure,TIPT,0.03333333333333333
2025-02-28,US Infrastructure,OEC,0.03333333333333333
2025-02-28,US Infrastructure,PESI,0.03333333333333333
2025-02-28,US Infrastructure,PKOH,0.03333333333333333
2025-02-28,US Infrastructure,CVGI,0.03333333333333333
2025-02-28,US Infrastructure,SXC,0.03333333333333333
2025-02-28,US Infrastructure,ARVN,0.03333333333333333
2025-02-28,US Infrastructure,ARL,0.03333333333333333
2025-02-28,US Infrastructure,MRAM,0.03333333333333333
2025-02-28,US Infrastructure,ODV,0.03333333333333333
2025-02-28,US Infrastructure,HDSN,0.03333333333333333
2025-02-28,US Infrastructure,CVV,0.03333333333333333
2025-02-28,Water,VLGEA,0.03333333333333333
2025-02-28,Water,FRPH,0.03333333333333333
2025-02-28,Water,GLRE,0.03333333333333333
2025-02-28,Water,BBSI,0.03333333333333333
2025-02-28,Water,RGCO,0.03333333333333333
2025-02-28,Water,GWRS,0.03333333333333333
2025-02-28,Water,HSTM,0.03333333333333333
2025-02-28,Water,RMAX,0.03333333333333333
2025-02-28,Water,BWFG,0.03333333333333333
2025-02-28,Water,ETD,0.03333333333333333
2025-02-28,Water,UNB,0.03333333333333333
2025-02-28,Water,ACCO,0.03333333333333333
2025-02-28,Water,XRN,0.03333333333333333
2025-02-28,Water,AIV,0.03333333333333333
2025-02-28,Water,NKSH,0.03333333333333333
2025-02-28,Water,ARTNA,0.03333333333333333
2025-02-28,Water,EIG,0.03333333333333333
2025-02-28,Water,MCFT,0.03333333333333333
2025-02-28,Water,MLAB,0.03333333333333333
2025-02-28,Water,BSVN,0.03333333333333333
2025-02-28,Water,ANGO,0.03333333333333333
2025-02-28,Water,WNC,0.03333333333333333
2025-02-28,Water,STRS,0.03333333333333333
2025-02-28,Water,IIIN,0.03333333333333333
2025-02-28,Water,NVEC,0.03333333333333333
2025-02-28,Water,ULH,0.03333333333333333
2025-02-28,Water,CMCO,0.03333333333333333
2025-02-28,Water,FOXF,0.03333333333333333
2025-02-28,Water,LYTS,0.03333333333333333
2025-02-28,Water,VRA,0.03333333333333333
2025-03-28,AI Infrastructure,JRSH,0.03333333333333333
2025-03-28,AI Infrastructure,LSBK,0.03333333333333333
2025-03-28,AI Infrastructure,PANL,0.03333333333333333
2025-03-28,AI Infrastructure,KMDA,0.03333333333333333
2025-03-28,AI Infrastructure,XRX,0.03333333333333333
2025-03-28,AI Infrastructure,PAMT,0.03333333333333333
2025-03-28,AI Infrastructure,MX,0.03333333333333333
2025-03-28,AI Infrastructure,EML,0.03333333333333333
2025-03-28,AI Infrastructure,NVEC,0.03333333333333333
2025-03-28,AI Infrastructure,FOXF,0.03333333333333333
2025-03-28,AI Infrastructure,GPRO,0.03333333333333333
2025-03-28,AI Infrastructure,ALRS,0.03333333333333333
2025-03-28,AI Infrastructure,FTLF,0.03333333333333333
2025-03-28,AI Infrastructure,RELL,0.03333333333333333
2025-03-28,AI Infrastructure,QUIK,0.03333333333333333
2025-03-28,AI Infrastructure,KELYA,0.03333333333333333
2025-03-28,AI Infrastructure,AUDC,0.03333333333333333
2025-03-28,AI Infrastructure,AGNT,0.03333333333333333
2025-03-28,AI Infrastructure,VRA,0.03333333333333333
2025-03-28,AI Infrastructure,DSX,0.03333333333333333
2025-03-28,AI Infrastructure,OEC,0.03333333333333333
2025-03-28,AI Infrastructure,RGCO,0.03333333333333333
2025-03-28,AI Infrastructure,ULBI,0.03333333333333333
2025-03-28,AI Infrastructure,AIOT,0.03333333333333333
2025-03-28,AI Infrastructure,MYGN,0.03333333333333333
2025-03-28,AI Infrastructure,TROX,0.03333333333333333
2025-03-28,AI Infrastructure,DMRC,0.03333333333333333
2025-03-28,AI Infrastructure,TBCH,0.03333333333333333
2025-03-28,AI Infrastructure,SB,0.03333333333333333
2025-03-28,AI Infrastructure,SOTK,0.03333333333333333
2025-03-28,Agribusiness,TRC,0.03333333333333333
2025-03-28,Agribusiness,PFX,0.03333333333333333
2025-03-28,Agribusiness,FPI,0.03333333333333333
2025-03-28,Agribusiness,OXM,0.03333333333333333
2025-03-28,Agribusiness,UTMD,0.03333333333333333
2025-03-28,Agribusiness,VLGEA,0.03333333333333333
2025-03-28,Agribusiness,MAYS,0.03333333333333333
2025-03-28,Agribusiness,ETD,0.03333333333333333
2025-03-28,Agribusiness,JACK,0.03333333333333333
2025-03-28,Agribusiness,LAND,0.03333333333333333
2025-03-28,Agribusiness,LND,0.03333333333333333
2025-03-28,Agribusiness,ASLE,0.03333333333333333
2025-03-28,Agribusiness,MGPI,0.03333333333333333
2025-03-28,Agribusiness,FOXF,0.03333333333333333
2025-03-28,Agribusiness,KIDS,0.03333333333333333
2025-03-28,Agribusiness,ARTNA,0.03333333333333333
2025-03-28,Agribusiness,ACNT,0.03333333333333333
2025-03-28,Agribusiness,VRA,0.03333333333333333
2025-03-28,Agribusiness,ASIX,0.03333333333333333
2025-03-28,Agribusiness,RELL,0.03333333333333333
2025-03-28,Agribusiness,CMCO,0.03333333333333333
2025-03-28,Agribusiness,ANGO,0.03333333333333333
2025-03-28,Agribusiness,AMPH,0.03333333333333333
2025-03-28,Agribusiness,MTUS,0.03333333333333333
2025-03-28,Agribusiness,NC,0.03333333333333333
2025-03-28,Agribusiness,TWI,0.03333333333333333
2025-03-28,Agribusiness,AIRT,0.03333333333333333
2025-03-28,Agribusiness,SHOE,0.03333333333333333
2025-03-28,Agribusiness,CAL,0.03333333333333333
2025-03-28,Agribusiness,SXC,0.03333333333333333
2025-03-28,Clean Energy,CGBD,0.03333333333333333
2025-03-28,Clean Energy,GLAD,0.03333333333333333
2025-03-28,Clean Energy,BBDC,0.03333333333333333
2025-03-28,Clean Energy,GAIN,0.03333333333333333
2025-03-28,Clean Energy,PFLT,0.03333333333333333
2025-03-28,Clean Energy,HVT,0.03333333333333333
2025-03-28,Clean Energy,TPVG,0.03333333333333333
2025-03-28,Clean Energy,UTMD,0.03333333333333333
2025-03-28,Clean Energy,CODI,0.03333333333333333
2025-03-28,Clean Energy,FPI,0.03333333333333333
2025-03-28,Clean Energy,ACTG,0.03333333333333333
2025-03-28,Clean Energy,OXM,0.03333333333333333
2025-03-28,Clean Energy,PNNT,0.03333333333333333
2025-03-28,Clean Energy,CCOI,0.03333333333333333
2025-03-28,Clean Energy,NWFL,0.03333333333333333
2025-03-28,Clean Energy,AFBI,0.03333333333333333
2025-03-28,Clean Energy,MAYS,0.03333333333333333
2025-03-28,Clean Energy,VREX,0.03333333333333333
2025-03-28,Clean Energy,BVFL,0.03333333333333333
2025-03-28,Clean Energy,ATLO,0.03333333333333333
2025-03-28,Clean Energy,KE,0.03333333333333333
2025-03-28,Clean Energy,NATH,0.03333333333333333
2025-03-28,Clean Energy,HRZN,0.03333333333333333
2025-03-28,Clean Energy,NKSH,0.03333333333333333
2025-03-28,Clean Energy,PBHC,0.03333333333333333
2025-03-28,Clean Energy,DSWL,0.03333333333333333
2025-03-28,Clean Energy,NEWT,0.03333333333333333
2025-03-28,Clean Energy,CAPL,0.03333333333333333
2025-03-28,Clean Energy,VABK,0.03333333333333333
2025-03-28,Clean Energy,FUSB,0.03333333333333333
2025-03-28,Critical Minerals,GBLI,0.03333333333333333
2025-03-28,Critical Minerals,CAPL,0.03333333333333333
2025-03-28,Critical Minerals,MTUS,0.03333333333333333
2025-03-28,Critical Minerals,LND,0.03333333333333333
2025-03-28,Critical Minerals,SXC,0.03333333333333333
2025-03-28,Critical Minerals,ACCO,0.03333333333333333
2025-03-28,Critical Minerals,FPI,0.03333333333333333
2025-03-28,Critical Minerals,LYTS,0.03333333333333333
2025-03-28,Critical Minerals,HELE,0.03333333333333333
2025-03-28,Critical Minerals,PANL,0.03333333333333333
2025-03-28,Critical Minerals,DSWL,0.03333333333333333
2025-03-28,Critical Minerals,OXM,0.03333333333333333
2025-03-28,Critical Minerals,STRS,0.03333333333333333
2025-03-28,Critical Minerals,METC,0.03333333333333333
2025-03-28,Critical Minerals,ODV,0.03333333333333333
2025-03-28,Critical Minerals,ASYS,0.03333333333333333
2025-03-28,Critical Minerals,KRO,0.03333333333333333
2025-03-28,Critical Minerals,ASIX,0.03333333333333333
2025-03-28,Critical Minerals,BAK,0.03333333333333333
2025-03-28,Critical Minerals,OSPN,0.03333333333333333
2025-03-28,Critical Minerals,TWI,0.03333333333333333
2025-03-28,Critical Minerals,ASA,0.03333333333333333
2025-03-28,Critical Minerals,USNA,0.03333333333333333
2025-03-28,Critical Minerals,GSM,0.03333333333333333
2025-03-28,Critical Minerals,KE,0.03333333333333333
2025-03-28,Critical Minerals,HY,0.03333333333333333
2025-03-28,Critical Minerals,TROX,0.03333333333333333
2025-03-28,Critical Minerals,PNRG,0.03333333333333333
2025-03-28,Critical Minerals,NUS,0.03333333333333333
2025-03-28,Critical Minerals,VHI,0.03333333333333333
2025-03-28,Cybersecurity,UTMD,0.03333333333333333
2025-03-28,Cybersecurity,FRPH,0.03333333333333333
2025-03-28,Cybersecurity,TRC,0.03333333333333333
2025-03-28,Cybersecurity,CBFV,0.03333333333333333
2025-03-28,Cybersecurity,AFBI,0.03333333333333333
2025-03-28,Cybersecurity,NPK,0.03333333333333333
2025-03-28,Cybersecurity,NODK,0.03333333333333333
2025-03-28,Cybersecurity,AVBH,0.03333333333333333
2025-03-28,Cybersecurity,VLGEA,0.03333333333333333
2025-03-28,Cybersecurity,FRAF,0.03333333333333333
2025-03-28,Cybersecurity,MHLA,0.03333333333333333
2025-03-28,Cybersecurity,CWBC,0.03333333333333333
2025-03-28,Cybersecurity,CTO,0.03333333333333333
2025-03-28,Cybersecurity,UNB,0.03333333333333333
2025-03-28,Cybersecurity,HCKT,0.03333333333333333
2025-03-28,Cybersecurity,NECB,0.03333333333333333
2025-03-28,Cybersecurity,MCFT,0.03333333333333333
2025-03-28,Cybersecurity,IIIV,0.03333333333333333
2025-03-28,Cybersecurity,BWFG,0.03333333333333333
2025-03-28,Cybersecurity,APOG,0.03333333333333333
2025-03-28,Cybersecurity,BRT,0.03333333333333333
2025-03-28,Cybersecurity,BPRN,0.03333333333333333
2025-03-28,Cybersecurity,PCB,0.03333333333333333
2025-03-28,Cybersecurity,CHMG,0.03333333333333333
2025-03-28,Cybersecurity,PD,0.03333333333333333
2025-03-28,Cybersecurity,ALRS,0.03333333333333333
2025-03-28,Cybersecurity,CCBG,0.03333333333333333
2025-03-28,Cybersecurity,FCCO,0.03333333333333333
2025-03-28,Cybersecurity,PEBK,0.03333333333333333
2025-03-28,Cybersecurity,BFS,0.03333333333333333
2025-03-28,Defense,PFX,0.03333333333333333
2025-03-28,Defense,VLGEA,0.03333333333333333
2025-03-28,Defense,CTO,0.03333333333333333
2025-03-28,Defense,HVT,0.03333333333333333
2025-03-28,Defense,ISBA,0.03333333333333333
2025-03-28,Defense,NPK,0.03333333333333333
2025-03-28,Defense,LOCO,0.03333333333333333
2025-03-28,Defense,EPSN,0.03333333333333333
2025-03-28,Defense,NTWK,0.03333333333333333
2025-03-28,Defense,NEWT,0.03333333333333333
2025-03-28,Defense,SITC,0.03333333333333333
2025-03-28,Defense,LYTS,0.03333333333333333
2025-03-28,Defense,KWY,0.03333333333333333
2025-03-28,Defense,AIV,0.03333333333333333
2025-03-28,Defense,BH,0.03333333333333333
2025-03-28,Defense,RMAX,0.03333333333333333
2025-03-28,Defense,ULH,0.03333333333333333
2025-03-28,Defense,TRNS,0.03333333333333333
2025-03-28,Defense,FUSB,0.03333333333333333
2025-03-28,Defense,MLAB,0.03333333333333333
2025-03-28,Defense,WNC,0.03333333333333333
2025-03-28,Defense,NKSH,0.03333333333333333
2025-03-28,Defense,CMCO,0.03333333333333333
2025-03-28,Defense,ACNT,0.03333333333333333
2025-03-28,Defense,MGPI,0.03333333333333333
2025-03-28,Defense,LAND,0.03333333333333333
2025-03-28,Defense,RELL,0.03333333333333333
2025-03-28,Defense,GNE,0.03333333333333333
2025-03-28,Defense,PDEX,0.03333333333333333
2025-03-28,Defense,DSX,0.03333333333333333
2025-03-28,Fintech,FRPH,0.03333333333333333
2025-03-28,Fintech,UTMD,0.03333333333333333
2025-03-28,Fintech,MCFT,0.03333333333333333
2025-03-28,Fintech,LARK,0.03333333333333333
2025-03-28,Fintech,ACCO,0.03333333333333333
2025-03-28,Fintech,DSWL,0.03333333333333333
2025-03-28,Fintech,BCAL,0.03333333333333333
2025-03-28,Fintech,CFBK,0.03333333333333333
2025-03-28,Fintech,HCKT,0.03333333333333333
2025-03-28,Fintech,CZWI,0.03333333333333333
2025-03-28,Fintech,FRAF,0.03333333333333333
2025-03-28,Fintech,HSTM,0.03333333333333333
2025-03-28,Fintech,IIIV,0.03333333333333333
2025-03-28,Fintech,FCCO,0.03333333333333333
2025-03-28,Fintech,MCS,0.03333333333333333
2025-03-28,Fintech,LYTS,0.03333333333333333
2025-03-28,Fintech,FEIM,0.03333333333333333
2025-03-28,Fintech,PD,0.03333333333333333
2025-03-28,Fintech,FUNC,0.03333333333333333
2025-03-28,Fintech,NRIM,0.03333333333333333
2025-03-28,Fintech,NUS,0.03333333333333333
2025-03-28,Fintech,CFFI,0.03333333333333333
2025-03-28,Fintech,SSTK,0.03333333333333333
2025-03-28,Fintech,MTLS,0.03333333333333333
2025-03-28,Fintech,UNTY,0.03333333333333333
2025-03-28,Fintech,SSYS,0.03333333333333333
2025-03-28,Fintech,PDEX,0.03333333333333333
2025-03-28,Fintech,ZUMZ,0.03333333333333333
2025-03-28,Fintech,OSPN,0.03333333333333333
2025-03-28,Fintech,CNDT,0.03333333333333333
2025-03-28,Robotics & AI,CHSCM,0.03333333333333333
2025-03-28,Robotics & AI,CHSCN,0.03333333333333333
2025-03-28,Robotics & AI,UTMD,0.03333333333333333
2025-03-28,Robotics & AI,LSBK,0.03333333333333333
2025-03-28,Robotics & AI,ATLO,0.03333333333333333
2025-03-28,Robotics & AI,KE,0.03333333333333333
2025-03-28,Robotics & AI,ACCO,0.03333333333333333
2025-03-28,Robotics & AI,ALRS,0.03333333333333333
2025-03-28,Robotics & AI,NWFL,0.03333333333333333
2025-03-28,Robotics & AI,GPRO,0.03333333333333333
2025-03-28,Robotics & AI,BVFL,0.03333333333333333
2025-03-28,Robotics & AI,CWBC,0.03333333333333333
2025-03-28,Robotics & AI,VREX,0.03333333333333333
2025-03-28,Robotics & AI,NECB,0.03333333333333333
2025-03-28,Robotics & AI,FCCO,0.03333333333333333
2025-03-28,Robotics & AI,EML,0.03333333333333333
2025-03-28,Robotics & AI,MNSB,0.03333333333333333
2025-03-28,Robotics & AI,TSBK,0.03333333333333333
2025-03-28,Robotics & AI,PANL,0.03333333333333333
2025-03-28,Robotics & AI,EBMT,0.03333333333333333
2025-03-28,Robotics & AI,PAMT,0.03333333333333333
2025-03-28,Robotics & AI,CBNK,0.03333333333333333
2025-03-28,Robotics & AI,AUDC,0.03333333333333333
2025-03-28,Robotics & AI,WTBA,0.03333333333333333
2025-03-28,Robotics & AI,PBHC,0.03333333333333333
2025-03-28,Robotics & AI,RGCO,0.03333333333333333
2025-03-28,Robotics & AI,BSVN,0.03333333333333333
2025-03-28,Robotics & AI,NVEC,0.03333333333333333
2025-03-28,Robotics & AI,IIIN,0.03333333333333333
2025-03-28,Robotics & AI,PDLB,0.03333333333333333
2025-03-28,Timber & Forestry,PFX,0.03333333333333333
2025-03-28,Timber & Forestry,GLAD,0.03333333333333333
2025-03-28,Timber & Forestry,GBLI,0.03333333333333333
2025-03-28,Timber & Forestry,CGBD,0.03333333333333333
2025-03-28,Timber & Forestry,PFLT,0.03333333333333333
2025-03-28,Timber & Forestry,TRC,0.03333333333333333
2025-03-28,Timber & Forestry,GAIN,0.03333333333333333
2025-03-28,Timber & Forestry,MHLA,0.03333333333333333
2025-03-28,Timber & Forestry,CCOI,0.03333333333333333
2025-03-28,Timber & Forestry,PNNT,0.03333333333333333
2025-03-28,Timber & Forestry,NODK,0.03333333333333333
2025-03-28,Timber & Forestry,GECC,0.03333333333333333
2025-03-28,Timber & Forestry,MHNC,0.03333333333333333
2025-03-28,Timber & Forestry,ACCO,0.03333333333333333
2025-03-28,Timber & Forestry,EBF,0.03333333333333333
2025-03-28,Timber & Forestry,APOG,0.03333333333333333
2025-03-28,Timber & Forestry,ITIC,0.03333333333333333
2025-03-28,Timber & Forestry,PKE,0.03333333333333333
2025-03-28,Timber & Forestry,USNA,0.03333333333333333
2025-03-28,Timber & Forestry,EML,0.03333333333333333
2025-03-28,Timber & Forestry,MAYS,0.03333333333333333
2025-03-28,Timber & Forestry,NATH,0.03333333333333333
2025-03-28,Timber & Forestry,FPH,0.03333333333333333
2025-03-28,Timber & Forestry,CAPL,0.03333333333333333
2025-03-28,Timber & Forestry,KE,0.03333333333333333
2025-03-28,Timber & Forestry,ACTG,0.03333333333333333
2025-03-28,Timber & Forestry,FC,0.03333333333333333
2025-03-28,Timber & Forestry,RVSB,0.03333333333333333
2025-03-28,Timber & Forestry,ELME,0.03333333333333333
2025-03-28,Timber & Forestry,ATLO,0.03333333333333333
2025-03-28,US Infrastructure,PFX,0.03333333333333333
2025-03-28,US Infrastructure,GLRE,0.03333333333333333
2025-03-28,US Infrastructure,VLGEA,0.03333333333333333
2025-03-28,US Infrastructure,BBSI,0.03333333333333333
2025-03-28,US Infrastructure,PKE,0.03333333333333333
2025-03-28,US Infrastructure,ACCO,0.03333333333333333
2025-03-28,US Infrastructure,APOG,0.03333333333333333
2025-03-28,US Infrastructure,CTO,0.03333333333333333
2025-03-28,US Infrastructure,MNRO,0.03333333333333333
2025-03-28,US Infrastructure,RMAX,0.03333333333333333
2025-03-28,US Infrastructure,BRT,0.03333333333333333
2025-03-28,US Infrastructure,NEWT,0.03333333333333333
2025-03-28,US Infrastructure,GWRS,0.03333333333333333
2025-03-28,US Infrastructure,IIIN,0.03333333333333333
2025-03-28,US Infrastructure,BSVN,0.03333333333333333
2025-03-28,US Infrastructure,BH,0.03333333333333333
2025-03-28,US Infrastructure,XRN,0.03333333333333333
2025-03-28,US Infrastructure,WNC,0.03333333333333333
2025-03-28,US Infrastructure,NVEC,0.03333333333333333
2025-03-28,US Infrastructure,STRS,0.03333333333333333
2025-03-28,US Infrastructure,HY,0.03333333333333333
2025-03-28,US Infrastructure,TRNS,0.03333333333333333
2025-03-28,US Infrastructure,VRA,0.03333333333333333
2025-03-28,US Infrastructure,CMCO,0.03333333333333333
2025-03-28,US Infrastructure,KRO,0.03333333333333333
2025-03-28,US Infrastructure,LEGH,0.03333333333333333
2025-03-28,US Infrastructure,PKOH,0.03333333333333333
2025-03-28,US Infrastructure,SMC,0.03333333333333333
2025-03-28,US Infrastructure,SRI,0.03333333333333333
2025-03-28,US Infrastructure,TWIN,0.03333333333333333
2025-03-28,Water,TRC,0.03333333333333333
2025-03-28,Water,GLRE,0.03333333333333333
2025-03-28,Water,VLGEA,0.03333333333333333
2025-03-28,Water,FRPH,0.03333333333333333
2025-03-28,Water,BBSI,0.03333333333333333
2025-03-28,Water,RGCO,0.03333333333333333
2025-03-28,Water,GWRS,0.03333333333333333
2025-03-28,Water,HSTM,0.03333333333333333
2025-03-28,Water,ACCO,0.03333333333333333
2025-03-28,Water,RMAX,0.03333333333333333
2025-03-28,Water,ARTNA,0.03333333333333333
2025-03-28,Water,XRN,0.03333333333333333
2025-03-28,Water,MLAB,0.03333333333333333
2025-03-28,Water,NKSH,0.03333333333333333
2025-03-28,Water,DLHC,0.03333333333333333
2025-03-28,Water,IIIN,0.03333333333333333
2025-03-28,Water,NVEC,0.03333333333333333
2025-03-28,Water,STRS,0.03333333333333333
2025-03-28,Water,UTL,0.03333333333333333
2025-03-28,Water,KIDS,0.03333333333333333
2025-03-28,Water,WNC,0.03333333333333333
2025-03-28,Water,FOXF,0.03333333333333333
2025-03-28,Water,VRA,0.03333333333333333
2025-03-28,Water,CMCO,0.03333333333333333
2025-03-28,Water,PAMT,0.03333333333333333
2025-03-28,Water,TIPT,0.03333333333333333
2025-03-28,Water,OFIX,0.03333333333333333
2025-03-28,Water,LEGH,0.03333333333333333
2025-03-28,Water,TRNS,0.03333333333333333
2025-03-28,Water,ANGO,0.03333333333333333
2025-04-25,AI Infrastructure,PANL,0.03333333333333333
2025-04-25,AI Infrastructure,EFSI,0.03333333333333333
2025-04-25,AI Infrastructure,CHSCM,0.03333333333333333
2025-04-25,AI Infrastructure,CHSCN,0.03333333333333333
2025-04-25,AI Infrastructure,LSBK,0.03333333333333333
2025-04-25,AI Infrastructure,KMDA,0.03333333333333333
2025-04-25,AI Infrastructure,KE,0.03333333333333333
2025-04-25,AI Infrastructure,ALRS,0.03333333333333333
2025-04-25,AI Infrastructure,MRBK,0.03333333333333333
2025-04-25,AI Infrastructure,NVEC,0.03333333333333333
2025-04-25,AI Infrastructure,EML,0.03333333333333333
2025-04-25,AI Infrastructure,MNSB,0.03333333333333333
2025-04-25,AI Infrastructure,XRX,0.03333333333333333
2025-04-25,AI Infrastructure,QUIK,0.03333333333333333
2025-04-25,AI Infrastructure,CMCO,0.03333333333333333
2025-04-25,AI Infrastructure,AUDC,0.03333333333333333
2025-04-25,AI Infrastructure,GPRO,0.03333333333333333
2025-04-25,AI Infrastructure,TSBK,0.03333333333333333
2025-04-25,AI Infrastructure,FCCO,0.03333333333333333
2025-04-25,AI Infrastructure,MX,0.03333333333333333
2025-04-25,AI Infrastructure,NECB,0.03333333333333333
2025-04-25,AI Infrastructure,IIIN,0.03333333333333333
2025-04-25,AI Infrastructure,PAMT,0.03333333333333333
2025-04-25,AI Infrastructure,NKSH,0.03333333333333333
2025-04-25,AI Infrastructure,FTLF,0.03333333333333333
2025-04-25,AI Infrastructure,AIOT,0.03333333333333333
2025-04-25,AI Infrastructure,VREX,0.03333333333333333
2025-04-25,AI Infrastructure,SB,0.03333333333333333
2025-04-25,AI Infrastructure,DSX,0.03333333333333333
2025-04-25,AI Infrastructure,OEC,0.03333333333333333
2025-04-25,Agribusiness,TRC,0.03333333333333333
2025-04-25,Agribusiness,OXM,0.03333333333333333
2025-04-25,Agribusiness,JACK,0.03333333333333333
2025-04-25,Agribusiness,LND,0.03333333333333333
2025-04-25,Agribusiness,SITC,0.03333333333333333
2025-04-25,Agribusiness,LAND,0.03333333333333333
2025-04-25,Agribusiness,SSBI,0.03333333333333333
2025-04-25,Agribusiness,KIDS,0.03333333333333333
2025-04-25,Agribusiness,VRA,0.03333333333333333
2025-04-25,Agribusiness,AMPH,0.03333333333333333
2025-04-25,Agribusiness,MED,0.03333333333333333
2025-04-25,Agribusiness,STKS,0.03333333333333333
2025-04-25,Agribusiness,TITN,0.03333333333333333
2025-04-25,Agribusiness,MTUS,0.03333333333333333
2025-04-25,Agribusiness,ASIX,0.03333333333333333
2025-04-25,Agribusiness,JAKK,0.03333333333333333
2025-04-25,Agribusiness,AIRT,0.03333333333333333
2025-04-25,Agribusiness,SHOE,0.03333333333333333
2025-04-25,Agribusiness,TWI,0.03333333333333333
2025-04-25,Agribusiness,SXC,0.03333333333333333
2025-04-25,Agribusiness,CAL,0.03333333333333333
2025-04-25,Agribusiness,ODV,0.03333333333333333
2025-04-25,Agribusiness,GOOS,0.03333333333333333
2025-04-25,Agribusiness,TK,0.03333333333333333
2025-04-25,Agribusiness,HAIN,0.03333333333333333
2025-04-25,Agribusiness,TLYS,0.03333333333333333
2025-04-25,Agribusiness,GSM,0.03333333333333333
2025-04-25,Agribusiness,ASA,0.03333333333333333
2025-04-25,Agribusiness,BGS,0.03333333333333333
2025-04-25,Agribusiness,TCMD,0.03333333333333333
2025-04-25,Clean Energy,LSBK,0.03333333333333333
2025-04-25,Clean Energy,GHI,0.03333333333333333
2025-04-25,Clean Energy,CGBD,0.03333333333333333
2025-04-25,Clean Energy,CHSCM,0.03333333333333333
2025-04-25,Clean Energy,GLAD,0.03333333333333333
2025-04-25,Clean Energy,FPI,0.03333333333333333
2025-04-25,Clean Energy,GAIN,0.03333333333333333
2025-04-25,Clean Energy,GBLI,0.03333333333333333
2025-04-25,Clean Energy,HVT,0.03333333333333333
2025-04-25,Clean Energy,PFLT,0.03333333333333333
2025-04-25,Clean Energy,EFSI,0.03333333333333333
2025-04-25,Clean Energy,DSWL,0.03333333333333333
2025-04-25,Clean Energy,MLAB,0.03333333333333333
2025-04-25,Clean Energy,OXM,0.03333333333333333
2025-04-25,Clean Energy,FOXF,0.03333333333333333
2025-04-25,Clean Energy,NEWT,0.03333333333333333
2025-04-25,Clean Energy,FUSB,0.03333333333333333
2025-04-25,Clean Energy,CODI,0.03333333333333333
2025-04-25,Clean Energy,ETD,0.03333333333333333
2025-04-25,Clean Energy,KE,0.03333333333333333
2025-04-25,Clean Energy,BVFL,0.03333333333333333
2025-04-25,Clean Energy,PANL,0.03333333333333333
2025-04-25,Clean Energy,ACTG,0.03333333333333333
2025-04-25,Clean Energy,DLNG,0.03333333333333333
2025-04-25,Clean Energy,SSBI,0.03333333333333333
2025-04-25,Clean Energy,NWFL,0.03333333333333333
2025-04-25,Clean Energy,STRS,0.03333333333333333
2025-04-25,Clean Energy,CVEO,0.03333333333333333
2025-04-25,Clean Energy,CHMI,0.03333333333333333
2025-04-25,Clean Energy,KRO,0.03333333333333333
2025-04-25,Critical Minerals,MTUS,0.03333333333333333
2025-04-25,Critical Minerals,ODV,0.03333333333333333
2025-04-25,Critical Minerals,ASA,0.03333333333333333
2025-04-25,Critical Minerals,SXC,0.03333333333333333
2025-04-25,Critical Minerals,PANL,0.03333333333333333
2025-04-25,Critical Minerals,CAPL,0.03333333333333333
2025-04-25,Critical Minerals,LND,0.03333333333333333
2025-04-25,Critical Minerals,GBLI,0.03333333333333333
2025-04-25,Critical Minerals,MAKO,0.03333333333333333
2025-04-25,Critical Minerals,METC,0.03333333333333333
2025-04-25,Critical Minerals,FPH,0.03333333333333333
2025-04-25,Critical Minerals,TRC,0.03333333333333333
2025-04-25,Critical Minerals,OEC,0.03333333333333333
2025-04-25,Critical Minerals,TROX,0.03333333333333333
2025-04-25,Critical Minerals,TWI,0.03333333333333333
2025-04-25,Critical Minerals,MRAM,0.03333333333333333
2025-04-25,Critical Minerals,ASIX,0.03333333333333333
2025-04-25,Critical Minerals,TBCH,0.03333333333333333
2025-04-25,Critical Minerals,ASYS,0.03333333333333333
2025-04-25,Critical Minerals,SILC,0.03333333333333333
2025-04-25,Critical Minerals,VHI,0.03333333333333333
2025-04-25,Critical Minerals,SIEB,0.03333333333333333
2025-04-25,Critical Minerals,GSM,0.03333333333333333
2025-04-25,Critical Minerals,FOCL,0.03333333333333333
2025-04-25,Critical Minerals,ACCO,0.03333333333333333
2025-04-25,Critical Minerals,KRO,0.03333333333333333
2025-04-25,Critical Minerals,OXM,0.03333333333333333
2025-04-25,Critical Minerals,DSWL,0.03333333333333333
2025-04-25,Critical Minerals,BAK,0.03333333333333333
2025-04-25,Critical Minerals,DLNG,0.03333333333333333
2025-04-25,Cybersecurity,FRPH,0.03333333333333333
2025-04-25,Cybersecurity,NPK,0.03333333333333333
2025-04-25,Cybersecurity,VLGEA,0.03333333333333333
2025-04-25,Cybersecurity,CBFV,0.03333333333333333
2025-04-25,Cybersecurity,TRC,0.03333333333333333
2025-04-25,Cybersecurity,NODK,0.03333333333333333
2025-04-25,Cybersecurity,AFBI,0.03333333333333333
2025-04-25,Cybersecurity,FRAF,0.03333333333333333
2025-04-25,Cybersecurity,AVBH,0.03333333333333333
2025-04-25,Cybersecurity,CTO,0.03333333333333333
2025-04-25,Cybersecurity,IIIV,0.03333333333333333
2025-04-25,Cybersecurity,APOG,0.03333333333333333
2025-04-25,Cybersecurity,BPRN,0.03333333333333333
2025-04-25,Cybersecurity,MHLA,0.03333333333333333
2025-04-25,Cybersecurity,PCB,0.03333333333333333
2025-04-25,Cybersecurity,ALRS,0.03333333333333333
2025-04-25,Cybersecurity,BWFG,0.03333333333333333
2025-04-25,Cybersecurity,III,0.03333333333333333
2025-04-25,Cybersecurity,PEBK,0.03333333333333333
2025-04-25,Cybersecurity,CCBG,0.03333333333333333
2025-04-25,Cybersecurity,LCNB,0.03333333333333333
2025-04-25,Cybersecurity,NECB,0.03333333333333333
2025-04-25,Cybersecurity,KWY,0.03333333333333333
2025-04-25,Cybersecurity,TSBK,0.03333333333333333
2025-04-25,Cybersecurity,GSBC,0.03333333333333333
2025-04-25,Cybersecurity,MRBK,0.03333333333333333
2025-04-25,Cybersecurity,PKBK,0.03333333333333333
2025-04-25,Cybersecurity,EBMT,0.03333333333333333
2025-04-25,Cybersecurity,BFS,0.03333333333333333
2025-04-25,Cybersecurity,FCCO,0.03333333333333333
2025-04-25,Defense,PFX,0.03333333333333333
2025-04-25,Defense,NPK,0.03333333333333333
2025-04-25,Defense,LOCO,0.03333333333333333
2025-04-25,Defense,ISBA,0.03333333333333333
2025-04-25,Defense,TRC,0.03333333333333333
2025-04-25,Defense,HVT,0.03333333333333333
2025-04-25,Defense,AVBH,0.03333333333333333
2025-04-25,Defense,NTWK,0.03333333333333333
2025-04-25,Defense,CTO,0.03333333333333333
2025-04-25,Defense,KWY,0.03333333333333333
2025-04-25,Defense,APOG,0.03333333333333333
2025-04-25,Defense,NEWT,0.03333333333333333
2025-04-25,Defense,HSTM,0.03333333333333333
2025-04-25,Defense,SITC,0.03333333333333333
2025-04-25,Defense,TSBK,0.03333333333333333
2025-04-25,Defense,BH,0.03333333333333333
2025-04-25,Defense,NKSH,0.03333333333333333
2025-04-25,Defense,ULH,0.03333333333333333
2025-04-25,Defense,GILT,0.03333333333333333
2025-04-25,Defense,MGPI,0.03333333333333333
2025-04-25,Defense,CAC,0.03333333333333333
2025-04-25,Defense,RMAX,0.03333333333333333
2025-04-25,Defense,MLAB,0.03333333333333333
2025-04-25,Defense,FUSB,0.03333333333333333
2025-04-25,Defense,CARE,0.03333333333333333
2025-04-25,Defense,ORRF,0.03333333333333333
2025-04-25,Defense,CMCO,0.03333333333333333
2025-04-25,Defense,WNC,0.03333333333333333
2025-04-25,Defense,GNE,0.03333333333333333
2025-04-25,Defense,EGAN,0.03333333333333333
2025-04-25,Fintech,FRPH,0.03333333333333333
2025-04-25,Fintech,UTMD,0.03333333333333333
2025-04-25,Fintech,ACCO,0.03333333333333333
2025-04-25,Fintech,CSV,0.03333333333333333
2025-04-25,Fintech,FRAF,0.03333333333333333
2025-04-25,Fintech,HSTM,0.03333333333333333
2025-04-25,Fintech,CNNE,0.03333333333333333
2025-04-25,Fintech,IIIV,0.03333333333333333
2025-04-25,Fintech,MCS,0.03333333333333333
2025-04-25,Fintech,FNWB,0.03333333333333333
2025-04-25,Fintech,SSTK,0.03333333333333333
2025-04-25,Fintech,FCCO,0.03333333333333333
2025-04-25,Fintech,OPBK,0.03333333333333333
2025-04-25,Fintech,PD,0.03333333333333333
2025-04-25,Fintech,FUNC,0.03333333333333333
2025-04-25,Fintech,LYTS,0.03333333333333333
2025-04-25,Fintech,MTLS,0.03333333333333333
2025-04-25,Fintech,CPF,0.03333333333333333
2025-04-25,Fintech,TITN,0.03333333333333333
2025-04-25,Fintech,UNTY,0.03333333333333333
2025-04-25,Fintech,OSPN,0.03333333333333333
2025-04-25,Fintech,ZUMZ,0.03333333333333333
2025-04-25,Fintech,SSYS,0.03333333333333333
2025-04-25,Fintech,SIEB,0.03333333333333333
2025-04-25,Fintech,MED,0.03333333333333333
2025-04-25,Fintech,WRLD,0.03333333333333333
2025-04-25,Fintech,KRMD,0.03333333333333333
2025-04-25,Fintech,RDVT,0.03333333333333333
2025-04-25,Fintech,DAVA,0.03333333333333333
2025-04-25,Fintech,KRNT,0.03333333333333333
2025-04-25,Robotics & AI,CHSCM,0.03333333333333333
2025-04-25,Robotics & AI,CHSCN,0.03333333333333333
2025-04-25,Robotics & AI,EFSI,0.03333333333333333
2025-04-25,Robotics & AI,LSBK,0.03333333333333333
2025-04-25,Robotics & AI,UTMD,0.03333333333333333
2025-04-25,Robotics & AI,ATLO,0.03333333333333333
2025-04-25,Robotics & AI,MRBK,0.03333333333333333
2025-04-25,Robotics & AI,BCIC,0.03333333333333333
2025-04-25,Robotics & AI,JRSH,0.03333333333333333
2025-04-25,Robotics & AI,NWFL,0.03333333333333333
2025-04-25,Robotics & AI,BVFL,0.03333333333333333
2025-04-25,Robotics & AI,CGBD,0.03333333333333333
2025-04-25,Robotics & AI,ALRS,0.03333333333333333
2025-04-25,Robotics & AI,ACCO,0.03333333333333333
2025-04-25,Robotics & AI,GBLI,0.03333333333333333
2025-04-25,Robotics & AI,CWBC,0.03333333333333333
2025-04-25,Robotics & AI,KMDA,0.03333333333333333
2025-04-25,Robotics & AI,MNSB,0.03333333333333333
2025-04-25,Robotics & AI,CZWI,0.03333333333333333
2025-04-25,Robotics & AI,KE,0.03333333333333333
2025-04-25,Robotics & AI,GAIN,0.03333333333333333
2025-04-25,Robotics & AI,NECB,0.03333333333333333
2025-04-25,Robotics & AI,FCCO,0.03333333333333333
2025-04-25,Robotics & AI,NKSH,0.03333333333333333
2025-04-25,Robotics & AI,PANL,0.03333333333333333
2025-04-25,Robotics & AI,EBMT,0.03333333333333333
2025-04-25,Robotics & AI,CBNK,0.03333333333333333
2025-04-25,Robotics & AI,TSBK,0.03333333333333333
2025-04-25,Robotics & AI,AUDC,0.03333333333333333
2025-04-25,Robotics & AI,GPRO,0.03333333333333333
2025-04-25,Timber & Forestry,PFX,0.03333333333333333
2025-04-25,Timber & Forestry,BCIC,0.03333333333333333
2025-04-25,Timber & Forestry,GBLI,0.03333333333333333
2025-04-25,Timber & Forestry,GHI,0.03333333333333333
2025-04-25,Timber & Forestry,GLAD,0.03333333333333333
2025-04-25,Timber & Forestry,CMTV,0.03333333333333333
2025-04-25,Timber & Forestry,MHLA,0.03333333333333333
2025-04-25,Timber & Forestry,CGBD,0.03333333333333333
2025-04-25,Timber & Forestry,PFLT,0.03333333333333333
2025-04-25,Timber & Forestry,TRC,0.03333333333333333
2025-04-25,Timber & Forestry,ACCO,0.03333333333333333
2025-04-25,Timber & Forestry,GAIN,0.03333333333333333
2025-04-25,Timber & Forestry,MHNC,0.03333333333333333
2025-04-25,Timber & Forestry,UTMD,0.03333333333333333
2025-04-25,Timber & Forestry,CCOI,0.03333333333333333
2025-04-25,Timber & Forestry,NODK,0.03333333333333333
2025-04-25,Timber & Forestry,EML,0.03333333333333333
2025-04-25,Timber & Forestry,FPH,0.03333333333333333
2025-04-25,Timber & Forestry,GECC,0.03333333333333333
2025-04-25,Timber & Forestry,RVSB,0.03333333333333333
2025-04-25,Timber & Forestry,EBF,0.03333333333333333
2025-04-25,Timber & Forestry,CAPL,0.03333333333333333
2025-04-25,Timber & Forestry,PKE,0.03333333333333333
2025-04-25,Timber & Forestry,ITIC,0.03333333333333333
2025-04-25,Timber & Forestry,SBFG,0.03333333333333333
2025-04-25,Timber & Forestry,USNA,0.03333333333333333
2025-04-25,Timber & Forestry,ACTG,0.03333333333333333
2025-04-25,Timber & Forestry,TIPT,0.03333333333333333
2025-04-25,Timber & Forestry,ATLO,0.03333333333333333
2025-04-25,Timber & Forestry,ELME,0.03333333333333333
2025-04-25,US Infrastructure,VLGEA,0.03333333333333333
2025-04-25,US Infrastructure,CMTV,0.03333333333333333
2025-04-25,US Infrastructure,BBSI,0.03333333333333333
2025-04-25,US Infrastructure,PKE,0.03333333333333333
2025-04-25,US Infrastructure,ETD,0.03333333333333333
2025-04-25,US Infrastructure,BH,0.03333333333333333
2025-04-25,US Infrastructure,GWRS,0.03333333333333333
2025-04-25,US Infrastructure,WNC,0.03333333333333333
2025-04-25,US Infrastructure,BSVN,0.03333333333333333
2025-04-25,US Infrastructure,NEWT,0.03333333333333333
2025-04-25,US Infrastructure,LYTS,0.03333333333333333
2025-04-25,US Infrastructure,HY,0.03333333333333333
2025-04-25,US Infrastructure,IIIN,0.03333333333333333
2025-04-25,US Infrastructure,STRS,0.03333333333333333
2025-04-25,US Infrastructure,CMCO,0.03333333333333333
2025-04-25,US Infrastructure,FOXF,0.03333333333333333
2025-04-25,US Infrastructure,KRO,0.03333333333333333
2025-04-25,US Infrastructure,ASIX,0.03333333333333333
2025-04-25,US Infrastructure,PKOH,0.03333333333333333
2025-04-25,US Infrastructure,TWIN,0.03333333333333333
2025-04-25,US Infrastructure,SANG,0.03333333333333333
2025-04-25,US Infrastructure,MRAM,0.03333333333333333
2025-04-25,US Infrastructure,SXC,0.03333333333333333
2025-04-25,US Infrastructure,NGVC,0.03333333333333333
2025-04-25,US Infrastructure,ARL,0.03333333333333333
2025-04-25,US Infrastructure,PNRG,0.03333333333333333
2025-04-25,US Infrastructure,CVGI,0.03333333333333333
2025-04-25,US Infrastructure,DBI,0.03333333333333333
2025-04-25,US Infrastructure,CVV,0.03333333333333333
2025-04-25,US Infrastructure,EU,0.03333333333333333
2025-04-25,Water,TRC,0.03333333333333333
2025-04-25,Water,VLGEA,0.03333333333333333
2025-04-25,Water,GLRE,0.03333333333333333
2025-04-25,Water,RGCO,0.03333333333333333
2025-04-25,Water,GWRS,0.03333333333333333
2025-04-25,Water,BBSI,0.03333333333333333
2025-04-25,Water,EBF,0.03333333333333333
2025-04-25,Water,ATLO,0.03333333333333333
2025-04-25,Water,PKE,0.03333333333333333
2025-04-25,Water,RMAX,0.03333333333333333
2025-04-25,Water,APOG,0.03333333333333333
2025-04-25,Water,HSTM,0.03333333333333333
2025-04-25,Water,NWFL,0.03333333333333333
2025-04-25,Water,DGICA,0.03333333333333333
2025-04-25,Water,ARTNA,0.03333333333333333
2025-04-25,Water,BWFG,0.03333333333333333
2025-04-25,Water,NKSH,0.03333333333333333
2025-04-25,Water,MLAB,0.03333333333333333
2025-04-25,Water,EIG,0.03333333333333333
2025-04-25,Water,TIPT,0.03333333333333333
2025-04-25,Water,IIIN,0.03333333333333333
2025-04-25,Water,BSVN,0.03333333333333333
2025-04-25,Water,FDBC,0.03333333333333333
2025-04-25,Water,CZNC,0.03333333333333333
2025-04-25,Water,NRIM,0.03333333333333333
2025-04-25,Water,LEGH,0.03333333333333333
2025-04-25,Water,WNC,0.03333333333333333
2025-04-25,Water,STRS,0.03333333333333333
2025-04-25,Water,HY,0.03333333333333333
2025-04-25,Water,NVEC,0.03333333333333333
2025-05-30,AI Infrastructure,CHSCM,0.03333333333333333
2025-05-30,AI Infrastructure,KE,0.03333333333333333
2025-05-30,AI Infrastructure,LSBK,0.03333333333333333
2025-05-30,AI Infrastructure,ALRS,0.03333333333333333
2025-05-30,AI Infrastructure,FTLF,0.03333333333333333
2025-05-30,AI Infrastructure,PANL,0.03333333333333333
2025-05-30,AI Infrastructure,MNSB,0.03333333333333333
2025-05-30,AI Infrastructure,TSBK,0.03333333333333333
2025-05-30,AI Infrastructure,NVEC,0.03333333333333333
2025-05-30,AI Infrastructure,CMCO,0.03333333333333333
2025-05-30,AI Infrastructure,FCCO,0.03333333333333333
2025-05-30,AI Infrastructure,XRX,0.03333333333333333
2025-05-30,AI Infrastructure,BRID,0.03333333333333333
2025-05-30,AI Infrastructure,DLNG,0.03333333333333333
2025-05-30,AI Infrastructure,NECB,0.03333333333333333
2025-05-30,AI Infrastructure,NKSH,0.03333333333333333
2025-05-30,AI Infrastructure,RELL,0.03333333333333333
2025-05-30,AI Infrastructure,CZNC,0.03333333333333333
2025-05-30,AI Infrastructure,GPRO,0.03333333333333333
2025-05-30,AI Infrastructure,ULBI,0.03333333333333333
2025-05-30,AI Infrastructure,MX,0.03333333333333333
2025-05-30,AI Infrastructure,DSX,0.03333333333333333
2025-05-30,AI Infrastructure,EPSN,0.03333333333333333
2025-05-30,AI Infrastructure,KRO,0.03333333333333333
2025-05-30,AI Infrastructure,ORRF,0.03333333333333333
2025-05-30,AI Infrastructure,RGCO,0.03333333333333333
2025-05-30,AI Infrastructure,TBCH,0.03333333333333333
2025-05-30,AI Infrastructure,JMSB,0.03333333333333333
2025-05-30,AI Infrastructure,ULH,0.03333333333333333
2025-05-30,AI Infrastructure,NRIM,0.03333333333333333
2025-05-30,Agribusiness,PFX,0.03333333333333333
2025-05-30,Agribusiness,TRC,0.03333333333333333
2025-05-30,Agribusiness,HVT,0.03333333333333333
2025-05-30,Agribusiness,JACK,0.03333333333333333
2025-05-30,Agribusiness,LND,0.03333333333333333
2025-05-30,Agribusiness,FTEK,0.03333333333333333
2025-05-30,Agribusiness,OXM,0.03333333333333333
2025-05-30,Agribusiness,MGPI,0.03333333333333333
2025-05-30,Agribusiness,ETD,0.03333333333333333
2025-05-30,Agribusiness,GNE,0.03333333333333333
2025-05-30,Agribusiness,LAND,0.03333333333333333
2025-05-30,Agribusiness,ACNT,0.03333333333333333
2025-05-30,Agribusiness,ANGO,0.03333333333333333
2025-05-30,Agribusiness,AMPH,0.03333333333333333
2025-05-30,Agribusiness,CHCI,0.03333333333333333
2025-05-30,Agribusiness,ASIX,0.03333333333333333
2025-05-30,Agribusiness,NC,0.03333333333333333
2025-05-30,Agribusiness,MTUS,0.03333333333333333
2025-05-30,Agribusiness,JAKK,0.03333333333333333
2025-05-30,Agribusiness,SXC,0.03333333333333333
2025-05-30,Agribusiness,SHOE,0.03333333333333333
2025-05-30,Agribusiness,TK,0.03333333333333333
2025-05-30,Agribusiness,TWI,0.03333333333333333
2025-05-30,Agribusiness,AIRT,0.03333333333333333
2025-05-30,Agribusiness,CAL,0.03333333333333333
2025-05-30,Agribusiness,SRG,0.03333333333333333
2025-05-30,Agribusiness,CLNE,0.03333333333333333
2025-05-30,Agribusiness,GOOS,0.03333333333333333
2025-05-30,Agribusiness,CLFD,0.03333333333333333
2025-05-30,Agribusiness,GSM,0.03333333333333333
2025-05-30,Clean Energy,CGBD,0.03333333333333333
2025-05-30,Clean Energy,LSBK,0.03333333333333333
2025-05-30,Clean Energy,HVT,0.03333333333333333
2025-05-30,Clean Energy,GLAD,0.03333333333333333
2025-05-30,Clean Energy,GAIN,0.03333333333333333
2025-05-30,Clean Energy,CHSCN,0.03333333333333333
2025-05-30,Clean Energy,PFLT,0.03333333333333333
2025-05-30,Clean Energy,FPI,0.03333333333333333
2025-05-30,Clean Energy,FUSB,0.03333333333333333
2025-05-30,Clean Energy,BBDC,0.03333333333333333
2025-05-30,Clean Energy,NEWT,0.03333333333333333
2025-05-30,Clean Energy,ETD,0.03333333333333333
2025-05-30,Clean Energy,CCOI,0.03333333333333333
2025-05-30,Clean Energy,MLAB,0.03333333333333333
2025-05-30,Clean Energy,OXM,0.03333333333333333
2025-05-30,Clean Energy,PROV,0.03333333333333333
2025-05-30,Clean Energy,FTEK,0.03333333333333333
2025-05-30,Clean Energy,FOXF,0.03333333333333333
2025-05-30,Clean Energy,BH,0.03333333333333333
2025-05-30,Clean Energy,BVFL,0.03333333333333333
2025-05-30,Clean Energy,ANGO,0.03333333333333333
2025-05-30,Clean Energy,CWH,0.03333333333333333
2025-05-30,Clean Energy,DLNG,0.03333333333333333
2025-05-30,Clean Energy,LAND,0.03333333333333333
2025-05-30,Clean Energy,IIIN,0.03333333333333333
2025-05-30,Clean Energy,SSBI,0.03333333333333333
2025-05-30,Clean Energy,CVEO,0.03333333333333333
2025-05-30,Clean Energy,ASIX,0.03333333333333333
2025-05-30,Clean Energy,MAGN,0.03333333333333333
2025-05-30,Clean Energy,MOV,0.03333333333333333
2025-05-30,Critical Minerals,ODV,0.03333333333333333
2025-05-30,Critical Minerals,FTEK,0.03333333333333333
2025-05-30,Critical Minerals,ASA,0.03333333333333333
2025-05-30,Critical Minerals,MAKO,0.03333333333333333
2025-05-30,Critical Minerals,LND,0.03333333333333333
2025-05-30,Critical Minerals,SXC,0.03333333333333333
2025-05-30,Critical Minerals,CHCI,0.03333333333333333
2025-05-30,Critical Minerals,MTUS,0.03333333333333333
2025-05-30,Critical Minerals,GSM,0.03333333333333333
2025-05-30,Critical Minerals,CAPL,0.03333333333333333
2025-05-30,Critical Minerals,TRC,0.03333333333333333
2025-05-30,Critical Minerals,SIEB,0.03333333333333333
2025-05-30,Critical Minerals,ASYS,0.03333333333333333
2025-05-30,Critical Minerals,VHI,0.03333333333333333
2025-05-30,Critical Minerals,PANL,0.03333333333333333
2025-05-30,Critical Minerals,FOCL,0.03333333333333333
2025-05-30,Critical Minerals,OSPN,0.03333333333333333
2025-05-30,Critical Minerals,KRO,0.03333333333333333
2025-05-30,Critical Minerals,STRS,0.03333333333333333
2025-05-30,Critical Minerals,METC,0.03333333333333333
2025-05-30,Critical Minerals,GASS,0.03333333333333333
2025-05-30,Critical Minerals,LGO,0.03333333333333333
2025-05-30,Critical Minerals,GPRK,0.03333333333333333
2025-05-30,Critical Minerals,KE,0.03333333333333333
2025-05-30,Critical Minerals,DSWL,0.03333333333333333
2025-05-30,Critical Minerals,TBCH,0.03333333333333333
2025-05-30,Critical Minerals,CRESY,0.03333333333333333
2025-05-30,Critical Minerals,BAK,0.03333333333333333
2025-05-30,Critical Minerals,MRAM,0.03333333333333333
2025-05-30,Critical Minerals,ACCO,0.03333333333333333
2025-05-30,Cybersecurity,UTMD,0.03333333333333333
2025-05-30,Cybersecurity,CBFV,0.03333333333333333
2025-05-30,Cybersecurity,AFBI,0.03333333333333333
2025-05-30,Cybersecurity,FRPH,0.03333333333333333
2025-05-30,Cybersecurity,NODK,0.03333333333333333
2025-05-30,Cybersecurity,FRAF,0.03333333333333333
2025-05-30,Cybersecurity,AVBH,0.03333333333333333
2025-05-30,Cybersecurity,PBHC,0.03333333333333333
2025-05-30,Cybersecurity,CWBC,0.03333333333333333
2025-05-30,Cybersecurity,TRC,0.03333333333333333
2025-05-30,Cybersecurity,IIIV,0.03333333333333333
2025-05-30,Cybersecurity,CTO,0.03333333333333333
2025-05-30,Cybersecurity,NECB,0.03333333333333333
2025-05-30,Cybersecurity,PCB,0.03333333333333333
2025-05-30,Cybersecurity,PEBK,0.03333333333333333
2025-05-30,Cybersecurity,BCML,0.03333333333333333
2025-05-30,Cybersecurity,FCCO,0.03333333333333333
2025-05-30,Cybersecurity,EML,0.03333333333333333
2025-05-30,Cybersecurity,PD,0.03333333333333333
2025-05-30,Cybersecurity,PKBK,0.03333333333333333
2025-05-30,Cybersecurity,GSBC,0.03333333333333333
2025-05-30,Cybersecurity,CHMG,0.03333333333333333
2025-05-30,Cybersecurity,ALRS,0.03333333333333333
2025-05-30,Cybersecurity,BFS,0.03333333333333333
2025-05-30,Cybersecurity,TSBK,0.03333333333333333
2025-05-30,Cybersecurity,CBAN,0.03333333333333333
2025-05-30,Cybersecurity,FNWB,0.03333333333333333
2025-05-30,Cybersecurity,VRRM,0.03333333333333333
2025-05-30,Cybersecurity,SSTK,0.03333333333333333
2025-05-30,Cybersecurity,CPF,0.03333333333333333
2025-05-30,Defense,NPK,0.03333333333333333
2025-05-30,Defense,VLGEA,0.03333333333333333
2025-05-30,Defense,BBSI,0.03333333333333333
2025-05-30,Defense,HVT,0.03333333333333333
2025-05-30,Defense,ISBA,0.03333333333333333
2025-05-30,Defense,LOCO,0.03333333333333333
2025-05-30,Defense,AVBH,0.03333333333333333
2025-05-30,Defense,CTO,0.03333333333333333
2025-05-30,Defense,NEWT,0.03333333333333333
2025-05-30,Defense,RGCO,0.03333333333333333
2025-05-30,Defense,MCS,0.03333333333333333
2025-05-30,Defense,HSTM,0.03333333333333333
2025-05-30,Defense,TSBK,0.03333333333333333
2025-05-30,Defense,GILT,0.03333333333333333
2025-05-30,Defense,MGPI,0.03333333333333333
2025-05-30,Defense,FUNC,0.03333333333333333
2025-05-30,Defense,ULH,0.03333333333333333
2025-05-30,Defense,GNE,0.03333333333333333
2025-05-30,Defense,NKSH,0.03333333333333333
2025-05-30,Defense,CAC,0.03333333333333333
2025-05-30,Defense,TRNS,0.03333333333333333
2025-05-30,Defense,LYTS,0.03333333333333333
2025-05-30,Defense,MLAB,0.03333333333333333
2025-05-30,Defense,RMAX,0.03333333333333333
2025-05-30,Defense,EGAN,0.03333333333333333
2025-05-30,Defense,ACNB,0.03333333333333333
2025-05-30,Defense,WNC,0.03333333333333333
2025-05-30,Defense,TIPT,0.03333333333333333
2025-05-30,Defense,FGBI,0.03333333333333333
2025-05-30,Defense,DSX,0.03333333333333333
2025-05-30,Fintech,UTMD,0.03333333333333333
2025-05-30,Fintech,PKE,0.03333333333333333
2025-05-30,Fintech,FRPH,0.03333333333333333
2025-05-30,Fintech,RM,0.03333333333333333
2025-05-30,Fintech,ITIC,0.03333333333333333
2025-05-30,Fintech,PBHC,0.03333333333333333
2025-05-30,Fintech,FRAF,0.03333333333333333
2025-05-30,Fintech,CZWI,0.03333333333333333
2025-05-30,Fintech,ACCO,0.03333333333333333
2025-05-30,Fintech,IIIV,0.03333333333333333
2025-05-30,Fintech,JRSH,0.03333333333333333
2025-05-30,Fintech,MCS,0.03333333333333333
2025-05-30,Fintech,WEYS,0.03333333333333333
2025-05-30,Fintech,FUNC,0.03333333333333333
2025-05-30,Fintech,CBNK,0.03333333333333333
2025-05-30,Fintech,FCCO,0.03333333333333333
2025-05-30,Fintech,FNWB,0.03333333333333333
2025-05-30,Fintech,VRRM,0.03333333333333333
2025-05-30,Fintech,MTLS,0.03333333333333333
2025-05-30,Fintech,NUS,0.03333333333333333
2025-05-30,Fintech,PEBK,0.03333333333333333
2025-05-30,Fintech,SSTK,0.03333333333333333
2025-05-30,Fintech,CPF,0.03333333333333333
2025-05-30,Fintech,NRIM,0.03333333333333333
2025-05-30,Fintech,PD,0.03333333333333333
2025-05-30,Fintech,OSPN,0.03333333333333333
2025-05-30,Fintech,GRVY,0.03333333333333333
2025-05-30,Fintech,UNTY,0.03333333333333333
2025-05-30,Fintech,FEIM,0.03333333333333333
2025-05-30,Fintech,UFI,0.03333333333333333
2025-05-30,Robotics & AI,CHSCM,0.03333333333333333
2025-05-30,Robotics & AI,CHSCN,0.03333333333333333
2025-05-30,Robotics & AI,UTMD,0.03333333333333333
2025-05-30,Robotics & AI,LSBK,0.03333333333333333
2025-05-30,Robotics & AI,PROV,0.03333333333333333
2025-05-30,Robotics & AI,PFX,0.03333333333333333
2025-05-30,Robotics & AI,BCIC,0.03333333333333333
2025-05-30,Robotics & AI,ATLO,0.03333333333333333
2025-05-30,Robotics & AI,ACCO,0.03333333333333333
2025-05-30,Robotics & AI,JRSH,0.03333333333333333
2025-05-30,Robotics & AI,EML,0.03333333333333333
2025-05-30,Robotics & AI,KE,0.03333333333333333
2025-05-30,Robotics & AI,BVFL,0.03333333333333333
2025-05-30,Robotics & AI,NECB,0.03333333333333333
2025-05-30,Robotics & AI,PKE,0.03333333333333333
2025-05-30,Robotics & AI,CWBC,0.03333333333333333
2025-05-30,Robotics & AI,NWFL,0.03333333333333333
2025-05-30,Robotics & AI,FCCO,0.03333333333333333
2025-05-30,Robotics & AI,ALRS,0.03333333333333333
2025-05-30,Robotics & AI,IIIN,0.03333333333333333
2025-05-30,Robotics & AI,NVEC,0.03333333333333333
2025-05-30,Robotics & AI,CMCO,0.03333333333333333
2025-05-30,Robotics & AI,SSBI,0.03333333333333333
2025-05-30,Robotics & AI,GPRO,0.03333333333333333
2025-05-30,Robotics & AI,WTBA,0.03333333333333333
2025-05-30,Robotics & AI,USNA,0.03333333333333333
2025-05-30,Robotics & AI,KRO,0.03333333333333333
2025-05-30,Robotics & AI,RM,0.03333333333333333
2025-05-30,Robotics & AI,FOXF,0.03333333333333333
2025-05-30,Robotics & AI,BSVN,0.03333333333333333
2025-05-30,Timber & Forestry,PFX,0.03333333333333333
2025-05-30,Timber & Forestry,BCIC,0.03333333333333333
2025-05-30,Timber & Forestry,GLAD,0.03333333333333333
2025-05-30,Timber & Forestry,MHLA,0.03333333333333333
2025-05-30,Timber & Forestry,PROV,0.03333333333333333
2025-05-30,Timber & Forestry,GAIN,0.03333333333333333
2025-05-30,Timber & Forestry,PFLT,0.03333333333333333
2025-05-30,Timber & Forestry,CGBD,0.03333333333333333
2025-05-30,Timber & Forestry,CMTV,0.03333333333333333
2025-05-30,Timber & Forestry,TRC,0.03333333333333333
2025-05-30,Timber & Forestry,MHNC,0.03333333333333333
2025-05-30,Timber & Forestry,UTMD,0.03333333333333333
2025-05-30,Timber & Forestry,ACCO,0.03333333333333333
2025-05-30,Timber & Forestry,NODK,0.03333333333333333
2025-05-30,Timber & Forestry,GECC,0.03333333333333333
2025-05-30,Timber & Forestry,DSWL,0.03333333333333333
2025-05-30,Timber & Forestry,CCOI,0.03333333333333333
2025-05-30,Timber & Forestry,RVSB,0.03333333333333333
2025-05-30,Timber & Forestry,EML,0.03333333333333333
2025-05-30,Timber & Forestry,CAPL,0.03333333333333333
2025-05-30,Timber & Forestry,SBFG,0.03333333333333333
2025-05-30,Timber & Forestry,PKE,0.03333333333333333
2025-05-30,Timber & Forestry,USNA,0.03333333333333333
2025-05-30,Timber & Forestry,TIPT,0.03333333333333333
2025-05-30,Timber & Forestry,FTEK,0.03333333333333333
2025-05-30,Timber & Forestry,ITIC,0.03333333333333333
2025-05-30,Timber & Forestry,ELME,0.03333333333333333
2025-05-30,Timber & Forestry,HY,0.03333333333333333
2025-05-30,Timber & Forestry,ATLO,0.03333333333333333
2025-05-30,Timber & Forestry,SSBI,0.03333333333333333
2025-05-30,US Infrastructure,GLRE,0.03333333333333333
2025-05-30,US Infrastructure,VLGEA,0.03333333333333333
2025-05-30,US Infrastructure,BBSI,0.03333333333333333
2025-05-30,US Infrastructure,PKE,0.03333333333333333
2025-05-30,US Infrastructure,GWRS,0.03333333333333333
2025-05-30,US Infrastructure,BH,0.03333333333333333
2025-05-30,US Infrastructure,TIPT,0.03333333333333333
2025-05-30,US Infrastructure,RMAX,0.03333333333333333
2025-05-30,US Infrastructure,NEWT,0.03333333333333333
2025-05-30,US Infrastructure,MLAB,0.03333333333333333
2025-05-30,US Infrastructure,IIIN,0.03333333333333333
2025-05-30,US Infrastructure,LEGH,0.03333333333333333
2025-05-30,US Infrastructure,WNC,0.03333333333333333
2025-05-30,US Infrastructure,CMCO,0.03333333333333333
2025-05-30,US Infrastructure,TRNS,0.03333333333333333
2025-05-30,US Infrastructure,STRS,0.03333333333333333
2025-05-30,US Infrastructure,XRN,0.03333333333333333
2025-05-30,US Infrastructure,PANL,0.03333333333333333
2025-05-30,US Infrastructure,CWCO,0.03333333333333333
2025-05-30,US Infrastructure,SRI,0.03333333333333333
2025-05-30,US Infrastructure,PKOH,0.03333333333333333
2025-05-30,US Infrastructure,MRAM,0.03333333333333333
2025-05-30,US Infrastructure,ARL,0.03333333333333333
2025-05-30,US Infrastructure,SXC,0.03333333333333333
2025-05-30,US Infrastructure,CVV,0.03333333333333333
2025-05-30,US Infrastructure,HDSN,0.03333333333333333
2025-05-30,US Infrastructure,MTRX,0.03333333333333333
2025-05-30,US Infrastructure,BZH,0.03333333333333333
2025-05-30,US Infrastructure,RYAM,0.03333333333333333
2025-05-30,US Infrastructure,LMB,0.03333333333333333
2025-05-30,Water,GLRE,0.03333333333333333
2025-05-30,Water,TRC,0.03333333333333333
2025-05-30,Water,VLGEA,0.03333333333333333
2025-05-30,Water,RGCO,0.03333333333333333
2025-05-30,Water,GWRS,0.03333333333333333
2025-05-30,Water,ATLO,0.03333333333333333
2025-05-30,Water,RMAX,0.03333333333333333
2025-05-30,Water,NKSH,0.03333333333333333
2025-05-30,Water,DGICA,0.03333333333333333
2025-05-30,Water,FRAF,0.03333333333333333
2025-05-30,Water,BWFG,0.03333333333333333
2025-05-30,Water,NECB,0.03333333333333333
2025-05-30,Water,TIPT,0.03333333333333333
2025-05-30,Water,LEGH,0.03333333333333333
2025-05-30,Water,MLAB,0.03333333333333333
2025-05-30,Water,CBNK,0.03333333333333333
2025-05-30,Water,ARTNA,0.03333333333333333
2025-05-30,Water,VABK,0.03333333333333333
2025-05-30,Water,CZNC,0.03333333333333333
2025-05-30,Water,IIIN,0.03333333333333333
2025-05-30,Water,BSVN,0.03333333333333333
2025-05-30,Water,FDBC,0.03333333333333333
2025-05-30,Water,COFS,0.03333333333333333
2025-05-30,Water,TSBK,0.03333333333333333
2025-05-30,Water,FEIM,0.03333333333333333
2025-05-30,Water,UNTY,0.03333333333333333
2025-05-30,Water,FBIZ,0.03333333333333333
2025-05-30,Water,VRA,0.03333333333333333
2025-05-30,Water,STRS,0.03333333333333333
2025-05-30,Water,UTL,0.03333333333333333
2025-06-27,AI Infrastructure,LSBK,0.03333333333333333
2025-06-27,AI Infrastructure,CHSCM,0.03333333333333333
2025-06-27,AI Infrastructure,ALRS,0.03333333333333333
2025-06-27,AI Infrastructure,UTMD,0.03333333333333333
2025-06-27,AI Infrastructure,MRBK,0.03333333333333333
2025-06-27,AI Infrastructure,XRX,0.03333333333333333
2025-06-27,AI Infrastructure,MNSB,0.03333333333333333
2025-06-27,AI Infrastructure,FTLF,0.03333333333333333
2025-06-27,AI Infrastructure,NVEC,0.03333333333333333
2025-06-27,AI Infrastructure,FOXF,0.03333333333333333
2025-06-27,AI Infrastructure,PANL,0.03333333333333333
2025-06-27,AI Infrastructure,TSBK,0.03333333333333333
2025-06-27,AI Infrastructure,FCCO,0.03333333333333333
2025-06-27,AI Infrastructure,GPRO,0.03333333333333333
2025-06-27,AI Infrastructure,RELL,0.03333333333333333
2025-06-27,AI Infrastructure,NKSH,0.03333333333333333
2025-06-27,AI Infrastructure,CMCO,0.03333333333333333
2025-06-27,AI Infrastructure,AUDC,0.03333333333333333
2025-06-27,AI Infrastructure,DSX,0.03333333333333333
2025-06-27,AI Infrastructure,MX,0.03333333333333333
2025-06-27,AI Infrastructure,AIOT,0.03333333333333333
2025-06-27,AI Infrastructure,ORRF,0.03333333333333333
2025-06-27,AI Infrastructure,KRO,0.03333333333333333
2025-06-27,AI Infrastructure,RGCO,0.03333333333333333
2025-06-27,AI Infrastructure,ULBI,0.03333333333333333
2025-06-27,AI Infrastructure,JMSB,0.03333333333333333
2025-06-27,AI Infrastructure,SSTK,0.03333333333333333
2025-06-27,AI Infrastructure,MLAB,0.03333333333333333
2025-06-27,AI Infrastructure,FVCB,0.03333333333333333
2025-06-27,AI Infrastructure,ANGO,0.03333333333333333
2025-06-27,Agribusiness,TRC,0.03333333333333333
2025-06-27,Agribusiness,AVBH,0.03333333333333333
2025-06-27,Agribusiness,JACK,0.03333333333333333
2025-06-27,Agribusiness,LND,0.03333333333333333
2025-06-27,Agribusiness,LAND,0.03333333333333333
2025-06-27,Agribusiness,ACNT,0.03333333333333333
2025-06-27,Agribusiness,OXM,0.03333333333333333
2025-06-27,Agribusiness,ANGO,0.03333333333333333
2025-06-27,Agribusiness,ULH,0.03333333333333333
2025-06-27,Agribusiness,AMPH,0.03333333333333333
2025-06-27,Agribusiness,ASIX,0.03333333333333333
2025-06-27,Agribusiness,TITN,0.03333333333333333
2025-06-27,Agribusiness,NC,0.03333333333333333
2025-06-27,Agribusiness,MTUS,0.03333333333333333
2025-06-27,Agribusiness,JAKK,0.03333333333333333
2025-06-27,Agribusiness,MNOV,0.03333333333333333
2025-06-27,Agribusiness,SXC,0.03333333333333333
2025-06-27,Agribusiness,SHOE,0.03333333333333333
2025-06-27,Agribusiness,SANG,0.03333333333333333
2025-06-27,Agribusiness,TK,0.03333333333333333
2025-06-27,Agribusiness,SRG,0.03333333333333333
2025-06-27,Agribusiness,AIRT,0.03333333333333333
2025-06-27,Agribusiness,FLWS,0.03333333333333333
2025-06-27,Agribusiness,CAL,0.03333333333333333
2025-06-27,Agribusiness,GOOS,0.03333333333333333
2025-06-27,Agribusiness,CLNE,0.03333333333333333
2025-06-27,Agribusiness,GSM,0.03333333333333333
2025-06-27,Agribusiness,ODV,0.03333333333333333
2025-06-27,Agribusiness,GASS,0.03333333333333333
2025-06-27,Agribusiness,CVV,0.03333333333333333
2025-06-27,Clean Energy,LSBK,0.03333333333333333
2025-06-27,Clean Energy,CHSCM,0.03333333333333333
2025-06-27,Clean Energy,CHSCN,0.03333333333333333
2025-06-27,Clean Energy,PANL,0.03333333333333333
2025-06-27,Clean Energy,CGBD,0.03333333333333333
2025-06-27,Clean Energy,FUSB,0.03333333333333333
2025-06-27,Clean Energy,FOXF,0.03333333333333333
2025-06-27,Clean Energy,JRSH,0.03333333333333333
2025-06-27,Clean Energy,DLNG,0.03333333333333333
2025-06-27,Clean Energy,DSWL,0.03333333333333333
2025-06-27,Clean Energy,MHNC,0.03333333333333333
2025-06-27,Clean Energy,GAIN,0.03333333333333333
2025-06-27,Clean Energy,NEWT,0.03333333333333333
2025-06-27,Clean Energy,AFBI,0.03333333333333333
2025-06-27,Clean Energy,HVT,0.03333333333333333
2025-06-27,Clean Energy,MRAM,0.03333333333333333
2025-06-27,Clean Energy,BLNK,0.03333333333333333
2025-06-27,Clean Energy,ASIX,0.03333333333333333
2025-06-27,Clean Energy,ATLO,0.03333333333333333
2025-06-27,Clean Energy,FPI,0.03333333333333333
2025-06-27,Clean Energy,JACK,0.03333333333333333
2025-06-27,Clean Energy,NWFL,0.03333333333333333
2025-06-27,Clean Energy,CWH,0.03333333333333333
2025-06-27,Clean Energy,HQI,0.03333333333333333
2025-06-27,Clean Energy,HDSN,0.03333333333333333
2025-06-27,Clean Energy,NATH,0.03333333333333333
2025-06-27,Clean Energy,NKSH,0.03333333333333333
2025-06-27,Clean Energy,ETD,0.03333333333333333
2025-06-27,Clean Energy,LTRX,0.03333333333333333
2025-06-27,Clean Energy,HZO,0.03333333333333333
2025-06-27,Critical Minerals,PANL,0.03333333333333333
2025-06-27,Critical Minerals,EPSN,0.03333333333333333
2025-06-27,Critical Minerals,SB,0.03333333333333333
2025-06-27,Critical Minerals,NOA,0.03333333333333333
2025-06-27,Critical Minerals,MTUS,0.03333333333333333
2025-06-27,Critical Minerals,CAPL,0.03333333333333333
2025-06-27,Critical Minerals,SXC,0.03333333333333333
2025-06-27,Critical Minerals,LND,0.03333333333333333
2025-06-27,Critical Minerals,MATV,0.03333333333333333
2025-06-27,Critical Minerals,GSM,0.03333333333333333
2025-06-27,Critical Minerals,ASYS,0.03333333333333333
2025-06-27,Critical Minerals,VHI,0.03333333333333333
2025-06-27,Critical Minerals,ODV,0.03333333333333333
2025-06-27,Critical Minerals,ASA,0.03333333333333333
2025-06-27,Critical Minerals,TBCH,0.03333333333333333
2025-06-27,Critical Minerals,GASS,0.03333333333333333
2025-06-27,Critical Minerals,FOCL,0.03333333333333333
2025-06-27,Critical Minerals,PFX,0.03333333333333333
2025-06-27,Critical Minerals,DLNG,0.03333333333333333
2025-06-27,Critical Minerals,STRS,0.03333333333333333
2025-06-27,Critical Minerals,KE,0.03333333333333333
2025-06-27,Critical Minerals,MRAM,0.03333333333333333
2025-06-27,Critical Minerals,METC,0.03333333333333333
2025-06-27,Critical Minerals,OSPN,0.03333333333333333
2025-06-27,Critical Minerals,IZEA,0.03333333333333333
2025-06-27,Critical Minerals,KRO,0.03333333333333333
2025-06-27,Critical Minerals,BAK,0.03333333333333333
2025-06-27,Critical Minerals,GPRO,0.03333333333333333
2025-06-27,Critical Minerals,NGS,0.03333333333333333
2025-06-27,Critical Minerals,MAKO,0.03333333333333333
2025-06-27,Cybersecurity,UTMD,0.03333333333333333
2025-06-27,Cybersecurity,AFBI,0.03333333333333333
2025-06-27,Cybersecurity,CBFV,0.03333333333333333
2025-06-27,Cybersecurity,PBHC,0.03333333333333333
2025-06-27,Cybersecurity,RVSB,0.03333333333333333
2025-06-27,Cybersecurity,DSWL,0.03333333333333333
2025-06-27,Cybersecurity,FRAF,0.03333333333333333
2025-06-27,Cybersecurity,AVBH,0.03333333333333333
2025-06-27,Cybersecurity,FRPH,0.03333333333333333
2025-06-27,Cybersecurity,CWBC,0.03333333333333333
2025-06-27,Cybersecurity,TRC,0.03333333333333333
2025-06-27,Cybersecurity,NODK,0.03333333333333333
2025-06-27,Cybersecurity,CTO,0.03333333333333333
2025-06-27,Cybersecurity,NECB,0.03333333333333333
2025-06-27,Cybersecurity,IIIV,0.03333333333333333
2025-06-27,Cybersecurity,ALRS,0.03333333333333333
2025-06-27,Cybersecurity,CZWI,0.03333333333333333
2025-06-27,Cybersecurity,BCML,0.03333333333333333
2025-06-27,Cybersecurity,FCCO,0.03333333333333333
2025-06-27,Cybersecurity,PEBK,0.03333333333333333
2025-06-27,Cybersecurity,PD,0.03333333333333333
2025-06-27,Cybersecurity,PKBK,0.03333333333333333
2025-06-27,Cybersecurity,BFS,0.03333333333333333
2025-06-27,Cybersecurity,MNSB,0.03333333333333333
2025-06-27,Cybersecurity,GSBC,0.03333333333333333
2025-06-27,Cybersecurity,TSBK,0.03333333333333333
2025-06-27,Cybersecurity,NKSH,0.03333333333333333
2025-06-27,Cybersecurity,EML,0.03333333333333333
2025-06-27,Cybersecurity,SSTK,0.03333333333333333
2025-06-27,Cybersecurity,SITC,0.03333333333333333
2025-06-27,Defense,NPK,0.03333333333333333
2025-06-27,Defense,VLGEA,0.03333333333333333
2025-06-27,Defense,GLRE,0.03333333333333333
2025-06-27,Defense,LOCO,0.03333333333333333
2025-06-27,Defense,APOG,0.03333333333333333
2025-06-27,Defense,HVT,0.03333333333333333
2025-06-27,Defense,ISBA,0.03333333333333333
2025-06-27,Defense,CTO,0.03333333333333333
2025-06-27,Defense,NEWT,0.03333333333333333
2025-06-27,Defense,GILT,0.03333333333333333
2025-06-27,Defense,DLTH,0.03333333333333333
2025-06-27,Defense,MCS,0.03333333333333333
2025-06-27,Defense,FUNC,0.03333333333333333
2025-06-27,Defense,ULH,0.03333333333333333
2025-06-27,Defense,TSBK,0.03333333333333333
2025-06-27,Defense,GNE,0.03333333333333333
2025-06-27,Defense,RGCO,0.03333333333333333
2025-06-27,Defense,CAC,0.03333333333333333
2025-06-27,Defense,EGAN,0.03333333333333333
2025-06-27,Defense,RMAX,0.03333333333333333
2025-06-27,Defense,TRNS,0.03333333333333333
2025-06-27,Defense,MLAB,0.03333333333333333
2025-06-27,Defense,MGPI,0.03333333333333333
2025-06-27,Defense,WNC,0.03333333333333333
2025-06-27,Defense,FTLF,0.03333333333333333
2025-06-27,Defense,ZUMZ,0.03333333333333333
2025-06-27,Defense,DSX,0.03333333333333333
2025-06-27,Defense,SIBN,0.03333333333333333
2025-06-27,Defense,PDEX,0.03333333333333333
2025-06-27,Defense,ALLT,0.03333333333333333
2025-06-27,Fintech,DSWL,0.03333333333333333
2025-06-27,Fintech,UTMD,0.03333333333333333
2025-06-27,Fintech,SBFG,0.03333333333333333
2025-06-27,Fintech,ACCO,0.03333333333333333
2025-06-27,Fintech,IIIV,0.03333333333333333
2025-06-27,Fintech,ITIC,0.03333333333333333
2025-06-27,Fintech,FRAF,0.03333333333333333
2025-06-27,Fintech,VRRM,0.03333333333333333
2025-06-27,Fintech,WEYS,0.03333333333333333
2025-06-27,Fintech,MCS,0.03333333333333333
2025-06-27,Fintech,JRSH,0.03333333333333333
2025-06-27,Fintech,FNWB,0.03333333333333333
2025-06-27,Fintech,FUNC,0.03333333333333333
2025-06-27,Fintech,SSTK,0.03333333333333333
2025-06-27,Fintech,FCCO,0.03333333333333333
2025-06-27,Fintech,MTLS,0.03333333333333333
2025-06-27,Fintech,PD,0.03333333333333333
2025-06-27,Fintech,NUS,0.03333333333333333
2025-06-27,Fintech,OSPN,0.03333333333333333
2025-06-27,Fintech,VRA,0.03333333333333333
2025-06-27,Fintech,GRVY,0.03333333333333333
2025-06-27,Fintech,FEIM,0.03333333333333333
2025-06-27,Fintech,IIIN,0.03333333333333333
2025-06-27,Fintech,UFI,0.03333333333333333
2025-06-27,Fintech,SSYS,0.03333333333333333
2025-06-27,Fintech,UNTY,0.03333333333333333
2025-06-27,Fintech,TITN,0.03333333333333333
2025-06-27,Fintech,ZUMZ,0.03333333333333333
2025-06-27,Fintech,SIEB,0.03333333333333333
2025-06-27,Fintech,KRMD,0.03333333333333333
2025-06-27,Robotics & AI,CHSCM,0.03333333333333333
2025-06-27,Robotics & AI,CHSCN,0.03333333333333333
2025-06-27,Robotics & AI,LSBK,0.03333333333333333
2025-06-27,Robotics & AI,CHSCO,0.03333333333333333
2025-06-27,Robotics & AI,UTMD,0.03333333333333333
2025-06-27,Robotics & AI,PFX,0.03333333333333333
2025-06-27,Robotics & AI,PROV,0.03333333333333333
2025-06-27,Robotics & AI,ATLO,0.03333333333333333
2025-06-27,Robotics & AI,MRBK,0.03333333333333333
2025-06-27,Robotics & AI,DSWL,0.03333333333333333
2025-06-27,Robotics & AI,BCIC,0.03333333333333333
2025-06-27,Robotics & AI,ACCO,0.03333333333333333
2025-06-27,Robotics & AI,JRSH,0.03333333333333333
2025-06-27,Robotics & AI,EML,0.03333333333333333
2025-06-27,Robotics & AI,NECB,0.03333333333333333
2025-06-27,Robotics & AI,PKE,0.03333333333333333
2025-06-27,Robotics & AI,ALRS,0.03333333333333333
2025-06-27,Robotics & AI,NWFL,0.03333333333333333
2025-06-27,Robotics & AI,KE,0.03333333333333333
2025-06-27,Robotics & AI,DLNG,0.03333333333333333
2025-06-27,Robotics & AI,FCCO,0.03333333333333333
2025-06-27,Robotics & AI,CZWI,0.03333333333333333
2025-06-27,Robotics & AI,CWBC,0.03333333333333333
2025-06-27,Robotics & AI,NKSH,0.03333333333333333
2025-06-27,Robotics & AI,IIIN,0.03333333333333333
2025-06-27,Robotics & AI,NVEC,0.03333333333333333
2025-06-27,Robotics & AI,TSBK,0.03333333333333333
2025-06-27,Robotics & AI,FOXF,0.03333333333333333
2025-06-27,Robotics & AI,KRO,0.03333333333333333
2025-06-27,Robotics & AI,AUDC,0.03333333333333333
2025-06-27,Timber & Forestry,PFX,0.03333333333333333
2025-06-27,Timber & Forestry,PROV,0.03333333333333333
2025-06-27,Timber & Forestry,MHLA,0.03333333333333333
2025-06-27,Timber & Forestry,CMTV,0.03333333333333333
2025-06-27,Timber & Forestry,GAIN,0.03333333333333333
2025-06-27,Timber & Forestry,TRC,0.03333333333333333
2025-06-27,Timber & Forestry,MHNC,0.03333333333333333
2025-06-27,Timber & Forestry,APOG,0.03333333333333333
2025-06-27,Timber & Forestry,PKE,0.03333333333333333
2025-06-27,Timber & Forestry,NODK,0.03333333333333333
2025-06-27,Timber & Forestry,EML,0.03333333333333333
2025-06-27,Timber & Forestry,NATH,0.03333333333333333
2025-06-27,Timber & Forestry,TIPT,0.03333333333333333
2025-06-27,Timber & Forestry,MATV,0.03333333333333333
2025-06-27,Timber & Forestry,CCOI,0.03333333333333333
2025-06-27,Timber & Forestry,ACCO,0.03333333333333333
2025-06-27,Timber & Forestry,SBFG,0.03333333333333333
2025-06-27,Timber & Forestry,ATLO,0.03333333333333333
2025-06-27,Timber & Forestry,CAPL,0.03333333333333333
2025-06-27,Timber & Forestry,ITIC,0.03333333333333333
2025-06-27,Timber & Forestry,AIV,0.03333333333333333
2025-06-27,Timber & Forestry,JACK,0.03333333333333333
2025-06-27,Timber & Forestry,NECB,0.03333333333333333
2025-06-27,Timber & Forestry,BRT,0.03333333333333333
2025-06-27,Timber & Forestry,PCB,0.03333333333333333
2025-06-27,Timber & Forestry,NX,0.03333333333333333
2025-06-27,Timber & Forestry,THRY,0.03333333333333333
2025-06-27,Timber & Forestry,OOMA,0.03333333333333333
2025-06-27,Timber & Forestry,DGICA,0.03333333333333333
2025-06-27,Timber & Forestry,SCHL,0.03333333333333333
2025-06-27,US Infrastructure,CMTV,0.03333333333333333
2025-06-27,US Infrastructure,GLRE,0.03333333333333333
2025-06-27,US Infrastructure,VLGEA,0.03333333333333333
2025-06-27,US Infrastructure,BBSI,0.03333333333333333
2025-06-27,US Infrastructure,APOG,0.03333333333333333
2025-06-27,US Infrastructure,PKE,0.03333333333333333
2025-06-27,US Infrastructure,BH,0.03333333333333333
2025-06-27,US Infrastructure,NEWT,0.03333333333333333
2025-06-27,US Infrastructure,GWRS,0.03333333333333333
2025-06-27,US Infrastructure,RMAX,0.03333333333333333
2025-06-27,US Infrastructure,IIIN,0.03333333333333333
2025-06-27,US Infrastructure,LEGH,0.03333333333333333
2025-06-27,US Infrastructure,XRN,0.03333333333333333
2025-06-27,US Infrastructure,WNC,0.03333333333333333
2025-06-27,US Infrastructure,STRS,0.03333333333333333
2025-06-27,US Infrastructure,HY,0.03333333333333333
2025-06-27,US Infrastructure,TRNS,0.03333333333333333
2025-06-27,US Infrastructure,PKOH,0.03333333333333333
2025-06-27,US Infrastructure,SRI,0.03333333333333333
2025-06-27,US Infrastructure,CWCO,0.03333333333333333
2025-06-27,US Infrastructure,AGNT,0.03333333333333333
2025-06-27,US Infrastructure,ARL,0.03333333333333333
2025-06-27,US Infrastructure,SXC,0.03333333333333333
2025-06-27,US Infrastructure,GEOS,0.03333333333333333
2025-06-27,US Infrastructure,MPAA,0.03333333333333333
2025-06-27,US Infrastructure,CVV,0.03333333333333333
2025-06-27,US Infrastructure,HDSN,0.03333333333333333
2025-06-27,US Infrastructure,ODV,0.03333333333333333
2025-06-27,US Infrastructure,BXC,0.03333333333333333
2025-06-27,US Infrastructure,MTRX,0.03333333333333333
2025-06-27,Water,TRC,0.03333333333333333
2025-06-27,Water,GLRE,0.03333333333333333
2025-06-27,Water,GWRS,0.03333333333333333
2025-06-27,Water,VLGEA,0.03333333333333333
2025-06-27,Water,RGCO,0.03333333333333333
2025-06-27,Water,ATLO,0.03333333333333333
2025-06-27,Water,APOG,0.03333333333333333
2025-06-27,Water,NKSH,0.03333333333333333
2025-06-27,Water,VABK,0.03333333333333333
2025-06-27,Water,DGICA,0.03333333333333333
2025-06-27,Water,RMAX,0.03333333333333333
2025-06-27,Water,TIPT,0.03333333333333333
2025-06-27,Water,BWFG,0.03333333333333333
2025-06-27,Water,HSTM,0.03333333333333333
2025-06-27,Water,LEGH,0.03333333333333333
2025-06-27,Water,FCCO,0.03333333333333333
2025-06-27,Water,MLAB,0.03333333333333333
2025-06-27,Water,CZNC,0.03333333333333333
2025-06-27,Water,ARTNA,0.03333333333333333
2025-06-27,Water,BSVN,0.03333333333333333
2025-06-27,Water,IIIN,0.03333333333333333
2025-06-27,Water,WNEB,0.03333333333333333
2025-06-27,Water,FDBC,0.03333333333333333
2025-06-27,Water,KIDS,0.03333333333333333
2025-06-27,Water,NVEC,0.03333333333333333
2025-06-27,Water,ERII,0.03333333333333333
2025-06-27,Water,UTL,0.03333333333333333
2025-06-27,Water,ANGO,0.03333333333333333
2025-06-27,Water,WNC,0.03333333333333333
2025-06-27,Water,CWCO,0.03333333333333333
2025-07-25,AI Infrastructure,LSBK,0.03333333333333333
2025-07-25,AI Infrastructure,ALRS,0.03333333333333333
2025-07-25,AI Infrastructure,CHSCM,0.03333333333333333
2025-07-25,AI Infrastructure,FTLF,0.03333333333333333
2025-07-25,AI Infrastructure,MNSB,0.03333333333333333
2025-07-25,AI Infrastructure,CMCO,0.03333333333333333
2025-07-25,AI Infrastructure,UTMD,0.03333333333333333
2025-07-25,AI Infrastructure,EML,0.03333333333333333
2025-07-25,AI Infrastructure,MRBK,0.03333333333333333
2025-07-25,AI Infrastructure,KE,0.03333333333333333
2025-07-25,AI Infrastructure,DLNG,0.03333333333333333
2025-07-25,AI Infrastructure,RBBN,0.03333333333333333
2025-07-25,AI Infrastructure,XRX,0.03333333333333333
2025-07-25,AI Infrastructure,CWBC,0.03333333333333333
2025-07-25,AI Infrastructure,NVEC,0.03333333333333333
2025-07-25,AI Infrastructure,FOXF,0.03333333333333333
2025-07-25,AI Infrastructure,KRO,0.03333333333333333
2025-07-25,AI Infrastructure,DSX,0.03333333333333333
2025-07-25,AI Infrastructure,AUDC,0.03333333333333333
2025-07-25,AI Infrastructure,MX,0.03333333333333333
2025-07-25,AI Infrastructure,ORRF,0.03333333333333333
2025-07-25,AI Infrastructure,ULBI,0.03333333333333333
2025-07-25,AI Infrastructure,EGAN,0.03333333333333333
2025-07-25,AI Infrastructure,MLAB,0.03333333333333333
2025-07-25,AI Infrastructure,ONIT,0.03333333333333333
2025-07-25,AI Infrastructure,JMSB,0.03333333333333333
2025-07-25,AI Infrastructure,EPSN,0.03333333333333333
2025-07-25,AI Infrastructure,NRIM,0.03333333333333333
2025-07-25,AI Infrastructure,STRT,0.03333333333333333
2025-07-25,AI Infrastructure,ANGO,0.03333333333333333
2025-07-25,Agribusiness,TRC,0.03333333333333333
2025-07-25,Agribusiness,GAIN,0.03333333333333333
2025-07-25,Agribusiness,KVHI,0.03333333333333333
2025-07-25,Agribusiness,AFBI,0.03333333333333333
2025-07-25,Agribusiness,HVT,0.03333333333333333
2025-07-25,Agribusiness,AVBH,0.03333333333333333
2025-07-25,Agribusiness,LND,0.03333333333333333
2025-07-25,Agribusiness,ITIC,0.03333333333333333
2025-07-25,Agribusiness,LAND,0.03333333333333333
2025-07-25,Agribusiness,WEYS,0.03333333333333333
2025-07-25,Agribusiness,ACNT,0.03333333333333333
2025-07-25,Agribusiness,ANGO,0.03333333333333333
2025-07-25,Agribusiness,OXM,0.03333333333333333
2025-07-25,Agribusiness,GOGO,0.03333333333333333
2025-07-25,Agribusiness,ASIX,0.03333333333333333
2025-07-25,Agribusiness,CHCI,0.03333333333333333
2025-07-25,Agribusiness,NC,0.03333333333333333
2025-07-25,Agribusiness,TITN,0.03333333333333333
2025-07-25,Agribusiness,MTUS,0.03333333333333333
2025-07-25,Agribusiness,MRAM,0.03333333333333333
2025-07-25,Agribusiness,SANG,0.03333333333333333
2025-07-25,Agribusiness,SXC,0.03333333333333333
2025-07-25,Agribusiness,AIRT,0.03333333333333333
2025-07-25,Agribusiness,GOOS,0.03333333333333333
2025-07-25,Agribusiness,TK,0.03333333333333333
2025-07-25,Agribusiness,CLNE,0.03333333333333333
2025-07-25,Agribusiness,GSM,0.03333333333333333
2025-07-25,Agribusiness,BLNK,0.03333333333333333
2025-07-25,Agribusiness,ODV,0.03333333333333333
2025-07-25,Agribusiness,CLFD,0.03333333333333333
2025-07-25,Clean Energy,LSBK,0.03333333333333333
2025-07-25,Clean Energy,DSWL,0.03333333333333333
2025-07-25,Clean Energy,CGBD,0.03333333333333333
2025-07-25,Clean Energy,CHSCN,0.03333333333333333
2025-07-25,Clean Energy,PROV,0.03333333333333333
2025-07-25,Clean Energy,DLNG,0.03333333333333333
2025-07-25,Clean Energy,GLAD,0.03333333333333333
2025-07-25,Clean Energy,KVHI,0.03333333333333333
2025-07-25,Clean Energy,JRSH,0.03333333333333333
2025-07-25,Clean Energy,FUSB,0.03333333333333333
2025-07-25,Clean Energy,AFBI,0.03333333333333333
2025-07-25,Clean Energy,MHNC,0.03333333333333333
2025-07-25,Clean Energy,PANL,0.03333333333333333
2025-07-25,Clean Energy,FOXF,0.03333333333333333
2025-07-25,Clean Energy,ATLO,0.03333333333333333
2025-07-25,Clean Energy,KE,0.03333333333333333
2025-07-25,Clean Energy,GAIN,0.03333333333333333
2025-07-25,Clean Energy,PFLT,0.03333333333333333
2025-07-25,Clean Energy,MRAM,0.03333333333333333
2025-07-25,Clean Energy,HRZN,0.03333333333333333
2025-07-25,Clean Energy,NKSH,0.03333333333333333
2025-07-25,Clean Energy,AVBH,0.03333333333333333
2025-07-25,Clean Energy,MATV,0.03333333333333333
2025-07-25,Clean Energy,NWFL,0.03333333333333333
2025-07-25,Clean Energy,MOV,0.03333333333333333
2025-07-25,Clean Energy,HVT,0.03333333333333333
2025-07-25,Clean Energy,ISBA,0.03333333333333333
2025-07-25,Clean Energy,KRO,0.03333333333333333
2025-07-25,Clean Energy,ACNT,0.03333333333333333
2025-07-25,Clean Energy,OXM,0.03333333333333333
2025-07-25,Critical Minerals,PANL,0.03333333333333333
2025-07-25,Critical Minerals,NOA,0.03333333333333333
2025-07-25,Critical Minerals,VHI,0.03333333333333333
2025-07-25,Critical Minerals,CAPL,0.03333333333333333
2025-07-25,Critical Minerals,MTUS,0.03333333333333333
2025-07-25,Critical Minerals,SXC,0.03333333333333333
2025-07-25,Critical Minerals,EPSN,0.03333333333333333
2025-07-25,Critical Minerals,MATV,0.03333333333333333
2025-07-25,Critical Minerals,LND,0.03333333333333333
2025-07-25,Critical Minerals,CHCI,0.03333333333333333
2025-07-25,Critical Minerals,KRO,0.03333333333333333
2025-07-25,Critical Minerals,FOCL,0.03333333333333333
2025-07-25,Critical Minerals,GSM,0.03333333333333333
2025-07-25,Critical Minerals,STRS,0.03333333333333333
2025-07-25,Critical Minerals,ODV,0.03333333333333333
2025-07-25,Critical Minerals,ASA,0.03333333333333333
2025-07-25,Critical Minerals,DLNG,0.03333333333333333
2025-07-25,Critical Minerals,ACNT,0.03333333333333333
2025-07-25,Critical Minerals,DSWL,0.03333333333333333
2025-07-25,Critical Minerals,IZEA,0.03333333333333333
2025-07-25,Critical Minerals,ASYS,0.03333333333333333
2025-07-25,Critical Minerals,MRAM,0.03333333333333333
2025-07-25,Critical Minerals,KE,0.03333333333333333
2025-07-25,Critical Minerals,MAKO,0.03333333333333333
2025-07-25,Critical Minerals,GASS,0.03333333333333333
2025-07-25,Critical Minerals,SIEB,0.03333333333333333
2025-07-25,Critical Minerals,GOOS,0.03333333333333333
2025-07-25,Critical Minerals,MAGN,0.03333333333333333
2025-07-25,Critical Minerals,TROX,0.03333333333333333
2025-07-25,Critical Minerals,LGO,0.03333333333333333
2025-07-25,Cybersecurity,UTMD,0.03333333333333333
2025-07-25,Cybersecurity,VLGEA,0.03333333333333333
2025-07-25,Cybersecurity,AFBI,0.03333333333333333
2025-07-25,Cybersecurity,PBHC,0.03333333333333333
2025-07-25,Cybersecurity,AVBH,0.03333333333333333
2025-07-25,Cybersecurity,TRC,0.03333333333333333
2025-07-25,Cybersecurity,BCML,0.03333333333333333
2025-07-25,Cybersecurity,CWBC,0.03333333333333333
2025-07-25,Cybersecurity,NECB,0.03333333333333333
2025-07-25,Cybersecurity,IIIV,0.03333333333333333
2025-07-25,Cybersecurity,PEBK,0.03333333333333333
2025-07-25,Cybersecurity,ALRS,0.03333333333333333
2025-07-25,Cybersecurity,EML,0.03333333333333333
2025-07-25,Cybersecurity,VRRM,0.03333333333333333
2025-07-25,Cybersecurity,PD,0.03333333333333333
2025-07-25,Cybersecurity,MCS,0.03333333333333333
2025-07-25,Cybersecurity,RM,0.03333333333333333
2025-07-25,Cybersecurity,CBAN,0.03333333333333333
2025-07-25,Cybersecurity,ACCO,0.03333333333333333
2025-07-25,Cybersecurity,RMAX,0.03333333333333333
2025-07-25,Cybersecurity,ACNB,0.03333333333333333
2025-07-25,Cybersecurity,BH,0.03333333333333333
2025-07-25,Cybersecurity,AUDC,0.03333333333333333
2025-07-25,Cybersecurity,CAC,0.03333333333333333
2025-07-25,Cybersecurity,SITC,0.03333333333333333
2025-07-25,Cybersecurity,CPF,0.03333333333333333
2025-07-25,Cybersecurity,INTG,0.03333333333333333
2025-07-25,Cybersecurity,SSTK,0.03333333333333333
2025-07-25,Cybersecurity,PDLB,0.03333333333333333
2025-07-25,Cybersecurity,EGAN,0.03333333333333333
2025-07-25,Defense,VLGEA,0.03333333333333333
2025-07-25,Defense,EBF,0.03333333333333333
2025-07-25,Defense,GLRE,0.03333333333333333
2025-07-25,Defense,NPK,0.03333333333333333
2025-07-25,Defense,BBSI,0.03333333333333333
2025-07-25,Defense,LOCO,0.03333333333333333
2025-07-25,Defense,CTO,0.03333333333333333
2025-07-25,Defense,APOG,0.03333333333333333
2025-07-25,Defense,HVT,0.03333333333333333
2025-07-25,Defense,NECB,0.03333333333333333
2025-07-25,Defense,ISBA,0.03333333333333333
2025-07-25,Defense,HSTM,0.03333333333333333
2025-07-25,Defense,ETD,0.03333333333333333
2025-07-25,Defense,BH,0.03333333333333333
2025-07-25,Defense,CZNC,0.03333333333333333
2025-07-25,Defense,TSBK,0.03333333333333333
2025-07-25,Defense,VABK,0.03333333333333333
2025-07-25,Defense,GWRS,0.03333333333333333
2025-07-25,Defense,FUNC,0.03333333333333333
2025-07-25,Defense,RGCO,0.03333333333333333
2025-07-25,Defense,MCS,0.03333333333333333
2025-07-25,Defense,RMAX,0.03333333333333333
2025-07-25,Defense,CFFI,0.03333333333333333
2025-07-25,Defense,CAC,0.03333333333333333
2025-07-25,Defense,CARE,0.03333333333333333
2025-07-25,Defense,GILT,0.03333333333333333
2025-07-25,Defense,FCBC,0.03333333333333333
2025-07-25,Defense,GNE,0.03333333333333333
2025-07-25,Defense,ACNB,0.03333333333333333
2025-07-25,Defense,MGPI,0.03333333333333333
2025-07-25,Fintech,SFBC,0.03333333333333333
2025-07-25,Fintech,RDCM,0.03333333333333333
2025-07-25,Fintech,UTMD,0.03333333333333333
2025-07-25,Fintech,LARK,0.03333333333333333
2025-07-25,Fintech,SBFG,0.03333333333333333
2025-07-25,Fintech,DSWL,0.03333333333333333
2025-07-25,Fintech,FRPH,0.03333333333333333
2025-07-25,Fintech,WEYS,0.03333333333333333
2025-07-25,Fintech,MCS,0.03333333333333333
2025-07-25,Fintech,FRAF,0.03333333333333333
2025-07-25,Fintech,ACCO,0.03333333333333333
2025-07-25,Fintech,IIIV,0.03333333333333333
2025-07-25,Fintech,VRRM,0.03333333333333333
2025-07-25,Fintech,JRSH,0.03333333333333333
2025-07-25,Fintech,FUNC,0.03333333333333333
2025-07-25,Fintech,RM,0.03333333333333333
2025-07-25,Fintech,FCCO,0.03333333333333333
2025-07-25,Fintech,FNWB,0.03333333333333333
2025-07-25,Fintech,MTLS,0.03333333333333333
2025-07-25,Fintech,SSTK,0.03333333333333333
2025-07-25,Fintech,PD,0.03333333333333333
2025-07-25,Fintech,NUS,0.03333333333333333
2025-07-25,Fintech,GRVY,0.03333333333333333
2025-07-25,Fintech,OSPN,0.03333333333333333
2025-07-25,Fintech,INSE,0.03333333333333333
2025-07-25,Fintech,SSYS,0.03333333333333333
2025-07-25,Fintech,KRMD,0.03333333333333333
2025-07-25,Fintech,UFI,0.03333333333333333
2025-07-25,Fintech,ZUMZ,0.03333333333333333
2025-07-25,Fintech,TITN,0.03333333333333333
2025-07-25,Robotics & AI,CHSCM,0.03333333333333333
2025-07-25,Robotics & AI,CHSCN,0.03333333333333333
2025-07-25,Robotics & AI,LSBK,0.03333333333333333
2025-07-25,Robotics & AI,UTMD,0.03333333333333333
2025-07-25,Robotics & AI,PROV,0.03333333333333333
2025-07-25,Robotics & AI,PFX,0.03333333333333333
2025-07-25,Robotics & AI,ATLO,0.03333333333333333
2025-07-25,Robotics & AI,JRSH,0.03333333333333333
2025-07-25,Robotics & AI,BCIC,0.03333333333333333
2025-07-25,Robotics & AI,MRBK,0.03333333333333333
2025-07-25,Robotics & AI,MNSB,0.03333333333333333
2025-07-25,Robotics & AI,DSWL,0.03333333333333333
2025-07-25,Robotics & AI,SBFG,0.03333333333333333
2025-07-25,Robotics & AI,EML,0.03333333333333333
2025-07-25,Robotics & AI,ALRS,0.03333333333333333
2025-07-25,Robotics & AI,ACCO,0.03333333333333333
2025-07-25,Robotics & AI,NECB,0.03333333333333333
2025-07-25,Robotics & AI,RDCM,0.03333333333333333
2025-07-25,Robotics & AI,NWFL,0.03333333333333333
2025-07-25,Robotics & AI,CZWI,0.03333333333333333
2025-07-25,Robotics & AI,NKSH,0.03333333333333333
2025-07-25,Robotics & AI,CWBC,0.03333333333333333
2025-07-25,Robotics & AI,IIIN,0.03333333333333333
2025-07-25,Robotics & AI,FCCO,0.03333333333333333
2025-07-25,Robotics & AI,CMCO,0.03333333333333333
2025-07-25,Robotics & AI,KRO,0.03333333333333333
2025-07-25,Robotics & AI,DLNG,0.03333333333333333
2025-07-25,Robotics & AI,USNA,0.03333333333333333
2025-07-25,Robotics & AI,EBMT,0.03333333333333333
2025-07-25,Robotics & AI,KE,0.03333333333333333
2025-07-25,Timber & Forestry,CHSCM,0.03333333333333333
2025-07-25,Timber & Forestry,PFX,0.03333333333333333
2025-07-25,Timber & Forestry,MHLA,0.03333333333333333
2025-07-25,Timber & Forestry,PROV,0.03333333333333333
2025-07-25,Timber & Forestry,GAIN,0.03333333333333333
2025-07-25,Timber & Forestry,MHNC,0.03333333333333333
2025-07-25,Timber & Forestry,CMTV,0.03333333333333333
2025-07-25,Timber & Forestry,TRC,0.03333333333333333
2025-07-25,Timber & Forestry,APOG,0.03333333333333333
2025-07-25,Timber & Forestry,NODK,0.03333333333333333
2025-07-25,Timber & Forestry,NATH,0.03333333333333333
2025-07-25,Timber & Forestry,TSQ,0.03333333333333333
2025-07-25,Timber & Forestry,EML,0.03333333333333333
2025-07-25,Timber & Forestry,CCOI,0.03333333333333333
2025-07-25,Timber & Forestry,ATLO,0.03333333333333333
2025-07-25,Timber & Forestry,TIPT,0.03333333333333333
2025-07-25,Timber & Forestry,CAPL,0.03333333333333333
2025-07-25,Timber & Forestry,AIV,0.03333333333333333
2025-07-25,Timber & Forestry,MATV,0.03333333333333333
2025-07-25,Timber & Forestry,ITIC,0.03333333333333333
2025-07-25,Timber & Forestry,ACCO,0.03333333333333333
2025-07-25,Timber & Forestry,BRT,0.03333333333333333
2025-07-25,Timber & Forestry,THRY,0.03333333333333333
2025-07-25,Timber & Forestry,NX,0.03333333333333333
2025-07-25,Timber & Forestry,NECB,0.03333333333333333
2025-07-25,Timber & Forestry,PCB,0.03333333333333333
2025-07-25,Timber & Forestry,ACNT,0.03333333333333333
2025-07-25,Timber & Forestry,NWFL,0.03333333333333333
2025-07-25,Timber & Forestry,ESCA,0.03333333333333333
2025-07-25,Timber & Forestry,CHMG,0.03333333333333333
2025-07-25,US Infrastructure,PFX,0.03333333333333333
2025-07-25,US Infrastructure,GLRE,0.03333333333333333
2025-07-25,US Infrastructure,VLGEA,0.03333333333333333
2025-07-25,US Infrastructure,BBSI,0.03333333333333333
2025-07-25,US Infrastructure,APOG,0.03333333333333333
2025-07-25,US Infrastructure,PCYO,0.03333333333333333
2025-07-25,US Infrastructure,ITIC,0.03333333333333333
2025-07-25,US Infrastructure,PKE,0.03333333333333333
2025-07-25,US Infrastructure,BH,0.03333333333333333
2025-07-25,US Infrastructure,STRS,0.03333333333333333
2025-07-25,US Infrastructure,GILT,0.03333333333333333
2025-07-25,US Infrastructure,ACNT,0.03333333333333333
2025-07-25,US Infrastructure,IIIN,0.03333333333333333
2025-07-25,US Infrastructure,WNC,0.03333333333333333
2025-07-25,US Infrastructure,LEGH,0.03333333333333333
2025-07-25,US Infrastructure,LYTS,0.03333333333333333
2025-07-25,US Infrastructure,HY,0.03333333333333333
2025-07-25,US Infrastructure,ASIX,0.03333333333333333
2025-07-25,US Infrastructure,PANL,0.03333333333333333
2025-07-25,US Infrastructure,SRI,0.03333333333333333
2025-07-25,US Infrastructure,PKOH,0.03333333333333333
2025-07-25,US Infrastructure,TRNS,0.03333333333333333
2025-07-25,US Infrastructure,SANG,0.03333333333333333
2025-07-25,US Infrastructure,MRAM,0.03333333333333333
2025-07-25,US Infrastructure,YTRA,0.03333333333333333
2025-07-25,US Infrastructure,MTUS,0.03333333333333333
2025-07-25,US Infrastructure,SXC,0.03333333333333333
2025-07-25,US Infrastructure,NGVC,0.03333333333333333
2025-07-25,US Infrastructure,CVV,0.03333333333333333
2025-07-25,US Infrastructure,ODV,0.03333333333333333
2025-07-25,Water,EBF,0.03333333333333333
2025-07-25,Water,VLGEA,0.03333333333333333
2025-07-25,Water,TRC,0.03333333333333333
2025-07-25,Water,GLRE,0.03333333333333333
2025-07-25,Water,ATLO,0.03333333333333333
2025-07-25,Water,NWFL,0.03333333333333333
2025-07-25,Water,GWRS,0.03333333333333333
2025-07-25,Water,RGCO,0.03333333333333333
2025-07-25,Water,NKSH,0.03333333333333333
2025-07-25,Water,NECB,0.03333333333333333
2025-07-25,Water,RDCM,0.03333333333333333
2025-07-25,Water,APOG,0.03333333333333333
2025-07-25,Water,FCCO,0.03333333333333333
2025-07-25,Water,CZNC,0.03333333333333333
2025-07-25,Water,DGICA,0.03333333333333333
2025-07-25,Water,LEGH,0.03333333333333333
2025-07-25,Water,TIPT,0.03333333333333333
2025-07-25,Water,IIIN,0.03333333333333333
2025-07-25,Water,MLAB,0.03333333333333333
2025-07-25,Water,WNEB,0.03333333333333333
2025-07-25,Water,TSBK,0.03333333333333333
2025-07-25,Water,BSVN,0.03333333333333333
2025-07-25,Water,FDBC,0.03333333333333333
2025-07-25,Water,NRIM,0.03333333333333333
2025-07-25,Water,ARTNA,0.03333333333333333
2025-07-25,Water,ANGO,0.03333333333333333
2025-07-25,Water,FMNB,0.03333333333333333
2025-07-25,Water,WNC,0.03333333333333333
2025-07-25,Water,CZFS,0.03333333333333333
2025-07-25,Water,ONIT,0.03333333333333333
2025-08-29,AI Infrastructure,JRSH,0.03333333333333333
2025-08-29,AI Infrastructure,ALRS,0.03333333333333333
2025-08-29,AI Infrastructure,LSBK,0.03333333333333333
2025-08-29,AI Infrastructure,MNSB,0.03333333333333333
2025-08-29,AI Infrastructure,FTLF,0.03333333333333333
2025-08-29,AI Infrastructure,QUIK,0.03333333333333333
2025-08-29,AI Infrastructure,KE,0.03333333333333333
2025-08-29,AI Infrastructure,MRBK,0.03333333333333333
2025-08-29,AI Infrastructure,RBBN,0.03333333333333333
2025-08-29,AI Infrastructure,CWBC,0.03333333333333333
2025-08-29,AI Infrastructure,LOAN,0.03333333333333333
2025-08-29,AI Infrastructure,DLNG,0.03333333333333333
2025-08-29,AI Infrastructure,FCCO,0.03333333333333333
2025-08-29,AI Infrastructure,UTMD,0.03333333333333333
2025-08-29,AI Infrastructure,CMCO,0.03333333333333333
2025-08-29,AI Infrastructure,CZNC,0.03333333333333333
2025-08-29,AI Infrastructure,EML,0.03333333333333333
2025-08-29,AI Infrastructure,CBAN,0.03333333333333333
2025-08-29,AI Infrastructure,KRO,0.03333333333333333
2025-08-29,AI Infrastructure,FOXF,0.03333333333333333
2025-08-29,AI Infrastructure,NVEC,0.03333333333333333
2025-08-29,AI Infrastructure,MRAM,0.03333333333333333
2025-08-29,AI Infrastructure,RELL,0.03333333333333333
2025-08-29,AI Infrastructure,FVCB,0.03333333333333333
2025-08-29,AI Infrastructure,ORRF,0.03333333333333333
2025-08-29,AI Infrastructure,DSX,0.03333333333333333
2025-08-29,AI Infrastructure,GSBC,0.03333333333333333
2025-08-29,AI Infrastructure,PBHC,0.03333333333333333
2025-08-29,AI Infrastructure,PAMT,0.03333333333333333
2025-08-29,AI Infrastructure,WTBA,0.03333333333333333
2025-08-29,Agribusiness,TRC,0.03333333333333333
2025-08-29,Agribusiness,PNNT,0.03333333333333333
2025-08-29,Agribusiness,GAIN,0.03333333333333333
2025-08-29,Agribusiness,KVHI,0.03333333333333333
2025-08-29,Agribusiness,AVBH,0.03333333333333333
2025-08-29,Agribusiness,NEWT,0.03333333333333333
2025-08-29,Agribusiness,ITIC,0.03333333333333333
2025-08-29,Agribusiness,SITC,0.03333333333333333
2025-08-29,Agribusiness,LND,0.03333333333333333
2025-08-29,Agribusiness,LAND,0.03333333333333333
2025-08-29,Agribusiness,CVEO,0.03333333333333333
2025-08-29,Agribusiness,ACNT,0.03333333333333333
2025-08-29,Agribusiness,FTEK,0.03333333333333333
2025-08-29,Agribusiness,OXM,0.03333333333333333
2025-08-29,Agribusiness,ASLE,0.03333333333333333
2025-08-29,Agribusiness,NC,0.03333333333333333
2025-08-29,Agribusiness,TITN,0.03333333333333333
2025-08-29,Agribusiness,MRAM,0.03333333333333333
2025-08-29,Agribusiness,GOGO,0.03333333333333333
2025-08-29,Agribusiness,NCSM,0.03333333333333333
2025-08-29,Agribusiness,CHCI,0.03333333333333333
2025-08-29,Agribusiness,SANG,0.03333333333333333
2025-08-29,Agribusiness,JAKK,0.03333333333333333
2025-08-29,Agribusiness,TK,0.03333333333333333
2025-08-29,Agribusiness,AIRT,0.03333333333333333
2025-08-29,Agribusiness,SIEB,0.03333333333333333
2025-08-29,Agribusiness,GSM,0.03333333333333333
2025-08-29,Agribusiness,ASYS,0.03333333333333333
2025-08-29,Agribusiness,SRG,0.03333333333333333
2025-08-29,Agribusiness,PLAY,0.03333333333333333
2025-08-29,Clean Energy,LSBK,0.03333333333333333
2025-08-29,Clean Energy,CGBD,0.03333333333333333
2025-08-29,Clean Energy,CAPL,0.03333333333333333
2025-08-29,Clean Energy,FTEK,0.03333333333333333
2025-08-29,Clean Energy,DSWL,0.03333333333333333
2025-08-29,Clean Energy,GLAD,0.03333333333333333
2025-08-29,Clean Energy,GBLI,0.03333333333333333
2025-08-29,Clean Energy,BBDC,0.03333333333333333
2025-08-29,Clean Energy,PFLT,0.03333333333333333
2025-08-29,Clean Energy,KVHI,0.03333333333333333
2025-08-29,Clean Energy,LOAN,0.03333333333333333
2025-08-29,Clean Energy,PNNT,0.03333333333333333
2025-08-29,Clean Energy,NOA,0.03333333333333333
2025-08-29,Clean Energy,MRAM,0.03333333333333333
2025-08-29,Clean Energy,BCIC,0.03333333333333333
2025-08-29,Clean Energy,NEWT,0.03333333333333333
2025-08-29,Clean Energy,KE,0.03333333333333333
2025-08-29,Clean Energy,FUSB,0.03333333333333333
2025-08-29,Clean Energy,DLNG,0.03333333333333333
2025-08-29,Clean Energy,KRO,0.03333333333333333
2025-08-29,Clean Energy,CVEO,0.03333333333333333
2025-08-29,Clean Energy,JRSH,0.03333333333333333
2025-08-29,Clean Energy,PANL,0.03333333333333333
2025-08-29,Clean Energy,SB,0.03333333333333333
2025-08-29,Clean Energy,HRZN,0.03333333333333333
2025-08-29,Clean Energy,UTMD,0.03333333333333333
2025-08-29,Clean Energy,AFBI,0.03333333333333333
2025-08-29,Clean Energy,MDWD,0.03333333333333333
2025-08-29,Clean Energy,ACNT,0.03333333333333333
2025-08-29,Clean Energy,OXM,0.03333333333333333
2025-08-29,Critical Minerals,PANL,0.03333333333333333
2025-08-29,Critical Minerals,SB,0.03333333333333333
2025-08-29,Critical Minerals,NOA,0.03333333333333333
2025-08-29,Critical Minerals,MTUS,0.03333333333333333
2025-08-29,Critical Minerals,CAPL,0.03333333333333333
2025-08-29,Critical Minerals,FTEK,0.03333333333333333
2025-08-29,Critical Minerals,MRAM,0.03333333333333333
2025-08-29,Critical Minerals,ODV,0.03333333333333333
2025-08-29,Critical Minerals,TRC,0.03333333333333333
2025-08-29,Critical Minerals,SXC,0.03333333333333333
2025-08-29,Critical Minerals,LND,0.03333333333333333
2025-08-29,Critical Minerals,KRO,0.03333333333333333
2025-08-29,Critical Minerals,ASA,0.03333333333333333
2025-08-29,Critical Minerals,KE,0.03333333333333333
2025-08-29,Critical Minerals,VHI,0.03333333333333333
2025-08-29,Critical Minerals,BAK,0.03333333333333333
2025-08-29,Critical Minerals,STRS,0.03333333333333333
2025-08-29,Critical Minerals,MATV,0.03333333333333333
2025-08-29,Critical Minerals,PNRG,0.03333333333333333
2025-08-29,Critical Minerals,DLNG,0.03333333333333333
2025-08-29,Critical Minerals,ACNT,0.03333333333333333
2025-08-29,Critical Minerals,GSM,0.03333333333333333
2025-08-29,Critical Minerals,MAKO,0.03333333333333333
2025-08-29,Critical Minerals,OEC,0.03333333333333333
2025-08-29,Critical Minerals,DSWL,0.03333333333333333
2025-08-29,Critical Minerals,NL,0.03333333333333333
2025-08-29,Critical Minerals,ASIX,0.03333333333333333
2025-08-29,Critical Minerals,GPRO,0.03333333333333333
2025-08-29,Critical Minerals,ASYS,0.03333333333333333
2025-08-29,Critical Minerals,TBCH,0.03333333333333333
2025-08-29,Cybersecurity,FRPH,0.03333333333333333
2025-08-29,Cybersecurity,FRAF,0.03333333333333333
2025-08-29,Cybersecurity,VLGEA,0.03333333333333333
2025-08-29,Cybersecurity,UTMD,0.03333333333333333
2025-08-29,Cybersecurity,IIIV,0.03333333333333333
2025-08-29,Cybersecurity,GLRE,0.03333333333333333
2025-08-29,Cybersecurity,VRRM,0.03333333333333333
2025-08-29,Cybersecurity,CFBK,0.03333333333333333
2025-08-29,Cybersecurity,PEBK,0.03333333333333333
2025-08-29,Cybersecurity,FCCO,0.03333333333333333
2025-08-29,Cybersecurity,PBHC,0.03333333333333333
2025-08-29,Cybersecurity,BCML,0.03333333333333333
2025-08-29,Cybersecurity,PD,0.03333333333333333
2025-08-29,Cybersecurity,CBNK,0.03333333333333333
2025-08-29,Cybersecurity,WEYS,0.03333333333333333
2025-08-29,Cybersecurity,BCAL,0.03333333333333333
2025-08-29,Cybersecurity,FUNC,0.03333333333333333
2025-08-29,Cybersecurity,ALRS,0.03333333333333333
2025-08-29,Cybersecurity,FNWB,0.03333333333333333
2025-08-29,Cybersecurity,SSTK,0.03333333333333333
2025-08-29,Cybersecurity,RDCM,0.03333333333333333
2025-08-29,Cybersecurity,GSBC,0.03333333333333333
2025-08-29,Cybersecurity,ACCO,0.03333333333333333
2025-08-29,Cybersecurity,CFFI,0.03333333333333333
2025-08-29,Cybersecurity,FRBA,0.03333333333333333
2025-08-29,Cybersecurity,WTBA,0.03333333333333333
2025-08-29,Cybersecurity,MCS,0.03333333333333333
2025-08-29,Cybersecurity,EGAN,0.03333333333333333
2025-08-29,Cybersecurity,EML,0.03333333333333333
2025-08-29,Cybersecurity,NUS,0.03333333333333333
2025-08-29,Defense,VLGEA,0.03333333333333333
2025-08-29,Defense,GLRE,0.03333333333333333
2025-08-29,Defense,FRPH,0.03333333333333333
2025-08-29,Defense,APOG,0.03333333333333333
2025-08-29,Defense,BBSI,0.03333333333333333
2025-08-29,Defense,MCFT,0.03333333333333333
2025-08-29,Defense,NATH,0.03333333333333333
2025-08-29,Defense,ISBA,0.03333333333333333
2025-08-29,Defense,BWFG,0.03333333333333333
2025-08-29,Defense,HSTM,0.03333333333333333
2025-08-29,Defense,ETD,0.03333333333333333
2025-08-29,Defense,HVT,0.03333333333333333
2025-08-29,Defense,CZNC,0.03333333333333333
2025-08-29,Defense,FUNC,0.03333333333333333
2025-08-29,Defense,CFFI,0.03333333333333333
2025-08-29,Defense,GWRS,0.03333333333333333
2025-08-29,Defense,VABK,0.03333333333333333
2025-08-29,Defense,GILT,0.03333333333333333
2025-08-29,Defense,RGCO,0.03333333333333333
2025-08-29,Defense,TIPT,0.03333333333333333
2025-08-29,Defense,GNE,0.03333333333333333
2025-08-29,Defense,TSBK,0.03333333333333333
2025-08-29,Defense,RMAX,0.03333333333333333
2025-08-29,Defense,ACNT,0.03333333333333333
2025-08-29,Defense,MCS,0.03333333333333333
2025-08-29,Defense,UNTY,0.03333333333333333
2025-08-29,Defense,TRNS,0.03333333333333333
2025-08-29,Defense,FCBC,0.03333333333333333
2025-08-29,Defense,DLTH,0.03333333333333333
2025-08-29,Defense,CAC,0.03333333333333333
2025-08-29,Fintech,SFBC,0.03333333333333333
2025-08-29,Fintech,SBFG,0.03333333333333333
2025-08-29,Fintech,UTMD,0.03333333333333333
2025-08-29,Fintech,LARK,0.03333333333333333
2025-08-29,Fintech,RDCM,0.03333333333333333
2025-08-29,Fintech,WEYS,0.03333333333333333
2025-08-29,Fintech,DSWL,0.03333333333333333
2025-08-29,Fintech,ACCO,0.03333333333333333
2025-08-29,Fintech,JRSH,0.03333333333333333
2025-08-29,Fintech,IIIV,0.03333333333333333
2025-08-29,Fintech,FUNC,0.03333333333333333
2025-08-29,Fintech,WILC,0.03333333333333333
2025-08-29,Fintech,OOMA,0.03333333333333333
2025-08-29,Fintech,NUS,0.03333333333333333
2025-08-29,Fintech,MTLS,0.03333333333333333
2025-08-29,Fintech,GRVY,0.03333333333333333
2025-08-29,Fintech,FNWB,0.03333333333333333
2025-08-29,Fintech,MCS,0.03333333333333333
2025-08-29,Fintech,SSYS,0.03333333333333333
2025-08-29,Fintech,FCCO,0.03333333333333333
2025-08-29,Fintech,SSTK,0.03333333333333333
2025-08-29,Fintech,VRA,0.03333333333333333
2025-08-29,Fintech,VRRM,0.03333333333333333
2025-08-29,Fintech,RM,0.03333333333333333
2025-08-29,Fintech,OSPN,0.03333333333333333
2025-08-29,Fintech,PD,0.03333333333333333
2025-08-29,Fintech,FTEK,0.03333333333333333
2025-08-29,Fintech,OXM,0.03333333333333333
2025-08-29,Fintech,TITN,0.03333333333333333
2025-08-29,Fintech,FEIM,0.03333333333333333
2025-08-29,Robotics & AI,CHSCM,0.03333333333333333
2025-08-29,Robotics & AI,CHSCN,0.03333333333333333
2025-08-29,Robotics & AI,CHSCO,0.03333333333333333
2025-08-29,Robotics & AI,MNSB,0.03333333333333333
2025-08-29,Robotics & AI,LSBK,0.03333333333333333
2025-08-29,Robotics & AI,JRSH,0.03333333333333333
2025-08-29,Robotics & AI,PFX,0.03333333333333333
2025-08-29,Robotics & AI,UTMD,0.03333333333333333
2025-08-29,Robotics & AI,ATLO,0.03333333333333333
2025-08-29,Robotics & AI,MHLA,0.03333333333333333
2025-08-29,Robotics & AI,SBFG,0.03333333333333333
2025-08-29,Robotics & AI,BCIC,0.03333333333333333
2025-08-29,Robotics & AI,MRBK,0.03333333333333333
2025-08-29,Robotics & AI,LOAN,0.03333333333333333
2025-08-29,Robotics & AI,GLAD,0.03333333333333333
2025-08-29,Robotics & AI,KRO,0.03333333333333333
2025-08-29,Robotics & AI,MHNC,0.03333333333333333
2025-08-29,Robotics & AI,CZWI,0.03333333333333333
2025-08-29,Robotics & AI,CGBD,0.03333333333333333
2025-08-29,Robotics & AI,NECB,0.03333333333333333
2025-08-29,Robotics & AI,NKSH,0.03333333333333333
2025-08-29,Robotics & AI,FXNC,0.03333333333333333
2025-08-29,Robotics & AI,NWFL,0.03333333333333333
2025-08-29,Robotics & AI,GBLI,0.03333333333333333
2025-08-29,Robotics & AI,ALRS,0.03333333333333333
2025-08-29,Robotics & AI,OFLX,0.03333333333333333
2025-08-29,Robotics & AI,BSVN,0.03333333333333333
2025-08-29,Robotics & AI,GECC,0.03333333333333333
2025-08-29,Robotics & AI,DSWL,0.03333333333333333
2025-08-29,Robotics & AI,ACCO,0.03333333333333333
2025-08-29,Timber & Forestry,CHSCM,0.03333333333333333
2025-08-29,Timber & Forestry,CHSCN,0.03333333333333333
2025-08-29,Timber & Forestry,PFX,0.03333333333333333
2025-08-29,Timber & Forestry,BCIC,0.03333333333333333
2025-08-29,Timber & Forestry,TRC,0.03333333333333333
2025-08-29,Timber & Forestry,GAIN,0.03333333333333333
2025-08-29,Timber & Forestry,MHLA,0.03333333333333333
2025-08-29,Timber & Forestry,SFBC,0.03333333333333333
2025-08-29,Timber & Forestry,PFLT,0.03333333333333333
2025-08-29,Timber & Forestry,UTMD,0.03333333333333333
2025-08-29,Timber & Forestry,MHNC,0.03333333333333333
2025-08-29,Timber & Forestry,NATH,0.03333333333333333
2025-08-29,Timber & Forestry,CGBD,0.03333333333333333
2025-08-29,Timber & Forestry,OFLX,0.03333333333333333
2025-08-29,Timber & Forestry,HRZN,0.03333333333333333
2025-08-29,Timber & Forestry,FXNC,0.03333333333333333
2025-08-29,Timber & Forestry,NODK,0.03333333333333333
2025-08-29,Timber & Forestry,DSWL,0.03333333333333333
2025-08-29,Timber & Forestry,CAPL,0.03333333333333333
2025-08-29,Timber & Forestry,ATLO,0.03333333333333333
2025-08-29,Timber & Forestry,SBFG,0.03333333333333333
2025-08-29,Timber & Forestry,ACCO,0.03333333333333333
2025-08-29,Timber & Forestry,MLAB,0.03333333333333333
2025-08-29,Timber & Forestry,TIPT,0.03333333333333333
2025-08-29,Timber & Forestry,KRO,0.03333333333333333
2025-08-29,Timber & Forestry,ELME,0.03333333333333333
2025-08-29,Timber & Forestry,AIV,0.03333333333333333
2025-08-29,Timber & Forestry,USNA,0.03333333333333333
2025-08-29,Timber & Forestry,HQI,0.03333333333333333
2025-08-29,Timber & Forestry,OOMA,0.03333333333333333
2025-08-29,US Infrastructure,VLGEA,0.03333333333333333
2025-08-29,US Infrastructure,GLRE,0.03333333333333333
2025-08-29,US Infrastructure,BBSI,0.03333333333333333
2025-08-29,US Infrastructure,APOG,0.03333333333333333
2025-08-29,US Infrastructure,PCYO,0.03333333333333333
2025-08-29,US Infrastructure,HCKT,0.03333333333333333
2025-08-29,US Infrastructure,BRT,0.03333333333333333
2025-08-29,US Infrastructure,BH,0.03333333333333333
2025-08-29,US Infrastructure,AMSF,0.03333333333333333
2025-08-29,US Infrastructure,AIV,0.03333333333333333
2025-08-29,US Infrastructure,PKE,0.03333333333333333
2025-08-29,US Infrastructure,NEWT,0.03333333333333333
2025-08-29,US Infrastructure,STRS,0.03333333333333333
2025-08-29,US Infrastructure,GWRS,0.03333333333333333
2025-08-29,US Infrastructure,EIG,0.03333333333333333
2025-08-29,US Infrastructure,IIIN,0.03333333333333333
2025-08-29,US Infrastructure,CWCO,0.03333333333333333
2025-08-29,US Infrastructure,SRI,0.03333333333333333
2025-08-29,US Infrastructure,UNTY,0.03333333333333333
2025-08-29,US Infrastructure,WNC,0.03333333333333333
2025-08-29,US Infrastructure,CMCO,0.03333333333333333
2025-08-29,US Infrastructure,LYTS,0.03333333333333333
2025-08-29,US Infrastructure,ASIX,0.03333333333333333
2025-08-29,US Infrastructure,TITN,0.03333333333333333
2025-08-29,US Infrastructure,HY,0.03333333333333333
2025-08-29,US Infrastructure,INSE,0.03333333333333333
2025-08-29,US Infrastructure,PKOH,0.03333333333333333
2025-08-29,US Infrastructure,SANG,0.03333333333333333
2025-08-29,US Infrastructure,MRAM,0.03333333333333333
2025-08-29,US Infrastructure,PANL,0.03333333333333333
2025-08-29,Water,GLRE,0.03333333333333333
2025-08-29,Water,TRC,0.03333333333333333
2025-08-29,Water,EBF,0.03333333333333333
2025-08-29,Water,VLGEA,0.03333333333333333
2025-08-29,Water,PFX,0.03333333333333333
2025-08-29,Water,PCYO,0.03333333333333333
2025-08-29,Water,GWRS,0.03333333333333333
2025-08-29,Water,BBSI,0.03333333333333333
2025-08-29,Water,APOG,0.03333333333333333
2025-08-29,Water,TIPT,0.03333333333333333
2025-08-29,Water,MLAB,0.03333333333333333
2025-08-29,Water,RGCO,0.03333333333333333
2025-08-29,Water,NECB,0.03333333333333333
2025-08-29,Water,NKSH,0.03333333333333333
2025-08-29,Water,HSTM,0.03333333333333333
2025-08-29,Water,DGICA,0.03333333333333333
2025-08-29,Water,RDCM,0.03333333333333333
2025-08-29,Water,IIIN,0.03333333333333333
2025-08-29,Water,LEGH,0.03333333333333333
2025-08-29,Water,ARTNA,0.03333333333333333
2025-08-29,Water,XRN,0.03333333333333333
2025-08-29,Water,CWCO,0.03333333333333333
2025-08-29,Water,FDBC,0.03333333333333333
2025-08-29,Water,SRI,0.03333333333333333
2025-08-29,Water,WNC,0.03333333333333333
2025-08-29,Water,NRIM,0.03333333333333333
2025-08-29,Water,CMCO,0.03333333333333333
2025-08-29,Water,NVEC,0.03333333333333333
2025-08-29,Water,UTL,0.03333333333333333
2025-08-29,Water,VRA,0.03333333333333333
2025-09-26,AI Infrastructure,JRSH,0.03333333333333333
2025-09-26,AI Infrastructure,ALRS,0.03333333333333333
2025-09-26,AI Infrastructure,LSBK,0.03333333333333333
2025-09-26,AI Infrastructure,MNSB,0.03333333333333333
2025-09-26,AI Infrastructure,NAVI,0.03333333333333333
2025-09-26,AI Infrastructure,FTLF,0.03333333333333333
2025-09-26,AI Infrastructure,CHSCM,0.03333333333333333
2025-09-26,AI Infrastructure,MRBK,0.03333333333333333
2025-09-26,AI Infrastructure,CHSCO,0.03333333333333333
2025-09-26,AI Infrastructure,QUIK,0.03333333333333333
2025-09-26,AI Infrastructure,CWBC,0.03333333333333333
2025-09-26,AI Infrastructure,FCCO,0.03333333333333333
2025-09-26,AI Infrastructure,KE,0.03333333333333333
2025-09-26,AI Infrastructure,DLNG,0.03333333333333333
2025-09-26,AI Infrastructure,KRO,0.03333333333333333
2025-09-26,AI Infrastructure,CBAN,0.03333333333333333
2025-09-26,AI Infrastructure,NEWT,0.03333333333333333
2025-09-26,AI Infrastructure,EML,0.03333333333333333
2025-09-26,AI Infrastructure,ORRF,0.03333333333333333
2025-09-26,AI Infrastructure,PBHC,0.03333333333333333
2025-09-26,AI Infrastructure,NVEC,0.03333333333333333
2025-09-26,AI Infrastructure,GSBC,0.03333333333333333
2025-09-26,AI Infrastructure,MRAM,0.03333333333333333
2025-09-26,AI Infrastructure,FOXF,0.03333333333333333
2025-09-26,AI Infrastructure,CMCO,0.03333333333333333
2025-09-26,AI Infrastructure,KELYB,0.03333333333333333
2025-09-26,AI Infrastructure,WTBA,0.03333333333333333
2025-09-26,AI Infrastructure,THFF,0.03333333333333333
2025-09-26,AI Infrastructure,PKE,0.03333333333333333
2025-09-26,AI Infrastructure,RM,0.03333333333333333
2025-09-26,Agribusiness,TRC,0.03333333333333333
2025-09-26,Agribusiness,GAIN,0.03333333333333333
2025-09-26,Agribusiness,AVBH,0.03333333333333333
2025-09-26,Agribusiness,LND,0.03333333333333333
2025-09-26,Agribusiness,SITC,0.03333333333333333
2025-09-26,Agribusiness,ITIC,0.03333333333333333
2025-09-26,Agribusiness,LAND,0.03333333333333333
2025-09-26,Agribusiness,ACNT,0.03333333333333333
2025-09-26,Agribusiness,STRS,0.03333333333333333
2025-09-26,Agribusiness,FTEK,0.03333333333333333
2025-09-26,Agribusiness,ASIX,0.03333333333333333
2025-09-26,Agribusiness,NC,0.03333333333333333
2025-09-26,Agribusiness,OXM,0.03333333333333333
2025-09-26,Agribusiness,TRNS,0.03333333333333333
2025-09-26,Agribusiness,GOGO,0.03333333333333333
2025-09-26,Agribusiness,MTUS,0.03333333333333333
2025-09-26,Agribusiness,FLL,0.03333333333333333
2025-09-26,Agribusiness,TITN,0.03333333333333333
2025-09-26,Agribusiness,MRAM,0.03333333333333333
2025-09-26,Agribusiness,CHCI,0.03333333333333333
2025-09-26,Agribusiness,TK,0.03333333333333333
2025-09-26,Agribusiness,AIRT,0.03333333333333333
2025-09-26,Agribusiness,GSM,0.03333333333333333
2025-09-26,Agribusiness,PLAY,0.03333333333333333
2025-09-26,Agribusiness,CLNE,0.03333333333333333
2025-09-26,Agribusiness,GOOS,0.03333333333333333
2025-09-26,Agribusiness,GCO,0.03333333333333333
2025-09-26,Agribusiness,HDSN,0.03333333333333333
2025-09-26,Agribusiness,GASS,0.03333333333333333
2025-09-26,Agribusiness,EU,0.03333333333333333
2025-09-26,Clean Energy,FTEK,0.03333333333333333
2025-09-26,Clean Energy,LSBK,0.03333333333333333
2025-09-26,Clean Energy,GBLI,0.03333333333333333
2025-09-26,Clean Energy,CGBD,0.03333333333333333
2025-09-26,Clean Energy,CAPL,0.03333333333333333
2025-09-26,Clean Energy,DSWL,0.03333333333333333
2025-09-26,Clean Energy,DLNG,0.03333333333333333
2025-09-26,Clean Energy,UTMD,0.03333333333333333
2025-09-26,Clean Energy,NEWT,0.03333333333333333
2025-09-26,Clean Energy,GAIN,0.03333333333333333
2025-09-26,Clean Energy,PFLT,0.03333333333333333
2025-09-26,Clean Energy,FUSB,0.03333333333333333
2025-09-26,Clean Energy,FPI,0.03333333333333333
2025-09-26,Clean Energy,KRO,0.03333333333333333
2025-09-26,Clean Energy,MAGN,0.03333333333333333
2025-09-26,Clean Energy,MRAM,0.03333333333333333
2025-09-26,Clean Energy,BBDC,0.03333333333333333
2025-09-26,Clean Energy,LAND,0.03333333333333333
2025-09-26,Clean Energy,PNRG,0.03333333333333333
2025-09-26,Clean Energy,KE,0.03333333333333333
2025-09-26,Clean Energy,GLAD,0.03333333333333333
2025-09-26,Clean Energy,ANGO,0.03333333333333333
2025-09-26,Clean Energy,NOA,0.03333333333333333
2025-09-26,Clean Energy,HRZN,0.03333333333333333
2025-09-26,Clean Energy,MLAB,0.03333333333333333
2025-09-26,Clean Energy,PANL,0.03333333333333333
2025-09-26,Clean Energy,LND,0.03333333333333333
2025-09-26,Clean Energy,ACCO,0.03333333333333333
2025-09-26,Clean Energy,IIIN,0.03333333333333333
2025-09-26,Clean Energy,FOXF,0.03333333333333333
2025-09-26,Critical Minerals,PANL,0.03333333333333333
2025-09-26,Critical Minerals,MTUS,0.03333333333333333
2025-09-26,Critical Minerals,SB,0.03333333333333333
2025-09-26,Critical Minerals,NOA,0.03333333333333333
2025-09-26,Critical Minerals,FTEK,0.03333333333333333
2025-09-26,Critical Minerals,CAPL,0.03333333333333333
2025-09-26,Critical Minerals,LND,0.03333333333333333
2025-09-26,Critical Minerals,DSX,0.03333333333333333
2025-09-26,Critical Minerals,ASA,0.03333333333333333
2025-09-26,Critical Minerals,GSM,0.03333333333333333
2025-09-26,Critical Minerals,STRS,0.03333333333333333
2025-09-26,Critical Minerals,PNRG,0.03333333333333333
2025-09-26,Critical Minerals,MRAM,0.03333333333333333
2025-09-26,Critical Minerals,ODV,0.03333333333333333
2025-09-26,Critical Minerals,KRO,0.03333333333333333
2025-09-26,Critical Minerals,SXC,0.03333333333333333
2025-09-26,Critical Minerals,KE,0.03333333333333333
2025-09-26,Critical Minerals,TRC,0.03333333333333333
2025-09-26,Critical Minerals,ASIX,0.03333333333333333
2025-09-26,Critical Minerals,MATV,0.03333333333333333
2025-09-26,Critical Minerals,MAKO,0.03333333333333333
2025-09-26,Critical Minerals,LGO,0.03333333333333333
2025-09-26,Critical Minerals,DLNG,0.03333333333333333
2025-09-26,Critical Minerals,CHCI,0.03333333333333333
2025-09-26,Critical Minerals,DSWL,0.03333333333333333
2025-09-26,Critical Minerals,UTMD,0.03333333333333333
2025-09-26,Critical Minerals,TBCH,0.03333333333333333
2025-09-26,Critical Minerals,ANGO,0.03333333333333333
2025-09-26,Critical Minerals,ACNT,0.03333333333333333
2025-09-26,Critical Minerals,SILC,0.03333333333333333
2025-09-26,Cybersecurity,UTMD,0.03333333333333333
2025-09-26,Cybersecurity,VLGEA,0.03333333333333333
2025-09-26,Cybersecurity,GLRE,0.03333333333333333
2025-09-26,Cybersecurity,FRAF,0.03333333333333333
2025-09-26,Cybersecurity,NODK,0.03333333333333333
2025-09-26,Cybersecurity,WEYS,0.03333333333333333
2025-09-26,Cybersecurity,PBHC,0.03333333333333333
2025-09-26,Cybersecurity,NL,0.03333333333333333
2025-09-26,Cybersecurity,BCML,0.03333333333333333
2025-09-26,Cybersecurity,PEBK,0.03333333333333333
2025-09-26,Cybersecurity,FCCO,0.03333333333333333
2025-09-26,Cybersecurity,ALRS,0.03333333333333333
2025-09-26,Cybersecurity,ESCA,0.03333333333333333
2025-09-26,Cybersecurity,VRRM,0.03333333333333333
2025-09-26,Cybersecurity,PD,0.03333333333333333
2025-09-26,Cybersecurity,GSBC,0.03333333333333333
2025-09-26,Cybersecurity,IIIV,0.03333333333333333
2025-09-26,Cybersecurity,ACCO,0.03333333333333333
2025-09-26,Cybersecurity,SSTK,0.03333333333333333
2025-09-26,Cybersecurity,FNWB,0.03333333333333333
2025-09-26,Cybersecurity,FUNC,0.03333333333333333
2025-09-26,Cybersecurity,EML,0.03333333333333333
2025-09-26,Cybersecurity,NUS,0.03333333333333333
2025-09-26,Cybersecurity,FRBA,0.03333333333333333
2025-09-26,Cybersecurity,RM,0.03333333333333333
2025-09-26,Cybersecurity,CAC,0.03333333333333333
2025-09-26,Cybersecurity,NTIC,0.03333333333333333
2025-09-26,Cybersecurity,CIVB,0.03333333333333333
2025-09-26,Cybersecurity,LEGH,0.03333333333333333
2025-09-26,Cybersecurity,PFIS,0.03333333333333333
2025-09-26,Defense,VLGEA,0.03333333333333333
2025-09-26,Defense,EBF,0.03333333333333333
2025-09-26,Defense,GLRE,0.03333333333333333
2025-09-26,Defense,BOC,0.03333333333333333
2025-09-26,Defense,APOG,0.03333333333333333
2025-09-26,Defense,FRPH,0.03333333333333333
2025-09-26,Defense,BBSI,0.03333333333333333
2025-09-26,Defense,RBKB,0.03333333333333333
2025-09-26,Defense,ISBA,0.03333333333333333
2025-09-26,Defense,HVT,0.03333333333333333
2025-09-26,Defense,ETD,0.03333333333333333
2025-09-26,Defense,BWFG,0.03333333333333333
2025-09-26,Defense,SWBI,0.03333333333333333
2025-09-26,Defense,HSTM,0.03333333333333333
2025-09-26,Defense,RGCO,0.03333333333333333
2025-09-26,Defense,RMAX,0.03333333333333333
2025-09-26,Defense,GWRS,0.03333333333333333
2025-09-26,Defense,CZNC,0.03333333333333333
2025-09-26,Defense,FUNC,0.03333333333333333
2025-09-26,Defense,GNE,0.03333333333333333
2025-09-26,Defense,TRNS,0.03333333333333333
2025-09-26,Defense,GILT,0.03333333333333333
2025-09-26,Defense,CFFI,0.03333333333333333
2025-09-26,Defense,FCBC,0.03333333333333333
2025-09-26,Defense,DSX,0.03333333333333333
2025-09-26,Defense,ARTNA,0.03333333333333333
2025-09-26,Defense,WNC,0.03333333333333333
2025-09-26,Defense,LEGH,0.03333333333333333
2025-09-26,Defense,DLTH,0.03333333333333333
2025-09-26,Defense,NC,0.03333333333333333
2025-09-26,Fintech,UTMD,0.03333333333333333
2025-09-26,Fintech,SFBC,0.03333333333333333
2025-09-26,Fintech,SBFG,0.03333333333333333
2025-09-26,Fintech,DSWL,0.03333333333333333
2025-09-26,Fintech,RDCM,0.03333333333333333
2025-09-26,Fintech,LARK,0.03333333333333333
2025-09-26,Fintech,ACCO,0.03333333333333333
2025-09-26,Fintech,WEYS,0.03333333333333333
2025-09-26,Fintech,JRSH,0.03333333333333333
2025-09-26,Fintech,FUNC,0.03333333333333333
2025-09-26,Fintech,MCS,0.03333333333333333
2025-09-26,Fintech,IIIV,0.03333333333333333
2025-09-26,Fintech,NUS,0.03333333333333333
2025-09-26,Fintech,MTLS,0.03333333333333333
2025-09-26,Fintech,FRAF,0.03333333333333333
2025-09-26,Fintech,BCAL,0.03333333333333333
2025-09-26,Fintech,WILC,0.03333333333333333
2025-09-26,Fintech,OOMA,0.03333333333333333
2025-09-26,Fintech,GRVY,0.03333333333333333
2025-09-26,Fintech,SSTK,0.03333333333333333
2025-09-26,Fintech,FNWB,0.03333333333333333
2025-09-26,Fintech,SSYS,0.03333333333333333
2025-09-26,Fintech,KRO,0.03333333333333333
2025-09-26,Fintech,FCCO,0.03333333333333333
2025-09-26,Fintech,VRRM,0.03333333333333333
2025-09-26,Fintech,RM,0.03333333333333333
2025-09-26,Fintech,PD,0.03333333333333333
2025-09-26,Fintech,OXM,0.03333333333333333
2025-09-26,Fintech,UFI,0.03333333333333333
2025-09-26,Fintech,FGBI,0.03333333333333333
2025-09-26,Robotics & AI,CHSCM,0.03333333333333333
2025-09-26,Robotics & AI,CHSCN,0.03333333333333333
2025-09-26,Robotics & AI,CHSCO,0.03333333333333333
2025-09-26,Robotics & AI,NAVI,0.03333333333333333
2025-09-26,Robotics & AI,LSBK,0.03333333333333333
2025-09-26,Robotics & AI,MNSB,0.03333333333333333
2025-09-26,Robotics & AI,MHLA,0.03333333333333333
2025-09-26,Robotics & AI,JRSH,0.03333333333333333
2025-09-26,Robotics & AI,UTMD,0.03333333333333333
2025-09-26,Robotics & AI,PFX,0.03333333333333333
2025-09-26,Robotics & AI,ATLO,0.03333333333333333
2025-09-26,Robotics & AI,MRBK,0.03333333333333333
2025-09-26,Robotics & AI,SBFG,0.03333333333333333
2025-09-26,Robotics & AI,GPJA,0.03333333333333333
2025-09-26,Robotics & AI,ALRS,0.03333333333333333
2025-09-26,Robotics & AI,KRO,0.03333333333333333
2025-09-26,Robotics & AI,MHNC,0.03333333333333333
2025-09-26,Robotics & AI,CZWI,0.03333333333333333
2025-09-26,Robotics & AI,PCB,0.03333333333333333
2025-09-26,Robotics & AI,IIIN,0.03333333333333333
2025-09-26,Robotics & AI,NECB,0.03333333333333333
2025-09-26,Robotics & AI,CWBC,0.03333333333333333
2025-09-26,Robotics & AI,NWFL,0.03333333333333333
2025-09-26,Robotics & AI,NKSH,0.03333333333333333
2025-09-26,Robotics & AI,FCCO,0.03333333333333333
2025-09-26,Robotics & AI,RDCM,0.03333333333333333
2025-09-26,Robotics & AI,EBMT,0.03333333333333333
2025-09-26,Robotics & AI,TSBK,0.03333333333333333
2025-09-26,Robotics & AI,ACCO,0.03333333333333333
2025-09-26,Robotics & AI,FTLF,0.03333333333333333
2025-09-26,Timber & Forestry,CHSCM,0.03333333333333333
2025-09-26,Timber & Forestry,CHSCN,0.03333333333333333
2025-09-26,Timber & Forestry,CHSCO,0.03333333333333333
2025-09-26,Timber & Forestry,PFX,0.03333333333333333
2025-09-26,Timber & Forestry,NAVI,0.03333333333333333
2025-09-26,Timber & Forestry,MHLA,0.03333333333333333
2025-09-26,Timber & Forestry,MHNC,0.03333333333333333
2025-09-26,Timber & Forestry,SFBC,0.03333333333333333
2025-09-26,Timber & Forestry,PFLT,0.03333333333333333
2025-09-26,Timber & Forestry,CAPL,0.03333333333333333
2025-09-26,Timber & Forestry,TRC,0.03333333333333333
2025-09-26,Timber & Forestry,FXNC,0.03333333333333333
2025-09-26,Timber & Forestry,OFLX,0.03333333333333333
2025-09-26,Timber & Forestry,AIV,0.03333333333333333
2025-09-26,Timber & Forestry,BRT,0.03333333333333333
2025-09-26,Timber & Forestry,ATLO,0.03333333333333333
2025-09-26,Timber & Forestry,KRO,0.03333333333333333
2025-09-26,Timber & Forestry,USNA,0.03333333333333333
2025-09-26,Timber & Forestry,ELME,0.03333333333333333
2025-09-26,Timber & Forestry,RDCM,0.03333333333333333
2025-09-26,Timber & Forestry,SB,0.03333333333333333
2025-09-26,Timber & Forestry,EML,0.03333333333333333
2025-09-26,Timber & Forestry,HQI,0.03333333333333333
2025-09-26,Timber & Forestry,MLAB,0.03333333333333333
2025-09-26,Timber & Forestry,TIPT,0.03333333333333333
2025-09-26,Timber & Forestry,HY,0.03333333333333333
2025-09-26,Timber & Forestry,IIIN,0.03333333333333333
2025-09-26,Timber & Forestry,NECB,0.03333333333333333
2025-09-26,Timber & Forestry,CMCO,0.03333333333333333
2025-09-26,Timber & Forestry,NWFL,0.03333333333333333
2025-09-26,US Infrastructure,APOG,0.03333333333333333
2025-09-26,US Infrastructure,UTMD,0.03333333333333333
2025-09-26,US Infrastructure,GLRE,0.03333333333333333
2025-09-26,US Infrastructure,VLGEA,0.03333333333333333
2025-09-26,US Infrastructure,BBSI,0.03333333333333333
2025-09-26,US Infrastructure,PCYO,0.03333333333333333
2025-09-26,US Infrastructure,BSVN,0.03333333333333333
2025-09-26,US Infrastructure,BWFG,0.03333333333333333
2025-09-26,US Infrastructure,OFLX,0.03333333333333333
2025-09-26,US Infrastructure,CBNK,0.03333333333333333
2025-09-26,US Infrastructure,NECB,0.03333333333333333
2025-09-26,US Infrastructure,HCKT,0.03333333333333333
2025-09-26,US Infrastructure,NKSH,0.03333333333333333
2025-09-26,US Infrastructure,BCML,0.03333333333333333
2025-09-26,US Infrastructure,PKBK,0.03333333333333333
2025-09-26,US Infrastructure,BH,0.03333333333333333
2025-09-26,US Infrastructure,PKE,0.03333333333333333
2025-09-26,US Infrastructure,MLAB,0.03333333333333333
2025-09-26,US Infrastructure,NEWT,0.03333333333333333
2025-09-26,US Infrastructure,IIIN,0.03333333333333333
2025-09-26,US Infrastructure,GWRS,0.03333333333333333
2025-09-26,US Infrastructure,NX,0.03333333333333333
2025-09-26,US Infrastructure,SRI,0.03333333333333333
2025-09-26,US Infrastructure,UNTY,0.03333333333333333
2025-09-26,US Infrastructure,LEGH,0.03333333333333333
2025-09-26,US Infrastructure,STRS,0.03333333333333333
2025-09-26,US Infrastructure,WNC,0.03333333333333333
2025-09-26,US Infrastructure,MDXG,0.03333333333333333
2025-09-26,US Infrastructure,CWCO,0.03333333333333333
2025-09-26,US Infrastructure,CMCO,0.03333333333333333
2025-09-26,Water,TRC,0.03333333333333333
2025-09-26,Water,EBF,0.03333333333333333
2025-09-26,Water,GLRE,0.03333333333333333
2025-09-26,Water,VLGEA,0.03333333333333333
2025-09-26,Water,PCYO,0.03333333333333333
2025-09-26,Water,PFX,0.03333333333333333
2025-09-26,Water,APOG,0.03333333333333333
2025-09-26,Water,GWRS,0.03333333333333333
2025-09-26,Water,RGCO,0.03333333333333333
2025-09-26,Water,BBSI,0.03333333333333333
2025-09-26,Water,MLAB,0.03333333333333333
2025-09-26,Water,RBKB,0.03333333333333333
2025-09-26,Water,RMAX,0.03333333333333333
2025-09-26,Water,OFLX,0.03333333333333333
2025-09-26,Water,HSTM,0.03333333333333333
2025-09-26,Water,IIIN,0.03333333333333333
2025-09-26,Water,NKSH,0.03333333333333333
2025-09-26,Water,NECB,0.03333333333333333
2025-09-26,Water,LEGH,0.03333333333333333
2025-09-26,Water,CZNC,0.03333333333333333
2025-09-26,Water,TIPT,0.03333333333333333
2025-09-26,Water,ARTNA,0.03333333333333333
2025-09-26,Water,NX,0.03333333333333333
2025-09-26,Water,CWCO,0.03333333333333333
2025-09-26,Water,WNC,0.03333333333333333
2025-09-26,Water,SRI,0.03333333333333333
2025-09-26,Water,FDBC,0.03333333333333333
2025-09-26,Water,MDXG,0.03333333333333333
2025-09-26,Water,NVEC,0.03333333333333333
2025-09-26,Water,CMCO,0.03333333333333333
2025-10-31,AI Infrastructure,LSBK,0.03333333333333333
2025-10-31,AI Infrastructure,ALRS,0.03333333333333333
2025-10-31,AI Infrastructure,FTLF,0.03333333333333333
2025-10-31,AI Infrastructure,NAVI,0.03333333333333333
2025-10-31,AI Infrastructure,MNSB,0.03333333333333333
2025-10-31,AI Infrastructure,KE,0.03333333333333333
2025-10-31,AI Infrastructure,CWBC,0.03333333333333333
2025-10-31,AI Infrastructure,SGA,0.03333333333333333
2025-10-31,AI Infrastructure,BCAL,0.03333333333333333
2025-10-31,AI Infrastructure,QUIK,0.03333333333333333
2025-10-31,AI Infrastructure,MRBK,0.03333333333333333
2025-10-31,AI Infrastructure,UTMD,0.03333333333333333
2025-10-31,AI Infrastructure,FCCO,0.03333333333333333
2025-10-31,AI Infrastructure,ULBI,0.03333333333333333
2025-10-31,AI Infrastructure,AUDC,0.03333333333333333
2025-10-31,AI Infrastructure,FVCB,0.03333333333333333
2025-10-31,AI Infrastructure,PDLB,0.03333333333333333
2025-10-31,AI Infrastructure,DSX,0.03333333333333333
2025-10-31,AI Infrastructure,NEWT,0.03333333333333333
2025-10-31,AI Infrastructure,CMCO,0.03333333333333333
2025-10-31,AI Infrastructure,MRAM,0.03333333333333333
2025-10-31,AI Infrastructure,WTBA,0.03333333333333333
2025-10-31,AI Infrastructure,ORRF,0.03333333333333333
2025-10-31,AI Infrastructure,SB,0.03333333333333333
2025-10-31,AI Infrastructure,FUSB,0.03333333333333333
2025-10-31,AI Infrastructure,GSBC,0.03333333333333333
2025-10-31,AI Infrastructure,WNEB,0.03333333333333333
2025-10-31,AI Infrastructure,CCNE,0.03333333333333333
2025-10-31,AI Infrastructure,KRO,0.03333333333333333
2025-10-31,AI Infrastructure,PANL,0.03333333333333333
2025-10-31,Agribusiness,TRC,0.03333333333333333
2025-10-31,Agribusiness,PFX,0.03333333333333333
2025-10-31,Agribusiness,MAYS,0.03333333333333333
2025-10-31,Agribusiness,SITC,0.03333333333333333
2025-10-31,Agribusiness,HVT,0.03333333333333333
2025-10-31,Agribusiness,MGPI,0.03333333333333333
2025-10-31,Agribusiness,ACNT,0.03333333333333333
2025-10-31,Agribusiness,LND,0.03333333333333333
2025-10-31,Agribusiness,ASIX,0.03333333333333333
2025-10-31,Agribusiness,LAND,0.03333333333333333
2025-10-31,Agribusiness,NC,0.03333333333333333
2025-10-31,Agribusiness,TRNS,0.03333333333333333
2025-10-31,Agribusiness,RELL,0.03333333333333333
2025-10-31,Agribusiness,LEGH,0.03333333333333333
2025-10-31,Agribusiness,MTUS,0.03333333333333333
2025-10-31,Agribusiness,WNC,0.03333333333333333
2025-10-31,Agribusiness,DSX,0.03333333333333333
2025-10-31,Agribusiness,TITN,0.03333333333333333
2025-10-31,Agribusiness,CHCI,0.03333333333333333
2025-10-31,Agribusiness,BAK,0.03333333333333333
2025-10-31,Agribusiness,JAKK,0.03333333333333333
2025-10-31,Agribusiness,COFS,0.03333333333333333
2025-10-31,Agribusiness,GOGO,0.03333333333333333
2025-10-31,Agribusiness,TK,0.03333333333333333
2025-10-31,Agribusiness,SXC,0.03333333333333333
2025-10-31,Agribusiness,AMPH,0.03333333333333333
2025-10-31,Agribusiness,GSM,0.03333333333333333
2025-10-31,Agribusiness,AIRT,0.03333333333333333
2025-10-31,Agribusiness,ARL,0.03333333333333333
2025-10-31,Agribusiness,EDRY,0.03333333333333333
2025-10-31,Clean Energy,CGBD,0.03333333333333333
2025-10-31,Clean Energy,GBLI,0.03333333333333333
2025-10-31,Clean Energy,NEWT,0.03333333333333333
2025-10-31,Clean Energy,HVT,0.03333333333333333
2025-10-31,Clean Energy,MAYS,0.03333333333333333
2025-10-31,Clean Energy,HRZN,0.03333333333333333
2025-10-31,Clean Energy,KVHI,0.03333333333333333
2025-10-31,Clean Energy,DLNG,0.03333333333333333
2025-10-31,Clean Energy,GAIN,0.03333333333333333
2025-10-31,Clean Energy,MRAM,0.03333333333333333
2025-10-31,Clean Energy,FUSB,0.03333333333333333
2025-10-31,Clean Energy,PNRG,0.03333333333333333
2025-10-31,Clean Energy,PANL,0.03333333333333333
2025-10-31,Clean Energy,ISBA,0.03333333333333333
2025-10-31,Clean Energy,FPI,0.03333333333333333
2025-10-31,Clean Energy,FTEK,0.03333333333333333
2025-10-31,Clean Energy,HDSN,0.03333333333333333
2025-10-31,Clean Energy,ASIX,0.03333333333333333
2025-10-31,Clean Energy,GSM,0.03333333333333333
2025-10-31,Clean Energy,HZO,0.03333333333333333
2025-10-31,Clean Energy,ANGO,0.03333333333333333
2025-10-31,Clean Energy,LND,0.03333333333333333
2025-10-31,Clean Energy,SILC,0.03333333333333333
2025-10-31,Clean Energy,KRO,0.03333333333333333
2025-10-31,Clean Energy,CLNE,0.03333333333333333
2025-10-31,Clean Energy,LAND,0.03333333333333333
2025-10-31,Clean Energy,CWH,0.03333333333333333
2025-10-31,Clean Energy,GASS,0.03333333333333333
2025-10-31,Clean Energy,MDWD,0.03333333333333333
2025-10-31,Clean Energy,VHI,0.03333333333333333
2025-10-31,Critical Minerals,PANL,0.03333333333333333
2025-10-31,Critical Minerals,MTUS,0.03333333333333333
2025-10-31,Critical Minerals,FTEK,0.03333333333333333
2025-10-31,Critical Minerals,SNFCA,0.03333333333333333
2025-10-31,Critical Minerals,SB,0.03333333333333333
2025-10-31,Critical Minerals,ASA,0.03333333333333333
2025-10-31,Critical Minerals,BAK,0.03333333333333333
2025-10-31,Critical Minerals,NOA,0.03333333333333333
2025-10-31,Critical Minerals,STRS,0.03333333333333333
2025-10-31,Critical Minerals,KRO,0.03333333333333333
2025-10-31,Critical Minerals,TRC,0.03333333333333333
2025-10-31,Critical Minerals,VHI,0.03333333333333333
2025-10-31,Critical Minerals,MAKO,0.03333333333333333
2025-10-31,Critical Minerals,SXC,0.03333333333333333
2025-10-31,Critical Minerals,KE,0.03333333333333333
2025-10-31,Critical Minerals,MRAM,0.03333333333333333
2025-10-31,Critical Minerals,PNRG,0.03333333333333333
2025-10-31,Critical Minerals,SILC,0.03333333333333333
2025-10-31,Critical Minerals,LND,0.03333333333333333
2025-10-31,Critical Minerals,GPRO,0.03333333333333333
2025-10-31,Critical Minerals,ODV,0.03333333333333333
2025-10-31,Critical Minerals,ASIX,0.03333333333333333
2025-10-31,Critical Minerals,DLNG,0.03333333333333333
2025-10-31,Critical Minerals,SGA,0.03333333333333333
2025-10-31,Critical Minerals,ANGO,0.03333333333333333
2025-10-31,Critical Minerals,GSM,0.03333333333333333
2025-10-31,Critical Minerals,DSWL,0.03333333333333333
2025-10-31,Critical Minerals,UTMD,0.03333333333333333
2025-10-31,Critical Minerals,CHCI,0.03333333333333333
2025-10-31,Critical Minerals,MATV,0.03333333333333333
2025-10-31,Cybersecurity,FRPH,0.03333333333333333
2025-10-31,Cybersecurity,UTMD,0.03333333333333333
2025-10-31,Cybersecurity,TRC,0.03333333333333333
2025-10-31,Cybersecurity,FRAF,0.03333333333333333
2025-10-31,Cybersecurity,NAVI,0.03333333333333333
2025-10-31,Cybersecurity,RBKB,0.03333333333333333
2025-10-31,Cybersecurity,BCAL,0.03333333333333333
2025-10-31,Cybersecurity,BPRN,0.03333333333333333
2025-10-31,Cybersecurity,BBSI,0.03333333333333333
2025-10-31,Cybersecurity,LCNB,0.03333333333333333
2025-10-31,Cybersecurity,III,0.03333333333333333
2025-10-31,Cybersecurity,PEBK,0.03333333333333333
2025-10-31,Cybersecurity,BCML,0.03333333333333333
2025-10-31,Cybersecurity,MNSB,0.03333333333333333
2025-10-31,Cybersecurity,CFBK,0.03333333333333333
2025-10-31,Cybersecurity,CWBC,0.03333333333333333
2025-10-31,Cybersecurity,CBNK,0.03333333333333333
2025-10-31,Cybersecurity,NECB,0.03333333333333333
2025-10-31,Cybersecurity,ALRS,0.03333333333333333
2025-10-31,Cybersecurity,PCB,0.03333333333333333
2025-10-31,Cybersecurity,WNEB,0.03333333333333333
2025-10-31,Cybersecurity,FCCO,0.03333333333333333
2025-10-31,Cybersecurity,RGCO,0.03333333333333333
2025-10-31,Cybersecurity,NKSH,0.03333333333333333
2025-10-31,Cybersecurity,CFFI,0.03333333333333333
2025-10-31,Cybersecurity,CCBG,0.03333333333333333
2025-10-31,Cybersecurity,EBMT,0.03333333333333333
2025-10-31,Cybersecurity,HCKT,0.03333333333333333
2025-10-31,Cybersecurity,GSBC,0.03333333333333333
2025-10-31,Cybersecurity,NL,0.03333333333333333
2025-10-31,Defense,VLGEA,0.03333333333333333
2025-10-31,Defense,BOC,0.03333333333333333
2025-10-31,Defense,EBF,0.03333333333333333
2025-10-31,Defense,RBKB,0.03333333333333333
2025-10-31,Defense,GHI,0.03333333333333333
2025-10-31,Defense,BBSI,0.03333333333333333
2025-10-31,Defense,FRPH,0.03333333333333333
2025-10-31,Defense,PFX,0.03333333333333333
2025-10-31,Defense,APOG,0.03333333333333333
2025-10-31,Defense,NATH,0.03333333333333333
2025-10-31,Defense,LOCO,0.03333333333333333
2025-10-31,Defense,ISBA,0.03333333333333333
2025-10-31,Defense,MCFT,0.03333333333333333
2025-10-31,Defense,LSAK,0.03333333333333333
2025-10-31,Defense,ETD,0.03333333333333333
2025-10-31,Defense,HSTM,0.03333333333333333
2025-10-31,Defense,GNE,0.03333333333333333
2025-10-31,Defense,BWFG,0.03333333333333333
2025-10-31,Defense,RGCO,0.03333333333333333
2025-10-31,Defense,CFFI,0.03333333333333333
2025-10-31,Defense,CZNC,0.03333333333333333
2025-10-31,Defense,GWRS,0.03333333333333333
2025-10-31,Defense,TSBK,0.03333333333333333
2025-10-31,Defense,TRNS,0.03333333333333333
2025-10-31,Defense,FUNC,0.03333333333333333
2025-10-31,Defense,GILT,0.03333333333333333
2025-10-31,Defense,TIPT,0.03333333333333333
2025-10-31,Defense,CARE,0.03333333333333333
2025-10-31,Defense,LYTS,0.03333333333333333
2025-10-31,Defense,NC,0.03333333333333333
2025-10-31,Fintech,LARK,0.03333333333333333
2025-10-31,Fintech,FRPH,0.03333333333333333
2025-10-31,Fintech,UTMD,0.03333333333333333
2025-10-31,Fintech,SFBC,0.03333333333333333
2025-10-31,Fintech,FRAF,0.03333333333333333
2025-10-31,Fintech,FXNC,0.03333333333333333
2025-10-31,Fintech,DSWL,0.03333333333333333
2025-10-31,Fintech,CFBK,0.03333333333333333
2025-10-31,Fintech,III,0.03333333333333333
2025-10-31,Fintech,IIIV,0.03333333333333333
2025-10-31,Fintech,AVBH,0.03333333333333333
2025-10-31,Fintech,ACCO,0.03333333333333333
2025-10-31,Fintech,FUNC,0.03333333333333333
2025-10-31,Fintech,SNFCA,0.03333333333333333
2025-10-31,Fintech,TPVG,0.03333333333333333
2025-10-31,Fintech,WEYS,0.03333333333333333
2025-10-31,Fintech,MCS,0.03333333333333333
2025-10-31,Fintech,RM,0.03333333333333333
2025-10-31,Fintech,OOMA,0.03333333333333333
2025-10-31,Fintech,CBNK,0.03333333333333333
2025-10-31,Fintech,SSTK,0.03333333333333333
2025-10-31,Fintech,CNNE,0.03333333333333333
2025-10-31,Fintech,RDCM,0.03333333333333333
2025-10-31,Fintech,MRBK,0.03333333333333333
2025-10-31,Fintech,WILC,0.03333333333333333
2025-10-31,Fintech,PD,0.03333333333333333
2025-10-31,Fintech,FCCO,0.03333333333333333
2025-10-31,Fintech,OPBK,0.03333333333333333
2025-10-31,Fintech,PEBK,0.03333333333333333
2025-10-31,Fintech,GRVY,0.03333333333333333
2025-10-31,Robotics & AI,CHSCN,0.03333333333333333
2025-10-31,Robotics & AI,CHSCM,0.03333333333333333
2025-10-31,Robotics & AI,NAVI,0.03333333333333333
2025-10-31,Robotics & AI,CHSCO,0.03333333333333333
2025-10-31,Robotics & AI,PFX,0.03333333333333333
2025-10-31,Robotics & AI,MAYS,0.03333333333333333
2025-10-31,Robotics & AI,MNSB,0.03333333333333333
2025-10-31,Robotics & AI,SGA,0.03333333333333333
2025-10-31,Robotics & AI,MHLA,0.03333333333333333
2025-10-31,Robotics & AI,ATLO,0.03333333333333333
2025-10-31,Robotics & AI,SNFCA,0.03333333333333333
2025-10-31,Robotics & AI,MHNC,0.03333333333333333
2025-10-31,Robotics & AI,UTMD,0.03333333333333333
2025-10-31,Robotics & AI,KE,0.03333333333333333
2025-10-31,Robotics & AI,GBLI,0.03333333333333333
2025-10-31,Robotics & AI,GAIN,0.03333333333333333
2025-10-31,Robotics & AI,OFLX,0.03333333333333333
2025-10-31,Robotics & AI,NECB,0.03333333333333333
2025-10-31,Robotics & AI,NWFL,0.03333333333333333
2025-10-31,Robotics & AI,FTLF,0.03333333333333333
2025-10-31,Robotics & AI,MRBK,0.03333333333333333
2025-10-31,Robotics & AI,HRZN,0.03333333333333333
2025-10-31,Robotics & AI,NKSH,0.03333333333333333
2025-10-31,Robotics & AI,ALRS,0.03333333333333333
2025-10-31,Robotics & AI,CWBC,0.03333333333333333
2025-10-31,Robotics & AI,DSWL,0.03333333333333333
2025-10-31,Robotics & AI,ACCO,0.03333333333333333
2025-10-31,Robotics & AI,TSBK,0.03333333333333333
2025-10-31,Robotics & AI,KRO,0.03333333333333333
2025-10-31,Robotics & AI,RDCM,0.03333333333333333
2025-10-31,Timber & Forestry,CHSCM,0.03333333333333333
2025-10-31,Timber & Forestry,CHSCN,0.03333333333333333
2025-10-31,Timber & Forestry,CHSCO,0.03333333333333333
2025-10-31,Timber & Forestry,PFX,0.03333333333333333
2025-10-31,Timber & Forestry,SNFCA,0.03333333333333333
2025-10-31,Timber & Forestry,TRC,0.03333333333333333
2025-10-31,Timber & Forestry,GAIN,0.03333333333333333
2025-10-31,Timber & Forestry,MHLA,0.03333333333333333
2025-10-31,Timber & Forestry,BCIC,0.03333333333333333
2025-10-31,Timber & Forestry,CGBD,0.03333333333333333
2025-10-31,Timber & Forestry,UTMD,0.03333333333333333
2025-10-31,Timber & Forestry,NAVI,0.03333333333333333
2025-10-31,Timber & Forestry,PFLT,0.03333333333333333
2025-10-31,Timber & Forestry,GLAD,0.03333333333333333
2025-10-31,Timber & Forestry,SGA,0.03333333333333333
2025-10-31,Timber & Forestry,MHNC,0.03333333333333333
2025-10-31,Timber & Forestry,GBLI,0.03333333333333333
2025-10-31,Timber & Forestry,OFLX,0.03333333333333333
2025-10-31,Timber & Forestry,FXNC,0.03333333333333333
2025-10-31,Timber & Forestry,CAPL,0.03333333333333333
2025-10-31,Timber & Forestry,HRZN,0.03333333333333333
2025-10-31,Timber & Forestry,CTO,0.03333333333333333
2025-10-31,Timber & Forestry,NODK,0.03333333333333333
2025-10-31,Timber & Forestry,AIV,0.03333333333333333
2025-10-31,Timber & Forestry,SITC,0.03333333333333333
2025-10-31,Timber & Forestry,ACCO,0.03333333333333333
2025-10-31,Timber & Forestry,ITIC,0.03333333333333333
2025-10-31,Timber & Forestry,DSWL,0.03333333333333333
2025-10-31,Timber & Forestry,FPH,0.03333333333333333
2025-10-31,Timber & Forestry,ELME,0.03333333333333333
2025-10-31,US Infrastructure,GLRE,0.03333333333333333
2025-10-31,US Infrastructure,APOG,0.03333333333333333
2025-10-31,US Infrastructure,BBSI,0.03333333333333333
2025-10-31,US Infrastructure,ETD,0.03333333333333333
2025-10-31,US Infrastructure,BH,0.03333333333333333
2025-10-31,US Infrastructure,IIIN,0.03333333333333333
2025-10-31,US Infrastructure,HCKT,0.03333333333333333
2025-10-31,US Infrastructure,AIV,0.03333333333333333
2025-10-31,US Infrastructure,BSVN,0.03333333333333333
2025-10-31,US Infrastructure,PKE,0.03333333333333333
2025-10-31,US Infrastructure,GWRS,0.03333333333333333
2025-10-31,US Infrastructure,NX,0.03333333333333333
2025-10-31,US Infrastructure,SRI,0.03333333333333333
2025-10-31,US Infrastructure,STRS,0.03333333333333333
2025-10-31,US Infrastructure,LEGH,0.03333333333333333
2025-10-31,US Infrastructure,TRNS,0.03333333333333333
2025-10-31,US Infrastructure,LYTS,0.03333333333333333
2025-10-31,US Infrastructure,WNC,0.03333333333333333
2025-10-31,US Infrastructure,HY,0.03333333333333333
2025-10-31,US Infrastructure,CWCO,0.03333333333333333
2025-10-31,US Infrastructure,ASIX,0.03333333333333333
2025-10-31,US Infrastructure,UNTY,0.03333333333333333
2025-10-31,US Infrastructure,CMCO,0.03333333333333333
2025-10-31,US Infrastructure,MLAB,0.03333333333333333
2025-10-31,US Infrastructure,OEC,0.03333333333333333
2025-10-31,US Infrastructure,PNRG,0.03333333333333333
2025-10-31,US Infrastructure,SANG,0.03333333333333333
2025-10-31,US Infrastructure,MTUS,0.03333333333333333
2025-10-31,US Infrastructure,MRAM,0.03333333333333333
2025-10-31,US Infrastructure,SXC,0.03333333333333333
2025-10-31,Water,EBF,0.03333333333333333
2025-10-31,Water,FRPH,0.03333333333333333
2025-10-31,Water,TRC,0.03333333333333333
2025-10-31,Water,GLRE,0.03333333333333333
2025-10-31,Water,VLGEA,0.03333333333333333
2025-10-31,Water,PFX,0.03333333333333333
2025-10-31,Water,PCYO,0.03333333333333333
2025-10-31,Water,RGCO,0.03333333333333333
2025-10-31,Water,GWRS,0.03333333333333333
2025-10-31,Water,APOG,0.03333333333333333
2025-10-31,Water,AIV,0.03333333333333333
2025-10-31,Water,BBSI,0.03333333333333333
2025-10-31,Water,OFLX,0.03333333333333333
2025-10-31,Water,ETD,0.03333333333333333
2025-10-31,Water,HSTM,0.03333333333333333
2025-10-31,Water,SGA,0.03333333333333333
2025-10-31,Water,NECB,0.03333333333333333
2025-10-31,Water,IIIN,0.03333333333333333
2025-10-31,Water,BSVN,0.03333333333333333
2025-10-31,Water,LEGH,0.03333333333333333
2025-10-31,Water,NKSH,0.03333333333333333
2025-10-31,Water,PKE,0.03333333333333333
2025-10-31,Water,EIG,0.03333333333333333
2025-10-31,Water,XRN,0.03333333333333333
2025-10-31,Water,CWCO,0.03333333333333333
2025-10-31,Water,MGPI,0.03333333333333333
2025-10-31,Water,TIPT,0.03333333333333333
2025-10-31,Water,RDCM,0.03333333333333333
2025-10-31,Water,NX,0.03333333333333333
2025-10-31,Water,FDBC,0.03333333333333333
2025-11-28,AI Infrastructure,KE,0.03333333333333333
2025-11-28,AI Infrastructure,MNSB,0.03333333333333333
2025-11-28,AI Infrastructure,FTLF,0.03333333333333333
2025-11-28,AI Infrastructure,LSBK,0.03333333333333333
2025-11-28,AI Infrastructure,NAVI,0.03333333333333333
2025-11-28,AI Infrastructure,ALRS,0.03333333333333333
2025-11-28,AI Infrastructure,SGA,0.03333333333333333
2025-11-28,AI Infrastructure,CWBC,0.03333333333333333
2025-11-28,AI Infrastructure,MRBK,0.03333333333333333
2025-11-28,AI Infrastructure,UTMD,0.03333333333333333
2025-11-28,AI Infrastructure,FCCO,0.03333333333333333
2025-11-28,AI Infrastructure,FVCB,0.03333333333333333
2025-11-28,AI Infrastructure,ULBI,0.03333333333333333
2025-11-28,AI Infrastructure,DLNG,0.03333333333333333
2025-11-28,AI Infrastructure,NKSH,0.03333333333333333
2025-11-28,AI Infrastructure,GHI,0.03333333333333333
2025-11-28,AI Infrastructure,DSX,0.03333333333333333
2025-11-28,AI Infrastructure,SB,0.03333333333333333
2025-11-28,AI Infrastructure,QUIK,0.03333333333333333
2025-11-28,AI Infrastructure,NECB,0.03333333333333333
2025-11-28,AI Infrastructure,PDLB,0.03333333333333333
2025-11-28,AI Infrastructure,CMCO,0.03333333333333333
2025-11-28,AI Infrastructure,ORRF,0.03333333333333333
2025-11-28,AI Infrastructure,KRO,0.03333333333333333
2025-11-28,AI Infrastructure,STRT,0.03333333333333333
2025-11-28,AI Infrastructure,SILC,0.03333333333333333
2025-11-28,AI Infrastructure,WTBA,0.03333333333333333
2025-11-28,AI Infrastructure,JMSB,0.03333333333333333
2025-11-28,AI Infrastructure,NVEC,0.03333333333333333
2025-11-28,AI Infrastructure,SMBK,0.03333333333333333
2025-11-28,Agribusiness,TRC,0.03333333333333333
2025-11-28,Agribusiness,MAYS,0.03333333333333333
2025-11-28,Agribusiness,HVT,0.03333333333333333
2025-11-28,Agribusiness,KIDS,0.03333333333333333
2025-11-28,Agribusiness,MGPI,0.03333333333333333
2025-11-28,Agribusiness,KVHI,0.03333333333333333
2025-11-28,Agribusiness,LND,0.03333333333333333
2025-11-28,Agribusiness,WEYS,0.03333333333333333
2025-11-28,Agribusiness,OXM,0.03333333333333333
2025-11-28,Agribusiness,LAND,0.03333333333333333
2025-11-28,Agribusiness,FTEK,0.03333333333333333
2025-11-28,Agribusiness,NKSH,0.03333333333333333
2025-11-28,Agribusiness,NC,0.03333333333333333
2025-11-28,Agribusiness,ANGO,0.03333333333333333
2025-11-28,Agribusiness,DSX,0.03333333333333333
2025-11-28,Agribusiness,MTUS,0.03333333333333333
2025-11-28,Agribusiness,OPXS,0.03333333333333333
2025-11-28,Agribusiness,CHCI,0.03333333333333333
2025-11-28,Agribusiness,TITN,0.03333333333333333
2025-11-28,Agribusiness,SANG,0.03333333333333333
2025-11-28,Agribusiness,TK,0.03333333333333333
2025-11-28,Agribusiness,GSM,0.03333333333333333
2025-11-28,Agribusiness,AIRT,0.03333333333333333
2025-11-28,Agribusiness,CVV,0.03333333333333333
2025-11-28,Agribusiness,CLNE,0.03333333333333333
2025-11-28,Agribusiness,GOOS,0.03333333333333333
2025-11-28,Agribusiness,RDIB,0.03333333333333333
2025-11-28,Agribusiness,GCO,0.03333333333333333
2025-11-28,Agribusiness,GEVO,0.03333333333333333
2025-11-28,Agribusiness,ASC,0.03333333333333333
2025-11-28,Clean Energy,GHI,0.03333333333333333
2025-11-28,Clean Energy,GBLI,0.03333333333333333
2025-11-28,Clean Energy,CGBD,0.03333333333333333
2025-11-28,Clean Energy,LSBK,0.03333333333333333
2025-11-28,Clean Energy,HRZN,0.03333333333333333
2025-11-28,Clean Energy,CAPL,0.03333333333333333
2025-11-28,Clean Energy,NEWT,0.03333333333333333
2025-11-28,Clean Energy,GPJA,0.03333333333333333
2025-11-28,Clean Energy,PFLT,0.03333333333333333
2025-11-28,Clean Energy,GAIN,0.03333333333333333
2025-11-28,Clean Energy,BBDC,0.03333333333333333
2025-11-28,Clean Energy,KVHI,0.03333333333333333
2025-11-28,Clean Energy,CHSCN,0.03333333333333333
2025-11-28,Clean Energy,KE,0.03333333333333333
2025-11-28,Clean Energy,EARN,0.03333333333333333
2025-11-28,Clean Energy,DSX,0.03333333333333333
2025-11-28,Clean Energy,MAYS,0.03333333333333333
2025-11-28,Clean Energy,FPI,0.03333333333333333
2025-11-28,Clean Energy,HVT,0.03333333333333333
2025-11-28,Clean Energy,SILC,0.03333333333333333
2025-11-28,Clean Energy,PNNT,0.03333333333333333
2025-11-28,Clean Energy,CHMI,0.03333333333333333
2025-11-28,Clean Energy,FPH,0.03333333333333333
2025-11-28,Clean Energy,CVEO,0.03333333333333333
2025-11-28,Clean Energy,LAND,0.03333333333333333
2025-11-28,Clean Energy,SRI,0.03333333333333333
2025-11-28,Clean Energy,SGA,0.03333333333333333
2025-11-28,Clean Energy,EPSN,0.03333333333333333
2025-11-28,Clean Energy,NCSM,0.03333333333333333
2025-11-28,Clean Energy,LND,0.03333333333333333
2025-11-28,Critical Minerals,SB,0.03333333333333333
2025-11-28,Critical Minerals,MTUS,0.03333333333333333
2025-11-28,Critical Minerals,NOA,0.03333333333333333
2025-11-28,Critical Minerals,PANL,0.03333333333333333
2025-11-28,Critical Minerals,SNFCA,0.03333333333333333
2025-11-28,Critical Minerals,FTEK,0.03333333333333333
2025-11-28,Critical Minerals,STRS,0.03333333333333333
2025-11-28,Critical Minerals,DSX,0.03333333333333333
2025-11-28,Critical Minerals,ASA,0.03333333333333333
2025-11-28,Critical Minerals,EPSN,0.03333333333333333
2025-11-28,Critical Minerals,SILC,0.03333333333333333
2025-11-28,Critical Minerals,CAPL,0.03333333333333333
2025-11-28,Critical Minerals,PNRG,0.03333333333333333
2025-11-28,Critical Minerals,KE,0.03333333333333333
2025-11-28,Critical Minerals,KRO,0.03333333333333333
2025-11-28,Critical Minerals,GSM,0.03333333333333333
2025-11-28,Critical Minerals,ODV,0.03333333333333333
2025-11-28,Critical Minerals,BAK,0.03333333333333333
2025-11-28,Critical Minerals,LND,0.03333333333333333
2025-11-28,Critical Minerals,TRC,0.03333333333333333
2025-11-28,Critical Minerals,FPH,0.03333333333333333
2025-11-28,Critical Minerals,DLNG,0.03333333333333333
2025-11-28,Critical Minerals,ALCO,0.03333333333333333
2025-11-28,Critical Minerals,GILT,0.03333333333333333
2025-11-28,Critical Minerals,SXC,0.03333333333333333
2025-11-28,Critical Minerals,MAKO,0.03333333333333333
2025-11-28,Critical Minerals,CHSCN,0.03333333333333333
2025-11-28,Critical Minerals,SGA,0.03333333333333333
2025-11-28,Critical Minerals,GPRO,0.03333333333333333
2025-11-28,Critical Minerals,VHI,0.03333333333333333
2025-11-28,Cybersecurity,CHSCM,0.03333333333333333
2025-11-28,Cybersecurity,UTMD,0.03333333333333333
2025-11-28,Cybersecurity,FRPH,0.03333333333333333
2025-11-28,Cybersecurity,LSBK,0.03333333333333333
2025-11-28,Cybersecurity,DSWL,0.03333333333333333
2025-11-28,Cybersecurity,TRC,0.03333333333333333
2025-11-28,Cybersecurity,MNSB,0.03333333333333333
2025-11-28,Cybersecurity,BPRN,0.03333333333333333
2025-11-28,Cybersecurity,FRAF,0.03333333333333333
2025-11-28,Cybersecurity,MHLA,0.03333333333333333
2025-11-28,Cybersecurity,BCML,0.03333333333333333
2025-11-28,Cybersecurity,LCNB,0.03333333333333333
2025-11-28,Cybersecurity,CWBC,0.03333333333333333
2025-11-28,Cybersecurity,CFBK,0.03333333333333333
2025-11-28,Cybersecurity,PEBK,0.03333333333333333
2025-11-28,Cybersecurity,BCAL,0.03333333333333333
2025-11-28,Cybersecurity,RBKB,0.03333333333333333
2025-11-28,Cybersecurity,CBNK,0.03333333333333333
2025-11-28,Cybersecurity,III,0.03333333333333333
2025-11-28,Cybersecurity,NECB,0.03333333333333333
2025-11-28,Cybersecurity,ALRS,0.03333333333333333
2025-11-28,Cybersecurity,RGCO,0.03333333333333333
2025-11-28,Cybersecurity,FCCO,0.03333333333333333
2025-11-28,Cybersecurity,CFFI,0.03333333333333333
2025-11-28,Cybersecurity,PCB,0.03333333333333333
2025-11-28,Cybersecurity,WNEB,0.03333333333333333
2025-11-28,Cybersecurity,BFS,0.03333333333333333
2025-11-28,Cybersecurity,EBMT,0.03333333333333333
2025-11-28,Cybersecurity,HCKT,0.03333333333333333
2025-11-28,Cybersecurity,CBAN,0.03333333333333333
2025-11-28,Defense,VLGEA,0.03333333333333333
2025-11-28,Defense,EBF,0.03333333333333333
2025-11-28,Defense,GLRE,0.03333333333333333
2025-11-28,Defense,PFX,0.03333333333333333
2025-11-28,Defense,RBKB,0.03333333333333333
2025-11-28,Defense,APOG,0.03333333333333333
2025-11-28,Defense,MCFT,0.03333333333333333
2025-11-28,Defense,LOCO,0.03333333333333333
2025-11-28,Defense,HCKT,0.03333333333333333
2025-11-28,Defense,ISBA,0.03333333333333333
2025-11-28,Defense,RGCO,0.03333333333333333
2025-11-28,Defense,MCS,0.03333333333333333
2025-11-28,Defense,HSTM,0.03333333333333333
2025-11-28,Defense,CFFI,0.03333333333333333
2025-11-28,Defense,CZNC,0.03333333333333333
2025-11-28,Defense,SWBI,0.03333333333333333
2025-11-28,Defense,GNE,0.03333333333333333
2025-11-28,Defense,ACNT,0.03333333333333333
2025-11-28,Defense,FCBC,0.03333333333333333
2025-11-28,Defense,GILT,0.03333333333333333
2025-11-28,Defense,TIPT,0.03333333333333333
2025-11-28,Defense,MNRO,0.03333333333333333
2025-11-28,Defense,FTLF,0.03333333333333333
2025-11-28,Defense,NC,0.03333333333333333
2025-11-28,Defense,DSX,0.03333333333333333
2025-11-28,Defense,ARTNA,0.03333333333333333
2025-11-28,Defense,MTUS,0.03333333333333333
2025-11-28,Defense,INSE,0.03333333333333333
2025-11-28,Defense,TK,0.03333333333333333
2025-11-28,Defense,JMSB,0.03333333333333333
2025-11-28,Fintech,FRPH,0.03333333333333333
2025-11-28,Fintech,UTMD,0.03333333333333333
2025-11-28,Fintech,LARK,0.03333333333333333
2025-11-28,Fintech,NODK,0.03333333333333333
2025-11-28,Fintech,DSWL,0.03333333333333333
2025-11-28,Fintech,SFBC,0.03333333333333333
2025-11-28,Fintech,FRAF,0.03333333333333333
2025-11-28,Fintech,GLAD,0.03333333333333333
2025-11-28,Fintech,IIIV,0.03333333333333333
2025-11-28,Fintech,TRC,0.03333333333333333
2025-11-28,Fintech,MNSB,0.03333333333333333
2025-11-28,Fintech,MRBK,0.03333333333333333
2025-11-28,Fintech,GHI,0.03333333333333333
2025-11-28,Fintech,III,0.03333333333333333
2025-11-28,Fintech,PBHC,0.03333333333333333
2025-11-28,Fintech,AVBH,0.03333333333333333
2025-11-28,Fintech,RDCM,0.03333333333333333
2025-11-28,Fintech,CHMG,0.03333333333333333
2025-11-28,Fintech,CBNK,0.03333333333333333
2025-11-28,Fintech,GRVY,0.03333333333333333
2025-11-28,Fintech,OOMA,0.03333333333333333
2025-11-28,Fintech,CWBC,0.03333333333333333
2025-11-28,Fintech,KELYB,0.03333333333333333
2025-11-28,Fintech,TPVG,0.03333333333333333
2025-11-28,Fintech,RM,0.03333333333333333
2025-11-28,Fintech,SNFCA,0.03333333333333333
2025-11-28,Fintech,CZWI,0.03333333333333333
2025-11-28,Fintech,FUNC,0.03333333333333333
2025-11-28,Fintech,ACCO,0.03333333333333333
2025-11-28,Fintech,MCS,0.03333333333333333
2025-11-28,Robotics & AI,CHSCN,0.03333333333333333
2025-11-28,Robotics & AI,CHSCM,0.03333333333333333
2025-11-28,Robotics & AI,PFX,0.03333333333333333
2025-11-28,Robotics & AI,NAVI,0.03333333333333333
2025-11-28,Robotics & AI,MNSB,0.03333333333333333
2025-11-28,Robotics & AI,UTMD,0.03333333333333333
2025-11-28,Robotics & AI,LSBK,0.03333333333333333
2025-11-28,Robotics & AI,MAYS,0.03333333333333333
2025-11-28,Robotics & AI,BCIC,0.03333333333333333
2025-11-28,Robotics & AI,SGA,0.03333333333333333
2025-11-28,Robotics & AI,MHLA,0.03333333333333333
2025-11-28,Robotics & AI,ATLO,0.03333333333333333
2025-11-28,Robotics & AI,MRBK,0.03333333333333333
2025-11-28,Robotics & AI,SBFG,0.03333333333333333
2025-11-28,Robotics & AI,MHNC,0.03333333333333333
2025-11-28,Robotics & AI,NECB,0.03333333333333333
2025-11-28,Robotics & AI,GLAD,0.03333333333333333
2025-11-28,Robotics & AI,GAIN,0.03333333333333333
2025-11-28,Robotics & AI,SNFCA,0.03333333333333333
2025-11-28,Robotics & AI,KE,0.03333333333333333
2025-11-28,Robotics & AI,OFLX,0.03333333333333333
2025-11-28,Robotics & AI,DSWL,0.03333333333333333
2025-11-28,Robotics & AI,GBLI,0.03333333333333333
2025-11-28,Robotics & AI,BBDC,0.03333333333333333
2025-11-28,Robotics & AI,BCAL,0.03333333333333333
2025-11-28,Robotics & AI,NWFL,0.03333333333333333
2025-11-28,Robotics & AI,CGBD,0.03333333333333333
2025-11-28,Robotics & AI,CWBC,0.03333333333333333
2025-11-28,Robotics & AI,ACCO,0.03333333333333333
2025-11-28,Robotics & AI,CZWI,0.03333333333333333
2025-11-28,Timber & Forestry,CHSCM,0.03333333333333333
2025-11-28,Timber & Forestry,CHSCN,0.03333333333333333
2025-11-28,Timber & Forestry,PFX,0.03333333333333333
2025-11-28,Timber & Forestry,GPJA,0.03333333333333333
2025-11-28,Timber & Forestry,LSBK,0.03333333333333333
2025-11-28,Timber & Forestry,BCIC,0.03333333333333333
2025-11-28,Timber & Forestry,GBLI,0.03333333333333333
2025-11-28,Timber & Forestry,GHI,0.03333333333333333
2025-11-28,Timber & Forestry,MHLA,0.03333333333333333
2025-11-28,Timber & Forestry,CGBD,0.03333333333333333
2025-11-28,Timber & Forestry,GAIN,0.03333333333333333
2025-11-28,Timber & Forestry,GLAD,0.03333333333333333
2025-11-28,Timber & Forestry,NAVI,0.03333333333333333
2025-11-28,Timber & Forestry,UTMD,0.03333333333333333
2025-11-28,Timber & Forestry,MHNC,0.03333333333333333
2025-11-28,Timber & Forestry,PFLT,0.03333333333333333
2025-11-28,Timber & Forestry,TRC,0.03333333333333333
2025-11-28,Timber & Forestry,SNFCA,0.03333333333333333
2025-11-28,Timber & Forestry,BBDC,0.03333333333333333
2025-11-28,Timber & Forestry,CAPL,0.03333333333333333
2025-11-28,Timber & Forestry,ALCO,0.03333333333333333
2025-11-28,Timber & Forestry,CMTV,0.03333333333333333
2025-11-28,Timber & Forestry,PNNT,0.03333333333333333
2025-11-28,Timber & Forestry,ELME,0.03333333333333333
2025-11-28,Timber & Forestry,EARN,0.03333333333333333
2025-11-28,Timber & Forestry,HRZN,0.03333333333333333
2025-11-28,Timber & Forestry,SGA,0.03333333333333333
2025-11-28,Timber & Forestry,APOG,0.03333333333333333
2025-11-28,Timber & Forestry,ACCO,0.03333333333333333
2025-11-28,Timber & Forestry,FPH,0.03333333333333333
2025-11-28,US Infrastructure,GLRE,0.03333333333333333
2025-11-28,US Infrastructure,APOG,0.03333333333333333
2025-11-28,US Infrastructure,RGCO,0.03333333333333333
2025-11-28,US Infrastructure,NPK,0.03333333333333333
2025-11-28,US Infrastructure,ETD,0.03333333333333333
2025-11-28,US Infrastructure,BBSI,0.03333333333333333
2025-11-28,US Infrastructure,IIIN,0.03333333333333333
2025-11-28,US Infrastructure,BH,0.03333333333333333
2025-11-28,US Infrastructure,LEGH,0.03333333333333333
2025-11-28,US Infrastructure,GWRS,0.03333333333333333
2025-11-28,US Infrastructure,HCKT,0.03333333333333333
2025-11-28,US Infrastructure,PKE,0.03333333333333333
2025-11-28,US Infrastructure,BSVN,0.03333333333333333
2025-11-28,US Infrastructure,SRI,0.03333333333333333
2025-11-28,US Infrastructure,WNC,0.03333333333333333
2025-11-28,US Infrastructure,NX,0.03333333333333333
2025-11-28,US Infrastructure,STRS,0.03333333333333333
2025-11-28,US Infrastructure,CWCO,0.03333333333333333
2025-11-28,US Infrastructure,UNTY,0.03333333333333333
2025-11-28,US Infrastructure,TRNS,0.03333333333333333
2025-11-28,US Infrastructure,CMCO,0.03333333333333333
2025-11-28,US Infrastructure,HY,0.03333333333333333
2025-11-28,US Infrastructure,LYTS,0.03333333333333333
2025-11-28,US Infrastructure,PNRG,0.03333333333333333
2025-11-28,US Infrastructure,ANGO,0.03333333333333333
2025-11-28,US Infrastructure,MLAB,0.03333333333333333
2025-11-28,US Infrastructure,ASIX,0.03333333333333333
2025-11-28,US Infrastructure,MTUS,0.03333333333333333
2025-11-28,US Infrastructure,SANG,0.03333333333333333
2025-11-28,US Infrastructure,OEC,0.03333333333333333
2025-11-28,Water,EBF,0.03333333333333333
2025-11-28,Water,FRPH,0.03333333333333333
2025-11-28,Water,GLRE,0.03333333333333333
2025-11-28,Water,VLGEA,0.03333333333333333
2025-11-28,Water,TRC,0.03333333333333333
2025-11-28,Water,PFX,0.03333333333333333
2025-11-28,Water,RGCO,0.03333333333333333
2025-11-28,Water,PCYO,0.03333333333333333
2025-11-28,Water,GWRS,0.03333333333333333
2025-11-28,Water,APOG,0.03333333333333333
2025-11-28,Water,LEGH,0.03333333333333333
2025-11-28,Water,OFLX,0.03333333333333333
2025-11-28,Water,AIV,0.03333333333333333
2025-11-28,Water,SGA,0.03333333333333333
2025-11-28,Water,HSTM,0.03333333333333333
2025-11-28,Water,ETD,0.03333333333333333
2025-11-28,Water,IIIN,0.03333333333333333
2025-11-28,Water,EIG,0.03333333333333333
2025-11-28,Water,CWCO,0.03333333333333333
2025-11-28,Water,XRN,0.03333333333333333
2025-11-28,Water,MGPI,0.03333333333333333
2025-11-28,Water,GNE,0.03333333333333333
2025-11-28,Water,ARTNA,0.03333333333333333
2025-11-28,Water,WNC,0.03333333333333333
2025-11-28,Water,TIPT,0.03333333333333333
2025-11-28,Water,MNRO,0.03333333333333333
2025-11-28,Water,SRI,0.03333333333333333
2025-11-28,Water,FDBC,0.03333333333333333
2025-11-28,Water,UTL,0.03333333333333333
2025-11-28,Water,PAMT,0.03333333333333333
2025-12-26,AI Infrastructure,MNSB,0.03333333333333333
2025-12-26,AI Infrastructure,LSBK,0.03333333333333333
2025-12-26,AI Infrastructure,MOV,0.03333333333333333
2025-12-26,AI Infrastructure,NAVI,0.03333333333333333
2025-12-26,AI Infrastructure,ALRS,0.03333333333333333
2025-12-26,AI Infrastructure,FTLF,0.03333333333333333
2025-12-26,AI Infrastructure,KE,0.03333333333333333
2025-12-26,AI Infrastructure,RBBN,0.03333333333333333
2025-12-26,AI Infrastructure,MRBK,0.03333333333333333
2025-12-26,AI Infrastructure,FVCB,0.03333333333333333
2025-12-26,AI Infrastructure,CFBK,0.03333333333333333
2025-12-26,AI Infrastructure,SGA,0.03333333333333333
2025-12-26,AI Infrastructure,ORRF,0.03333333333333333
2025-12-26,AI Infrastructure,GHI,0.03333333333333333
2025-12-26,AI Infrastructure,ULBI,0.03333333333333333
2025-12-26,AI Infrastructure,AUDC,0.03333333333333333
2025-12-26,AI Infrastructure,KELYB,0.03333333333333333
2025-12-26,AI Infrastructure,GSBC,0.03333333333333333
2025-12-26,AI Infrastructure,QUIK,0.03333333333333333
2025-12-26,AI Infrastructure,HZO,0.03333333333333333
2025-12-26,AI Infrastructure,OXM,0.03333333333333333
2025-12-26,AI Infrastructure,FLXS,0.03333333333333333
2025-12-26,AI Infrastructure,CMCO,0.03333333333333333
2025-12-26,AI Infrastructure,WTBA,0.03333333333333333
2025-12-26,AI Infrastructure,GECC,0.03333333333333333
2025-12-26,AI Infrastructure,KIDS,0.03333333333333333
2025-12-26,AI Infrastructure,AIOT,0.03333333333333333
2025-12-26,AI Infrastructure,PFIS,0.03333333333333333
2025-12-26,AI Infrastructure,KRO,0.03333333333333333
2025-12-26,AI Infrastructure,NVEC,0.03333333333333333
2025-12-26,Agribusiness,TRC,0.03333333333333333
2025-12-26,Agribusiness,MAYS,0.03333333333333333
2025-12-26,Agribusiness,HVT,0.03333333333333333
2025-12-26,Agribusiness,MGPI,0.03333333333333333
2025-12-26,Agribusiness,OXM,0.03333333333333333
2025-12-26,Agribusiness,LAND,0.03333333333333333
2025-12-26,Agribusiness,BH,0.03333333333333333
2025-12-26,Agribusiness,GNE,0.03333333333333333
2025-12-26,Agribusiness,LND,0.03333333333333333
2025-12-26,Agribusiness,TRNS,0.03333333333333333
2025-12-26,Agribusiness,ANGO,0.03333333333333333
2025-12-26,Agribusiness,WNC,0.03333333333333333
2025-12-26,Agribusiness,ASIX,0.03333333333333333
2025-12-26,Agribusiness,NC,0.03333333333333333
2025-12-26,Agribusiness,MTUS,0.03333333333333333
2025-12-26,Agribusiness,JAKK,0.03333333333333333
2025-12-26,Agribusiness,BLMN,0.03333333333333333
2025-12-26,Agribusiness,AIRT,0.03333333333333333
2025-12-26,Agribusiness,GOOS,0.03333333333333333
2025-12-26,Agribusiness,GSM,0.03333333333333333
2025-12-26,Agribusiness,PLAY,0.03333333333333333
2025-12-26,Agribusiness,TK,0.03333333333333333
2025-12-26,Agribusiness,GOGO,0.03333333333333333
2025-12-26,Agribusiness,CLNE,0.03333333333333333
2025-12-26,Agribusiness,CVV,0.03333333333333333
2025-12-26,Agribusiness,GASS,0.03333333333333333
2025-12-26,Agribusiness,ASC,0.03333333333333333
2025-12-26,Agribusiness,LOVE,0.03333333333333333
2025-12-26,Agribusiness,SLNG,0.03333333333333333
2025-12-26,Agribusiness,CLFD,0.03333333333333333
2025-12-26,Clean Energy,GHI,0.03333333333333333
2025-12-26,Clean Energy,GBLI,0.03333333333333333
2025-12-26,Clean Energy,CGBD,0.03333333333333333
2025-12-26,Clean Energy,KE,0.03333333333333333
2025-12-26,Clean Energy,LSBK,0.03333333333333333
2025-12-26,Clean Energy,NOA,0.03333333333333333
2025-12-26,Clean Energy,DSX,0.03333333333333333
2025-12-26,Clean Energy,GPJA,0.03333333333333333
2025-12-26,Clean Energy,PFLT,0.03333333333333333
2025-12-26,Clean Energy,CHSCN,0.03333333333333333
2025-12-26,Clean Energy,HRZN,0.03333333333333333
2025-12-26,Clean Energy,MAYS,0.03333333333333333
2025-12-26,Clean Energy,FTEK,0.03333333333333333
2025-12-26,Clean Energy,NEWT,0.03333333333333333
2025-12-26,Clean Energy,GAIN,0.03333333333333333
2025-12-26,Clean Energy,SILC,0.03333333333333333
2025-12-26,Clean Energy,CHMI,0.03333333333333333
2025-12-26,Clean Energy,SB,0.03333333333333333
2025-12-26,Clean Energy,FPI,0.03333333333333333
2025-12-26,Clean Energy,EARN,0.03333333333333333
2025-12-26,Clean Energy,KVHI,0.03333333333333333
2025-12-26,Clean Energy,SGA,0.03333333333333333
2025-12-26,Clean Energy,HVT,0.03333333333333333
2025-12-26,Clean Energy,FPH,0.03333333333333333
2025-12-26,Clean Energy,PNRG,0.03333333333333333
2025-12-26,Clean Energy,LAND,0.03333333333333333
2025-12-26,Clean Energy,NCSM,0.03333333333333333
2025-12-26,Clean Energy,FUSB,0.03333333333333333
2025-12-26,Clean Energy,GILT,0.03333333333333333
2025-12-26,Clean Energy,KRO,0.03333333333333333
2025-12-26,Critical Minerals,NOA,0.03333333333333333
2025-12-26,Critical Minerals,SB,0.03333333333333333
2025-12-26,Critical Minerals,PANL,0.03333333333333333
2025-12-26,Critical Minerals,SNFCA,0.03333333333333333
2025-12-26,Critical Minerals,DSX,0.03333333333333333
2025-12-26,Critical Minerals,EPSN,0.03333333333333333
2025-12-26,Critical Minerals,MTUS,0.03333333333333333
2025-12-26,Critical Minerals,CAPL,0.03333333333333333
2025-12-26,Critical Minerals,DSWL,0.03333333333333333
2025-12-26,Critical Minerals,KRO,0.03333333333333333
2025-12-26,Critical Minerals,FTEK,0.03333333333333333
2025-12-26,Critical Minerals,MHNC,0.03333333333333333
2025-12-26,Critical Minerals,FNWD,0.03333333333333333
2025-12-26,Critical Minerals,ALCO,0.03333333333333333
2025-12-26,Critical Minerals,SGA,0.03333333333333333
2025-12-26,Critical Minerals,GILT,0.03333333333333333
2025-12-26,Critical Minerals,BAK,0.03333333333333333
2025-12-26,Critical Minerals,SILC,0.03333333333333333
2025-12-26,Critical Minerals,DLNG,0.03333333333333333
2025-12-26,Critical Minerals,GSM,0.03333333333333333
2025-12-26,Critical Minerals,UTMD,0.03333333333333333
2025-12-26,Critical Minerals,PNRG,0.03333333333333333
2025-12-26,Critical Minerals,EDRY,0.03333333333333333
2025-12-26,Critical Minerals,FPH,0.03333333333333333
2025-12-26,Critical Minerals,SXC,0.03333333333333333
2025-12-26,Critical Minerals,NL,0.03333333333333333
2025-12-26,Critical Minerals,LND,0.03333333333333333
2025-12-26,Critical Minerals,AVBH,0.03333333333333333
2025-12-26,Critical Minerals,ACCO,0.03333333333333333
2025-12-26,Critical Minerals,KVHI,0.03333333333333333
2025-12-26,Cybersecurity,UTMD,0.03333333333333333
2025-12-26,Cybersecurity,FRPH,0.03333333333333333
2025-12-26,Cybersecurity,LSBK,0.03333333333333333
2025-12-26,Cybersecurity,TRC,0.03333333333333333
2025-12-26,Cybersecurity,BPRN,0.03333333333333333
2025-12-26,Cybersecurity,FRAF,0.03333333333333333
2025-12-26,Cybersecurity,VLGEA,0.03333333333333333
2025-12-26,Cybersecurity,BCML,0.03333333333333333
2025-12-26,Cybersecurity,UNB,0.03333333333333333
2025-12-26,Cybersecurity,MNSB,0.03333333333333333
2025-12-26,Cybersecurity,CWBC,0.03333333333333333
2025-12-26,Cybersecurity,LCNB,0.03333333333333333
2025-12-26,Cybersecurity,PEBK,0.03333333333333333
2025-12-26,Cybersecurity,III,0.03333333333333333
2025-12-26,Cybersecurity,CFBK,0.03333333333333333
2025-12-26,Cybersecurity,ALRS,0.03333333333333333
2025-12-26,Cybersecurity,PCB,0.03333333333333333
2025-12-26,Cybersecurity,FCCO,0.03333333333333333
2025-12-26,Cybersecurity,CBNK,0.03333333333333333
2025-12-26,Cybersecurity,NECB,0.03333333333333333
2025-12-26,Cybersecurity,RGCO,0.03333333333333333
2025-12-26,Cybersecurity,WNEB,0.03333333333333333
2025-12-26,Cybersecurity,CBAN,0.03333333333333333
2025-12-26,Cybersecurity,BFS,0.03333333333333333
2025-12-26,Cybersecurity,BWFG,0.03333333333333333
2025-12-26,Cybersecurity,CFFI,0.03333333333333333
2025-12-26,Cybersecurity,IIIV,0.03333333333333333
2025-12-26,Cybersecurity,GSBC,0.03333333333333333
2025-12-26,Cybersecurity,EBMT,0.03333333333333333
2025-12-26,Cybersecurity,HCKT,0.03333333333333333
2025-12-26,Defense,VLGEA,0.03333333333333333
2025-12-26,Defense,GLRE,0.03333333333333333
2025-12-26,Defense,EBF,0.03333333333333333
2025-12-26,Defense,FRPH,0.03333333333333333
2025-12-26,Defense,PFX,0.03333333333333333
2025-12-26,Defense,RBKB,0.03333333333333333
2025-12-26,Defense,MCFT,0.03333333333333333
2025-12-26,Defense,APOG,0.03333333333333333
2025-12-26,Defense,LOCO,0.03333333333333333
2025-12-26,Defense,HCKT,0.03333333333333333
2025-12-26,Defense,RGCO,0.03333333333333333
2025-12-26,Defense,ISBA,0.03333333333333333
2025-12-26,Defense,UNB,0.03333333333333333
2025-12-26,Defense,MCS,0.03333333333333333
2025-12-26,Defense,HSTM,0.03333333333333333
2025-12-26,Defense,GNE,0.03333333333333333
2025-12-26,Defense,EIG,0.03333333333333333
2025-12-26,Defense,CARS,0.03333333333333333
2025-12-26,Defense,RICK,0.03333333333333333
2025-12-26,Defense,CFFI,0.03333333333333333
2025-12-26,Defense,CZNC,0.03333333333333333
2025-12-26,Defense,GWRS,0.03333333333333333
2025-12-26,Defense,STRS,0.03333333333333333
2025-12-26,Defense,TSBK,0.03333333333333333
2025-12-26,Defense,CARE,0.03333333333333333
2025-12-26,Defense,FUNC,0.03333333333333333
2025-12-26,Defense,ARTNA,0.03333333333333333
2025-12-26,Defense,GILT,0.03333333333333333
2025-12-26,Defense,TIPT,0.03333333333333333
2025-12-26,Defense,FCBC,0.03333333333333333
2025-12-26,Fintech,FRPH,0.03333333333333333
2025-12-26,Fintech,LARK,0.03333333333333333
2025-12-26,Fintech,UTMD,0.03333333333333333
2025-12-26,Fintech,IIIV,0.03333333333333333
2025-12-26,Fintech,SFBC,0.03333333333333333
2025-12-26,Fintech,NODK,0.03333333333333333
2025-12-26,Fintech,FRAF,0.03333333333333333
2025-12-26,Fintech,DSWL,0.03333333333333333
2025-12-26,Fintech,III,0.03333333333333333
2025-12-26,Fintech,PBHC,0.03333333333333333
2025-12-26,Fintech,AVBH,0.03333333333333333
2025-12-26,Fintech,RM,0.03333333333333333
2025-12-26,Fintech,CFBK,0.03333333333333333
2025-12-26,Fintech,GRVY,0.03333333333333333
2025-12-26,Fintech,MRBK,0.03333333333333333
2025-12-26,Fintech,SNFCA,0.03333333333333333
2025-12-26,Fintech,MNSB,0.03333333333333333
2025-12-26,Fintech,WILC,0.03333333333333333
2025-12-26,Fintech,MCS,0.03333333333333333
2025-12-26,Fintech,ACCO,0.03333333333333333
2025-12-26,Fintech,ALCO,0.03333333333333333
2025-12-26,Fintech,ITIC,0.03333333333333333
2025-12-26,Fintech,OOMA,0.03333333333333333
2025-12-26,Fintech,CZWI,0.03333333333333333
2025-12-26,Fintech,CBNK,0.03333333333333333
2025-12-26,Fintech,VRRM,0.03333333333333333
2025-12-26,Fintech,FUNC,0.03333333333333333
2025-12-26,Fintech,WEYS,0.03333333333333333
2025-12-26,Fintech,TPVG,0.03333333333333333
2025-12-26,Fintech,RDCM,0.03333333333333333
2025-12-26,Robotics & AI,CHSCN,0.03333333333333333
2025-12-26,Robotics & AI,CHSCM,0.03333333333333333
2025-12-26,Robotics & AI,PFX,0.03333333333333333
2025-12-26,Robotics & AI,NAVI,0.03333333333333333
2025-12-26,Robotics & AI,MAYS,0.03333333333333333
2025-12-26,Robotics & AI,FTLF,0.03333333333333333
2025-12-26,Robotics & AI,SGA,0.03333333333333333
2025-12-26,Robotics & AI,MNSB,0.03333333333333333
2025-12-26,Robotics & AI,UTMD,0.03333333333333333
2025-12-26,Robotics & AI,KE,0.03333333333333333
2025-12-26,Robotics & AI,SNFCA,0.03333333333333333
2025-12-26,Robotics & AI,ATLO,0.03333333333333333
2025-12-26,Robotics & AI,ACCO,0.03333333333333333
2025-12-26,Robotics & AI,OFLX,0.03333333333333333
2025-12-26,Robotics & AI,MRBK,0.03333333333333333
2025-12-26,Robotics & AI,DLNG,0.03333333333333333
2025-12-26,Robotics & AI,NECB,0.03333333333333333
2025-12-26,Robotics & AI,CMCO,0.03333333333333333
2025-12-26,Robotics & AI,NKSH,0.03333333333333333
2025-12-26,Robotics & AI,ALRS,0.03333333333333333
2025-12-26,Robotics & AI,TSBK,0.03333333333333333
2025-12-26,Robotics & AI,SB,0.03333333333333333
2025-12-26,Robotics & AI,RELL,0.03333333333333333
2025-12-26,Robotics & AI,FUSB,0.03333333333333333
2025-12-26,Robotics & AI,RBBN,0.03333333333333333
2025-12-26,Robotics & AI,KRO,0.03333333333333333
2025-12-26,Robotics & AI,PAMT,0.03333333333333333
2025-12-26,Robotics & AI,PDLB,0.03333333333333333
2025-12-26,Robotics & AI,RDCM,0.03333333333333333
2025-12-26,Robotics & AI,GILT,0.03333333333333333
2025-12-26,Timber & Forestry,CHSCN,0.03333333333333333
2025-12-26,Timber & Forestry,CHSCM,0.03333333333333333
2025-12-26,Timber & Forestry,PFX,0.03333333333333333
2025-12-26,Timber & Forestry,GPJA,0.03333333333333333
2025-12-26,Timber & Forestry,GBLI,0.03333333333333333
2025-12-26,Timber & Forestry,LSBK,0.03333333333333333
2025-12-26,Timber & Forestry,BCIC,0.03333333333333333
2025-12-26,Timber & Forestry,GHI,0.03333333333333333
2025-12-26,Timber & Forestry,MHLA,0.03333333333333333
2025-12-26,Timber & Forestry,CGBD,0.03333333333333333
2025-12-26,Timber & Forestry,GAIN,0.03333333333333333
2025-12-26,Timber & Forestry,MHNC,0.03333333333333333
2025-12-26,Timber & Forestry,GLAD,0.03333333333333333
2025-12-26,Timber & Forestry,SNFCA,0.03333333333333333
2025-12-26,Timber & Forestry,NAVI,0.03333333333333333
2025-12-26,Timber & Forestry,TRC,0.03333333333333333
2025-12-26,Timber & Forestry,UTMD,0.03333333333333333
2025-12-26,Timber & Forestry,PFLT,0.03333333333333333
2025-12-26,Timber & Forestry,BBDC,0.03333333333333333
2025-12-26,Timber & Forestry,CAPL,0.03333333333333333
2025-12-26,Timber & Forestry,CMTV,0.03333333333333333
2025-12-26,Timber & Forestry,SGA,0.03333333333333333
2025-12-26,Timber & Forestry,ELME,0.03333333333333333
2025-12-26,Timber & Forestry,DSWL,0.03333333333333333
2025-12-26,Timber & Forestry,ALCO,0.03333333333333333
2025-12-26,Timber & Forestry,ACCO,0.03333333333333333
2025-12-26,Timber & Forestry,EARN,0.03333333333333333
2025-12-26,Timber & Forestry,WILC,0.03333333333333333
2025-12-26,Timber & Forestry,SITC,0.03333333333333333
2025-12-26,Timber & Forestry,IIIN,0.03333333333333333
2025-12-26,US Infrastructure,CHSCM,0.03333333333333333
2025-12-26,US Infrastructure,APOG,0.03333333333333333
2025-12-26,US Infrastructure,RGCO,0.03333333333333333
2025-12-26,US Infrastructure,PCYO,0.03333333333333333
2025-12-26,US Infrastructure,BBSI,0.03333333333333333
2025-12-26,US Infrastructure,IIIN,0.03333333333333333
2025-12-26,US Infrastructure,ETD,0.03333333333333333
2025-12-26,US Infrastructure,OFLX,0.03333333333333333
2025-12-26,US Infrastructure,NEWT,0.03333333333333333
2025-12-26,US Infrastructure,LEGH,0.03333333333333333
2025-12-26,US Infrastructure,BH,0.03333333333333333
2025-12-26,US Infrastructure,PKE,0.03333333333333333
2025-12-26,US Infrastructure,GWRS,0.03333333333333333
2025-12-26,US Infrastructure,SRI,0.03333333333333333
2025-12-26,US Infrastructure,CWCO,0.03333333333333333
2025-12-26,US Infrastructure,WNC,0.03333333333333333
2025-12-26,US Infrastructure,STRS,0.03333333333333333
2025-12-26,US Infrastructure,UNTY,0.03333333333333333
2025-12-26,US Infrastructure,CMCO,0.03333333333333333
2025-12-26,US Infrastructure,LYTS,0.03333333333333333
2025-12-26,US Infrastructure,ASIX,0.03333333333333333
2025-12-26,US Infrastructure,ANGO,0.03333333333333333
2025-12-26,US Infrastructure,HY,0.03333333333333333
2025-12-26,US Infrastructure,MLAB,0.03333333333333333
2025-12-26,US Infrastructure,PNRG,0.03333333333333333
2025-12-26,US Infrastructure,SANG,0.03333333333333333
2025-12-26,US Infrastructure,MTUS,0.03333333333333333
2025-12-26,US Infrastructure,ARL,0.03333333333333333
2025-12-26,US Infrastructure,SXC,0.03333333333333333
2025-12-26,US Infrastructure,CVV,0.03333333333333333
2025-12-26,Water,FRPH,0.03333333333333333
2025-12-26,Water,EBF,0.03333333333333333
2025-12-26,Water,GLRE,0.03333333333333333
2025-12-26,Water,TRC,0.03333333333333333
2025-12-26,Water,PFX,0.03333333333333333
2025-12-26,Water,UTMD,0.03333333333333333
2025-12-26,Water,VLGEA,0.03333333333333333
2025-12-26,Water,RGCO,0.03333333333333333
2025-12-26,Water,PCYO,0.03333333333333333
2025-12-26,Water,GWRS,0.03333333333333333
2025-12-26,Water,LEGH,0.03333333333333333
2025-12-26,Water,APOG,0.03333333333333333
2025-12-26,Water,AIV,0.03333333333333333
2025-12-26,Water,SGA,0.03333333333333333
2025-12-26,Water,OFLX,0.03333333333333333
2025-12-26,Water,IIIN,0.03333333333333333
2025-12-26,Water,XRN,0.03333333333333333
2025-12-26,Water,CWCO,0.03333333333333333
2025-12-26,Water,PKE,0.03333333333333333
2025-12-26,Water,ARTNA,0.03333333333333333
2025-12-26,Water,BSVN,0.03333333333333333
2025-12-26,Water,NKSH,0.03333333333333333
2025-12-26,Water,EIG,0.03333333333333333
2025-12-26,Water,TIPT,0.03333333333333333
2025-12-26,Water,GNE,0.03333333333333333
2025-12-26,Water,SRI,0.03333333333333333
2025-12-26,Water,FDBC,0.03333333333333333
2025-12-26,Water,UTL,0.03333333333333333
2025-12-26,Water,STRS,0.03333333333333333
2025-12-26,Water,NRIM,0.03333333333333333
2026-01-30,AI Infrastructure,MNSB,0.03333333333333333
2026-01-30,AI Infrastructure,ALRS,0.03333333333333333
2026-01-30,AI Infrastructure,LSBK,0.03333333333333333
2026-01-30,AI Infrastructure,BCAL,0.03333333333333333
2026-01-30,AI Infrastructure,MOV,0.03333333333333333
2026-01-30,AI Infrastructure,CWBC,0.03333333333333333
2026-01-30,AI Infrastructure,UTMD,0.03333333333333333
2026-01-30,AI Infrastructure,SGA,0.03333333333333333
2026-01-30,AI Infrastructure,FVCB,0.03333333333333333
2026-01-30,AI Infrastructure,QUIK,0.03333333333333333
2026-01-30,AI Infrastructure,KE,0.03333333333333333
2026-01-30,AI Infrastructure,NKSH,0.03333333333333333
2026-01-30,AI Infrastructure,NPK,0.03333333333333333
2026-01-30,AI Infrastructure,EBMT,0.03333333333333333
2026-01-30,AI Infrastructure,RBBN,0.03333333333333333
2026-01-30,AI Infrastructure,FCCO,0.03333333333333333
2026-01-30,AI Infrastructure,ORRF,0.03333333333333333
2026-01-30,AI Infrastructure,CFBK,0.03333333333333333
2026-01-30,AI Infrastructure,CZNC,0.03333333333333333
2026-01-30,AI Infrastructure,ULBI,0.03333333333333333
2026-01-30,AI Infrastructure,BRID,0.03333333333333333
2026-01-30,AI Infrastructure,WNEB,0.03333333333333333
2026-01-30,AI Infrastructure,GSBC,0.03333333333333333
2026-01-30,AI Infrastructure,HZO,0.03333333333333333
2026-01-30,AI Infrastructure,GHI,0.03333333333333333
2026-01-30,AI Infrastructure,CMCO,0.03333333333333333
2026-01-30,AI Infrastructure,WTBA,0.03333333333333333
2026-01-30,AI Infrastructure,SMBK,0.03333333333333333
2026-01-30,AI Infrastructure,RELL,0.03333333333333333
2026-01-30,AI Infrastructure,TRST,0.03333333333333333
2026-01-30,Agribusiness,LOAN,0.03333333333333333
2026-01-30,Agribusiness,TRC,0.03333333333333333
2026-01-30,Agribusiness,MAYS,0.03333333333333333
2026-01-30,Agribusiness,HRZN,0.03333333333333333
2026-01-30,Agribusiness,HVT,0.03333333333333333
2026-01-30,Agribusiness,PBHC,0.03333333333333333
2026-01-30,Agribusiness,SITC,0.03333333333333333
2026-01-30,Agribusiness,CVEO,0.03333333333333333
2026-01-30,Agribusiness,OXM,0.03333333333333333
2026-01-30,Agribusiness,MGPI,0.03333333333333333
2026-01-30,Agribusiness,FPH,0.03333333333333333
2026-01-30,Agribusiness,GNE,0.03333333333333333
2026-01-30,Agribusiness,LND,0.03333333333333333
2026-01-30,Agribusiness,LAND,0.03333333333333333
2026-01-30,Agribusiness,PKE,0.03333333333333333
2026-01-30,Agribusiness,DIN,0.03333333333333333
2026-01-30,Agribusiness,SILC,0.03333333333333333
2026-01-30,Agribusiness,RELL,0.03333333333333333
2026-01-30,Agribusiness,JAKK,0.03333333333333333
2026-01-30,Agribusiness,WNC,0.03333333333333333
2026-01-30,Agribusiness,BH,0.03333333333333333
2026-01-30,Agribusiness,BGSF,0.03333333333333333
2026-01-30,Agribusiness,TRNS,0.03333333333333333
2026-01-30,Agribusiness,DSX,0.03333333333333333
2026-01-30,Agribusiness,MTUS,0.03333333333333333
2026-01-30,Agribusiness,TITN,0.03333333333333333
2026-01-30,Agribusiness,TWI,0.03333333333333333
2026-01-30,Agribusiness,BLMN,0.03333333333333333
2026-01-30,Agribusiness,AIRT,0.03333333333333333
2026-01-30,Agribusiness,CCRN,0.03333333333333333
2026-01-30,Clean Energy,GHI,0.03333333333333333
2026-01-30,Clean Energy,CGBD,0.03333333333333333
2026-01-30,Clean Energy,GBLI,0.03333333333333333
2026-01-30,Clean Energy,LSBK,0.03333333333333333
2026-01-30,Clean Energy,ALCO,0.03333333333333333
2026-01-30,Clean Energy,KE,0.03333333333333333
2026-01-30,Clean Energy,GPJA,0.03333333333333333
2026-01-30,Clean Energy,HRZN,0.03333333333333333
2026-01-30,Clean Energy,NOA,0.03333333333333333
2026-01-30,Clean Energy,CAPL,0.03333333333333333
2026-01-30,Clean Energy,PFLT,0.03333333333333333
2026-01-30,Clean Energy,CHSCN,0.03333333333333333
2026-01-30,Clean Energy,BBDC,0.03333333333333333
2026-01-30,Clean Energy,LOAN,0.03333333333333333
2026-01-30,Clean Energy,EARN,0.03333333333333333
2026-01-30,Clean Energy,SILC,0.03333333333333333
2026-01-30,Clean Energy,CHMI,0.03333333333333333
2026-01-30,Clean Energy,GAIN,0.03333333333333333
2026-01-30,Clean Energy,FPI,0.03333333333333333
2026-01-30,Clean Energy,MAYS,0.03333333333333333
2026-01-30,Clean Energy,DLNG,0.03333333333333333
2026-01-30,Clean Energy,GILT,0.03333333333333333
2026-01-30,Clean Energy,SGA,0.03333333333333333
2026-01-30,Clean Energy,DSX,0.03333333333333333
2026-01-30,Clean Energy,FUSB,0.03333333333333333
2026-01-30,Clean Energy,FTEK,0.03333333333333333
2026-01-30,Clean Energy,CVEO,0.03333333333333333
2026-01-30,Clean Energy,QUIK,0.03333333333333333
2026-01-30,Clean Energy,OXM,0.03333333333333333
2026-01-30,Clean Energy,LAND,0.03333333333333333
2026-01-30,Critical Minerals,NOA,0.03333333333333333
2026-01-30,Critical Minerals,KRO,0.03333333333333333
2026-01-30,Critical Minerals,MTUS,0.03333333333333333
2026-01-30,Critical Minerals,DLNG,0.03333333333333333
2026-01-30,Critical Minerals,SB,0.03333333333333333
2026-01-30,Critical Minerals,LOAN,0.03333333333333333
2026-01-30,Critical Minerals,CAPL,0.03333333333333333
2026-01-30,Critical Minerals,FTEK,0.03333333333333333
2026-01-30,Critical Minerals,EPSN,0.03333333333333333
2026-01-30,Critical Minerals,VHI,0.03333333333333333
2026-01-30,Critical Minerals,PANL,0.03333333333333333
2026-01-30,Critical Minerals,CHSCM,0.03333333333333333
2026-01-30,Critical Minerals,CHSCO,0.03333333333333333
2026-01-30,Critical Minerals,GSM,0.03333333333333333
2026-01-30,Critical Minerals,CHSCN,0.03333333333333333
2026-01-30,Critical Minerals,GILT,0.03333333333333333
2026-01-30,Critical Minerals,LYTS,0.03333333333333333
2026-01-30,Critical Minerals,SGA,0.03333333333333333
2026-01-30,Critical Minerals,UTMD,0.03333333333333333
2026-01-30,Critical Minerals,TRC,0.03333333333333333
2026-01-30,Critical Minerals,AMRN,0.03333333333333333
2026-01-30,Critical Minerals,NNDM,0.03333333333333333
2026-01-30,Critical Minerals,ALCO,0.03333333333333333
2026-01-30,Critical Minerals,DSWL,0.03333333333333333
2026-01-30,Critical Minerals,ACCO,0.03333333333333333
2026-01-30,Critical Minerals,SILC,0.03333333333333333
2026-01-30,Critical Minerals,PNRG,0.03333333333333333
2026-01-30,Critical Minerals,BAK,0.03333333333333333
2026-01-30,Critical Minerals,ASYS,0.03333333333333333
2026-01-30,Critical Minerals,NAVI,0.03333333333333333
2026-01-30,Cybersecurity,CHSCO,0.03333333333333333
2026-01-30,Cybersecurity,FRPH,0.03333333333333333
2026-01-30,Cybersecurity,LSBK,0.03333333333333333
2026-01-30,Cybersecurity,LOAN,0.03333333333333333
2026-01-30,Cybersecurity,TRC,0.03333333333333333
2026-01-30,Cybersecurity,VLGEA,0.03333333333333333
2026-01-30,Cybersecurity,BPRN,0.03333333333333333
2026-01-30,Cybersecurity,FRAF,0.03333333333333333
2026-01-30,Cybersecurity,CFBK,0.03333333333333333
2026-01-30,Cybersecurity,III,0.03333333333333333
2026-01-30,Cybersecurity,NAVI,0.03333333333333333
2026-01-30,Cybersecurity,CWBC,0.03333333333333333
2026-01-30,Cybersecurity,LCNB,0.03333333333333333
2026-01-30,Cybersecurity,BCML,0.03333333333333333
2026-01-30,Cybersecurity,PEBK,0.03333333333333333
2026-01-30,Cybersecurity,MNSB,0.03333333333333333
2026-01-30,Cybersecurity,IIIV,0.03333333333333333
2026-01-30,Cybersecurity,CARS,0.03333333333333333
2026-01-30,Cybersecurity,RGCO,0.03333333333333333
2026-01-30,Cybersecurity,BFS,0.03333333333333333
2026-01-30,Cybersecurity,FCCO,0.03333333333333333
2026-01-30,Cybersecurity,CCBG,0.03333333333333333
2026-01-30,Cybersecurity,ELME,0.03333333333333333
2026-01-30,Cybersecurity,ALRS,0.03333333333333333
2026-01-30,Cybersecurity,WNEB,0.03333333333333333
2026-01-30,Cybersecurity,NKSH,0.03333333333333333
2026-01-30,Cybersecurity,PCB,0.03333333333333333
2026-01-30,Cybersecurity,WSBF,0.03333333333333333
2026-01-30,Cybersecurity,HCKT,0.03333333333333333
2026-01-30,Cybersecurity,GSBC,0.03333333333333333
2026-01-30,Defense,EBF,0.03333333333333333
2026-01-30,Defense,VLGEA,0.03333333333333333
2026-01-30,Defense,RBKB,0.03333333333333333
2026-01-30,Defense,MCFT,0.03333333333333333
2026-01-30,Defense,NATH,0.03333333333333333
2026-01-30,Defense,ISBA,0.03333333333333333
2026-01-30,Defense,SGA,0.03333333333333333
2026-01-30,Defense,RGCO,0.03333333333333333
2026-01-30,Defense,GNE,0.03333333333333333
2026-01-30,Defense,ETD,0.03333333333333333
2026-01-30,Defense,MCS,0.03333333333333333
2026-01-30,Defense,HSTM,0.03333333333333333
2026-01-30,Defense,GILT,0.03333333333333333
2026-01-30,Defense,TSBK,0.03333333333333333
2026-01-30,Defense,GWRS,0.03333333333333333
2026-01-30,Defense,FCBC,0.03333333333333333
2026-01-30,Defense,MNRO,0.03333333333333333
2026-01-30,Defense,ARTNA,0.03333333333333333
2026-01-30,Defense,DSX,0.03333333333333333
2026-01-30,Defense,JILL,0.03333333333333333
2026-01-30,Defense,TK,0.03333333333333333
2026-01-30,Defense,JACK,0.03333333333333333
2026-01-30,Defense,OBT,0.03333333333333333
2026-01-30,Defense,NC,0.03333333333333333
2026-01-30,Defense,MTUS,0.03333333333333333
2026-01-30,Defense,ESEA,0.03333333333333333
2026-01-30,Defense,MLAB,0.03333333333333333
2026-01-30,Defense,INSE,0.03333333333333333
2026-01-30,Defense,USIO,0.03333333333333333
2026-01-30,Defense,VRA,0.03333333333333333
2026-01-30,Fintech,FRPH,0.03333333333333333
2026-01-30,Fintech,LOAN,0.03333333333333333
2026-01-30,Fintech,UTMD,0.03333333333333333
2026-01-30,Fintech,NODK,0.03333333333333333
2026-01-30,Fintech,SFBC,0.03333333333333333
2026-01-30,Fintech,IIIV,0.03333333333333333
2026-01-30,Fintech,LARK,0.03333333333333333
2026-01-30,Fintech,NAVI,0.03333333333333333
2026-01-30,Fintech,PBHC,0.03333333333333333
2026-01-30,Fintech,III,0.03333333333333333
2026-01-30,Fintech,FRAF,0.03333333333333333
2026-01-30,Fintech,RDCM,0.03333333333333333
2026-01-30,Fintech,ACCO,0.03333333333333333
2026-01-30,Fintech,MCS,0.03333333333333333
2026-01-30,Fintech,ITIC,0.03333333333333333
2026-01-30,Fintech,GRVY,0.03333333333333333
2026-01-30,Fintech,RM,0.03333333333333333
2026-01-30,Fintech,VRRM,0.03333333333333333
2026-01-30,Fintech,OOMA,0.03333333333333333
2026-01-30,Fintech,OPBK,0.03333333333333333
2026-01-30,Fintech,CNNE,0.03333333333333333
2026-01-30,Fintech,ALCO,0.03333333333333333
2026-01-30,Fintech,CBNK,0.03333333333333333
2026-01-30,Fintech,CHMG,0.03333333333333333
2026-01-30,Fintech,ELME,0.03333333333333333
2026-01-30,Fintech,TPVG,0.03333333333333333
2026-01-30,Fintech,MTLS,0.03333333333333333
2026-01-30,Fintech,SSTK,0.03333333333333333
2026-01-30,Fintech,GECC,0.03333333333333333
2026-01-30,Fintech,PKE,0.03333333333333333
2026-01-30,Robotics & AI,PFX,0.03333333333333333
2026-01-30,Robotics & AI,CHSCM,0.03333333333333333
2026-01-30,Robotics & AI,CHSCN,0.03333333333333333
2026-01-30,Robotics & AI,MAYS,0.03333333333333333
2026-01-30,Robotics & AI,SGA,0.03333333333333333
2026-01-30,Robotics & AI,LSBK,0.03333333333333333
2026-01-30,Robotics & AI,UTMD,0.03333333333333333
2026-01-30,Robotics & AI,BCIC,0.03333333333333333
2026-01-30,Robotics & AI,DLNG,0.03333333333333333
2026-01-30,Robotics & AI,NAVI,0.03333333333333333
2026-01-30,Robotics & AI,MNSB,0.03333333333333333
2026-01-30,Robotics & AI,MHLA,0.03333333333333333
2026-01-30,Robotics & AI,GBLI,0.03333333333333333
2026-01-30,Robotics & AI,HRZN,0.03333333333333333
2026-01-30,Robotics & AI,ATLO,0.03333333333333333
2026-01-30,Robotics & AI,KE,0.03333333333333333
2026-01-30,Robotics & AI,OFLX,0.03333333333333333
2026-01-30,Robotics & AI,MHNC,0.03333333333333333
2026-01-30,Robotics & AI,ACCO,0.03333333333333333
2026-01-30,Robotics & AI,SBFG,0.03333333333333333
2026-01-30,Robotics & AI,NECB,0.03333333333333333
2026-01-30,Robotics & AI,CZWI,0.03333333333333333
2026-01-30,Robotics & AI,FUSB,0.03333333333333333
2026-01-30,Robotics & AI,NKSH,0.03333333333333333
2026-01-30,Robotics & AI,IIIN,0.03333333333333333
2026-01-30,Robotics & AI,CMCO,0.03333333333333333
2026-01-30,Robotics & AI,ALRS,0.03333333333333333
2026-01-30,Robotics & AI,ONIT,0.03333333333333333
2026-01-30,Robotics & AI,EBMT,0.03333333333333333
2026-01-30,Robotics & AI,TSBK,0.03333333333333333
2026-01-30,Timber & Forestry,CHSCO,0.03333333333333333
2026-01-30,Timber & Forestry,CHSCN,0.03333333333333333
2026-01-30,Timber & Forestry,PFX,0.03333333333333333
2026-01-30,Timber & Forestry,GBLI,0.03333333333333333
2026-01-30,Timber & Forestry,CGBD,0.03333333333333333
2026-01-30,Timber & Forestry,GPJA,0.03333333333333333
2026-01-30,Timber & Forestry,GHI,0.03333333333333333
2026-01-30,Timber & Forestry,LOAN,0.03333333333333333
2026-01-30,Timber & Forestry,MHLA,0.03333333333333333
2026-01-30,Timber & Forestry,BCIC,0.03333333333333333
2026-01-30,Timber & Forestry,MHNC,0.03333333333333333
2026-01-30,Timber & Forestry,GLAD,0.03333333333333333
2026-01-30,Timber & Forestry,GAIN,0.03333333333333333
2026-01-30,Timber & Forestry,SGA,0.03333333333333333
2026-01-30,Timber & Forestry,UTMD,0.03333333333333333
2026-01-30,Timber & Forestry,CAPL,0.03333333333333333
2026-01-30,Timber & Forestry,TRC,0.03333333333333333
2026-01-30,Timber & Forestry,PFLT,0.03333333333333333
2026-01-30,Timber & Forestry,NAVI,0.03333333333333333
2026-01-30,Timber & Forestry,DSWL,0.03333333333333333
2026-01-30,Timber & Forestry,ACCO,0.03333333333333333
2026-01-30,Timber & Forestry,OFLX,0.03333333333333333
2026-01-30,Timber & Forestry,DLNG,0.03333333333333333
2026-01-30,Timber & Forestry,APOG,0.03333333333333333
2026-01-30,Timber & Forestry,ALCO,0.03333333333333333
2026-01-30,Timber & Forestry,GRVY,0.03333333333333333
2026-01-30,Timber & Forestry,IIIN,0.03333333333333333
2026-01-30,Timber & Forestry,NOA,0.03333333333333333
2026-01-30,Timber & Forestry,BRT,0.03333333333333333
2026-01-30,Timber & Forestry,ELME,0.03333333333333333
2026-01-30,US Infrastructure,APOG,0.03333333333333333
2026-01-30,US Infrastructure,EBF,0.03333333333333333
2026-01-30,US Infrastructure,GAIN,0.03333333333333333
2026-01-30,US Infrastructure,CMTV,0.03333333333333333
2026-01-30,US Infrastructure,NPK,0.03333333333333333
2026-01-30,US Infrastructure,OFLX,0.03333333333333333
2026-01-30,US Infrastructure,PCYO,0.03333333333333333
2026-01-30,US Infrastructure,SGA,0.03333333333333333
2026-01-30,US Infrastructure,RGCO,0.03333333333333333
2026-01-30,US Infrastructure,BBSI,0.03333333333333333
2026-01-30,US Infrastructure,ETD,0.03333333333333333
2026-01-30,US Infrastructure,IIIN,0.03333333333333333
2026-01-30,US Infrastructure,BSVN,0.03333333333333333
2026-01-30,US Infrastructure,PKE,0.03333333333333333
2026-01-30,US Infrastructure,LEGH,0.03333333333333333
2026-01-30,US Infrastructure,GWRS,0.03333333333333333
2026-01-30,US Infrastructure,GNE,0.03333333333333333
2026-01-30,US Infrastructure,SWBI,0.03333333333333333
2026-01-30,US Infrastructure,UNTY,0.03333333333333333
2026-01-30,US Infrastructure,MVBF,0.03333333333333333
2026-01-30,US Infrastructure,BH,0.03333333333333333
2026-01-30,US Infrastructure,GILT,0.03333333333333333
2026-01-30,US Infrastructure,NRIM,0.03333333333333333
2026-01-30,US Infrastructure,STRS,0.03333333333333333
2026-01-30,US Infrastructure,SRI,0.03333333333333333
2026-01-30,US Infrastructure,CMCO,0.03333333333333333
2026-01-30,US Infrastructure,NX,0.03333333333333333
2026-01-30,US Infrastructure,PKOH,0.03333333333333333
2026-01-30,US Infrastructure,WNC,0.03333333333333333
2026-01-30,US Infrastructure,HY,0.03333333333333333
2026-01-30,Water,EBF,0.03333333333333333
2026-01-30,Water,FRPH,0.03333333333333333
2026-01-30,Water,CHSCM,0.03333333333333333
2026-01-30,Water,TRC,0.03333333333333333
2026-01-30,Water,GLRE,0.03333333333333333
2026-01-30,Water,PFX,0.03333333333333333
2026-01-30,Water,PCYO,0.03333333333333333
2026-01-30,Water,VLGEA,0.03333333333333333
2026-01-30,Water,RGCO,0.03333333333333333
2026-01-30,Water,NATH,0.03333333333333333
2026-01-30,Water,APOG,0.03333333333333333
2026-01-30,Water,OFLX,0.03333333333333333
2026-01-30,Water,SGA,0.03333333333333333
2026-01-30,Water,GWRS,0.03333333333333333
2026-01-30,Water,MCFT,0.03333333333333333
2026-01-30,Water,LEGH,0.03333333333333333
2026-01-30,Water,IIIN,0.03333333333333333
2026-01-30,Water,HSTM,0.03333333333333333
2026-01-30,Water,PKE,0.03333333333333333
2026-01-30,Water,NKSH,0.03333333333333333
2026-01-30,Water,XRN,0.03333333333333333
2026-01-30,Water,BSVN,0.03333333333333333
2026-01-30,Water,ARTNA,0.03333333333333333
2026-01-30,Water,ESCA,0.03333333333333333
2026-01-30,Water,GNE,0.03333333333333333
2026-01-30,Water,TIPT,0.03333333333333333
2026-01-30,Water,DGICA,0.03333333333333333
2026-01-30,Water,CZNC,0.03333333333333333
2026-01-30,Water,CWCO,0.03333333333333333
2026-01-30,Water,KELYA,0.03333333333333333
2026-02-27,AI Infrastructure,JRSH,0.03333333333333333
2026-02-27,AI Infrastructure,FNRN,0.03333333333333333
2026-02-27,AI Infrastructure,MNSB,0.03333333333333333
2026-02-27,AI Infrastructure,LSBK,0.03333333333333333
2026-02-27,AI Infrastructure,MOV,0.03333333333333333
2026-02-27,AI Infrastructure,ALRS,0.03333333333333333
2026-02-27,AI Infrastructure,UTMD,0.03333333333333333
2026-02-27,AI Infrastructure,BCAL,0.03333333333333333
2026-02-27,AI Infrastructure,CWBC,0.03333333333333333
2026-02-27,AI Infrastructure,ULBI,0.03333333333333333
2026-02-27,AI Infrastructure,FVCB,0.03333333333333333
2026-02-27,AI Infrastructure,NPK,0.03333333333333333
2026-02-27,AI Infrastructure,NWFL,0.03333333333333333
2026-02-27,AI Infrastructure,QUIK,0.03333333333333333
2026-02-27,AI Infrastructure,EBMT,0.03333333333333333
2026-02-27,AI Infrastructure,ORRF,0.03333333333333333
2026-02-27,AI Infrastructure,CBAN,0.03333333333333333
2026-02-27,AI Infrastructure,HZO,0.03333333333333333
2026-02-27,AI Infrastructure,SSBI,0.03333333333333333
2026-02-27,AI Infrastructure,CZNC,0.03333333333333333
2026-02-27,AI Infrastructure,GSBC,0.03333333333333333
2026-02-27,AI Infrastructure,BRID,0.03333333333333333
2026-02-27,AI Infrastructure,AUDC,0.03333333333333333
2026-02-27,AI Infrastructure,WSBF,0.03333333333333333
2026-02-27,AI Infrastructure,ELTK,0.03333333333333333
2026-02-27,AI Infrastructure,OXM,0.03333333333333333
2026-02-27,AI Infrastructure,CMCO,0.03333333333333333
2026-02-27,AI Infrastructure,CAC,0.03333333333333333
2026-02-27,AI Infrastructure,VREX,0.03333333333333333
2026-02-27,AI Infrastructure,THFF,0.03333333333333333
2026-02-27,Agribusiness,TRC,0.03333333333333333
2026-02-27,Agribusiness,CAPL,0.03333333333333333
2026-02-27,Agribusiness,HRZN,0.03333333333333333
2026-02-27,Agribusiness,MAYS,0.03333333333333333
2026-02-27,Agribusiness,CVEO,0.03333333333333333
2026-02-27,Agribusiness,LND,0.03333333333333333
2026-02-27,Agribusiness,OXM,0.03333333333333333
2026-02-27,Agribusiness,MGPI,0.03333333333333333
2026-02-27,Agribusiness,WNEB,0.03333333333333333
2026-02-27,Agribusiness,FPH,0.03333333333333333
2026-02-27,Agribusiness,GNE,0.03333333333333333
2026-02-27,Agribusiness,ASIX,0.03333333333333333
2026-02-27,Agribusiness,BGSF,0.03333333333333333
2026-02-27,Agribusiness,JAKK,0.03333333333333333
2026-02-27,Agribusiness,MTUS,0.03333333333333333
2026-02-27,Agribusiness,DSX,0.03333333333333333
2026-02-27,Agribusiness,TRNS,0.03333333333333333
2026-02-27,Agribusiness,RELL,0.03333333333333333
2026-02-27,Agribusiness,WNC,0.03333333333333333
2026-02-27,Agribusiness,TWI,0.03333333333333333
2026-02-27,Agribusiness,NC,0.03333333333333333
2026-02-27,Agribusiness,IMXI,0.03333333333333333
2026-02-27,Agribusiness,TITN,0.03333333333333333
2026-02-27,Agribusiness,GSM,0.03333333333333333
2026-02-27,Agribusiness,BLMN,0.03333333333333333
2026-02-27,Agribusiness,GOOS,0.03333333333333333
2026-02-27,Agribusiness,JYNT,0.03333333333333333
2026-02-27,Agribusiness,CLNE,0.03333333333333333
2026-02-27,Agribusiness,TK,0.03333333333333333
2026-02-27,Agribusiness,AMPH,0.03333333333333333
2026-02-27,Clean Energy,GHI,0.03333333333333333
2026-02-27,Clean Energy,GBLI,0.03333333333333333
2026-02-27,Clean Energy,CGBD,0.03333333333333333
2026-02-27,Clean Energy,ALCO,0.03333333333333333
2026-02-27,Clean Energy,HRZN,0.03333333333333333
2026-02-27,Clean Energy,NOA,0.03333333333333333
2026-02-27,Clean Energy,BBDC,0.03333333333333333
2026-02-27,Clean Energy,DLNG,0.03333333333333333
2026-02-27,Clean Energy,DSX,0.03333333333333333
2026-02-27,Clean Energy,PFLT,0.03333333333333333
2026-02-27,Clean Energy,FPI,0.03333333333333333
2026-02-27,Clean Energy,MAYS,0.03333333333333333
2026-02-27,Clean Energy,LND,0.03333333333333333
2026-02-27,Clean Energy,CHSCN,0.03333333333333333
2026-02-27,Clean Energy,GPJA,0.03333333333333333
2026-02-27,Clean Energy,EARN,0.03333333333333333
2026-02-27,Clean Energy,GAIN,0.03333333333333333
2026-02-27,Clean Energy,KVHI,0.03333333333333333
2026-02-27,Clean Energy,NEWT,0.03333333333333333
2026-02-27,Clean Energy,CVEO,0.03333333333333333
2026-02-27,Clean Energy,SGA,0.03333333333333333
2026-02-27,Clean Energy,KE,0.03333333333333333
2026-02-27,Clean Energy,GLAD,0.03333333333333333
2026-02-27,Clean Energy,PNNT,0.03333333333333333
2026-02-27,Clean Energy,HVT,0.03333333333333333
2026-02-27,Clean Energy,CHMI,0.03333333333333333
2026-02-27,Clean Energy,OXM,0.03333333333333333
2026-02-27,Clean Energy,CLNE,0.03333333333333333
2026-02-27,Clean Energy,EPSN,0.03333333333333333
2026-02-27,Clean Energy,PNRG,0.03333333333333333
2026-02-27,Critical Minerals,KRO,0.03333333333333333
2026-02-27,Critical Minerals,MTUS,0.03333333333333333
2026-02-27,Critical Minerals,NOA,0.03333333333333333
2026-02-27,Critical Minerals,VHI,0.03333333333333333
2026-02-27,Critical Minerals,PANL,0.03333333333333333
2026-02-27,Critical Minerals,FTEK,0.03333333333333333
2026-02-27,Critical Minerals,DLNG,0.03333333333333333
2026-02-27,Critical Minerals,GSM,0.03333333333333333
2026-02-27,Critical Minerals,BAK,0.03333333333333333
2026-02-27,Critical Minerals,ACCO,0.03333333333333333
2026-02-27,Critical Minerals,GRVY,0.03333333333333333
2026-02-27,Critical Minerals,LYTS,0.03333333333333333
2026-02-27,Critical Minerals,GBLI,0.03333333333333333
2026-02-27,Critical Minerals,SGA,0.03333333333333333
2026-02-27,Critical Minerals,SXC,0.03333333333333333
2026-02-27,Critical Minerals,UTMD,0.03333333333333333
2026-02-27,Critical Minerals,ASIX,0.03333333333333333
2026-02-27,Critical Minerals,NAVI,0.03333333333333333
2026-02-27,Critical Minerals,FPH,0.03333333333333333
2026-02-27,Critical Minerals,GLBS,0.03333333333333333
2026-02-27,Critical Minerals,DJCO,0.03333333333333333
2026-02-27,Critical Minerals,PNRG,0.03333333333333333
2026-02-27,Critical Minerals,NL,0.03333333333333333
2026-02-27,Critical Minerals,NNDM,0.03333333333333333
2026-02-27,Critical Minerals,KELYA,0.03333333333333333
2026-02-27,Critical Minerals,ALCO,0.03333333333333333
2026-02-27,Critical Minerals,MATV,0.03333333333333333
2026-02-27,Critical Minerals,GOOS,0.03333333333333333
2026-02-27,Critical Minerals,OFLX,0.03333333333333333
2026-02-27,Critical Minerals,AVBH,0.03333333333333333
2026-02-27,Cybersecurity,CHSCO,0.03333333333333333
2026-02-27,Cybersecurity,FRPH,0.03333333333333333
2026-02-27,Cybersecurity,BPRN,0.03333333333333333
2026-02-27,Cybersecurity,LSBK,0.03333333333333333
2026-02-27,Cybersecurity,TRC,0.03333333333333333
2026-02-27,Cybersecurity,GPJA,0.03333333333333333
2026-02-27,Cybersecurity,FRAF,0.03333333333333333
2026-02-27,Cybersecurity,MNSB,0.03333333333333333
2026-02-27,Cybersecurity,IIIV,0.03333333333333333
2026-02-27,Cybersecurity,VLGEA,0.03333333333333333
2026-02-27,Cybersecurity,CFBK,0.03333333333333333
2026-02-27,Cybersecurity,LCNB,0.03333333333333333
2026-02-27,Cybersecurity,VRRM,0.03333333333333333
2026-02-27,Cybersecurity,DJCO,0.03333333333333333
2026-02-27,Cybersecurity,RGCO,0.03333333333333333
2026-02-27,Cybersecurity,MHLA,0.03333333333333333
2026-02-27,Cybersecurity,GECC,0.03333333333333333
2026-02-27,Cybersecurity,CCBG,0.03333333333333333
2026-02-27,Cybersecurity,ESCA,0.03333333333333333
2026-02-27,Cybersecurity,MCFT,0.03333333333333333
2026-02-27,Cybersecurity,HWBK,0.03333333333333333
2026-02-27,Cybersecurity,PCB,0.03333333333333333
2026-02-27,Cybersecurity,BCML,0.03333333333333333
2026-02-27,Cybersecurity,BFS,0.03333333333333333
2026-02-27,Cybersecurity,PEBK,0.03333333333333333
2026-02-27,Cybersecurity,KIDS,0.03333333333333333
2026-02-27,Cybersecurity,III,0.03333333333333333
2026-02-27,Cybersecurity,OPBK,0.03333333333333333
2026-02-27,Cybersecurity,ELME,0.03333333333333333
2026-02-27,Cybersecurity,GSBC,0.03333333333333333
2026-02-27,Defense,GHI,0.03333333333333333
2026-02-27,Defense,MCFT,0.03333333333333333
2026-02-27,Defense,SGA,0.03333333333333333
2026-02-27,Defense,ISBA,0.03333333333333333
2026-02-27,Defense,MAYS,0.03333333333333333
2026-02-27,Defense,ETD,0.03333333333333333
2026-02-27,Defense,SWBI,0.03333333333333333
2026-02-27,Defense,RGCO,0.03333333333333333
2026-02-27,Defense,BBSI,0.03333333333333333
2026-02-27,Defense,BH,0.03333333333333333
2026-02-27,Defense,DIN,0.03333333333333333
2026-02-27,Defense,SMTI,0.03333333333333333
2026-02-27,Defense,GNE,0.03333333333333333
2026-02-27,Defense,FTEK,0.03333333333333333
2026-02-27,Defense,GILT,0.03333333333333333
2026-02-27,Defense,GWRS,0.03333333333333333
2026-02-27,Defense,SOTK,0.03333333333333333
2026-02-27,Defense,INSE,0.03333333333333333
2026-02-27,Defense,CMCO,0.03333333333333333
2026-02-27,Defense,HY,0.03333333333333333
2026-02-27,Defense,BRID,0.03333333333333333
2026-02-27,Defense,SHOE,0.03333333333333333
2026-02-27,Defense,TRNS,0.03333333333333333
2026-02-27,Defense,JACK,0.03333333333333333
2026-02-27,Defense,USIO,0.03333333333333333
2026-02-27,Defense,SXC,0.03333333333333333
2026-02-27,Defense,SANG,0.03333333333333333
2026-02-27,Defense,ULH,0.03333333333333333
2026-02-27,Defense,CAL,0.03333333333333333
2026-02-27,Defense,MLAB,0.03333333333333333
2026-02-27,Fintech,IIIV,0.03333333333333333
2026-02-27,Fintech,FRPH,0.03333333333333333
2026-02-27,Fintech,CHSCO,0.03333333333333333
2026-02-27,Fintech,DJCO,0.03333333333333333
2026-02-27,Fintech,GPJA,0.03333333333333333
2026-02-27,Fintech,VRRM,0.03333333333333333
2026-02-27,Fintech,NAVI,0.03333333333333333
2026-02-27,Fintech,FRAF,0.03333333333333333
2026-02-27,Fintech,RDCM,0.03333333333333333
2026-02-27,Fintech,CSV,0.03333333333333333
2026-02-27,Fintech,GRVY,0.03333333333333333
2026-02-27,Fintech,CARS,0.03333333333333333
2026-02-27,Fintech,III,0.03333333333333333
2026-02-27,Fintech,CCBG,0.03333333333333333
2026-02-27,Fintech,MCS,0.03333333333333333
2026-02-27,Fintech,PBHC,0.03333333333333333
2026-02-27,Fintech,RC,0.03333333333333333
2026-02-27,Fintech,ACCO,0.03333333333333333
2026-02-27,Fintech,FUNC,0.03333333333333333
2026-02-27,Fintech,OPBK,0.03333333333333333
2026-02-27,Fintech,CNNE,0.03333333333333333
2026-02-27,Fintech,BFS,0.03333333333333333
2026-02-27,Fintech,SSTK,0.03333333333333333
2026-02-27,Fintech,ELME,0.03333333333333333
2026-02-27,Fintech,PEBK,0.03333333333333333
2026-02-27,Fintech,CHMG,0.03333333333333333
2026-02-27,Fintech,RMAX,0.03333333333333333
2026-02-27,Fintech,BH,0.03333333333333333
2026-02-27,Fintech,HCKT,0.03333333333333333
2026-02-27,Fintech,COFS,0.03333333333333333
2026-02-27,Robotics & AI,CHSCM,0.03333333333333333
2026-02-27,Robotics & AI,CHSCN,0.03333333333333333
2026-02-27,Robotics & AI,LSBK,0.03333333333333333
2026-02-27,Robotics & AI,CHSCO,0.03333333333333333
2026-02-27,Robotics & AI,FNRN,0.03333333333333333
2026-02-27,Robotics & AI,PFX,0.03333333333333333
2026-02-27,Robotics & AI,GPJA,0.03333333333333333
2026-02-27,Robotics & AI,BCIC,0.03333333333333333
2026-02-27,Robotics & AI,GBLI,0.03333333333333333
2026-02-27,Robotics & AI,GAIN,0.03333333333333333
2026-02-27,Robotics & AI,MHLA,0.03333333333333333
2026-02-27,Robotics & AI,JRSH,0.03333333333333333
2026-02-27,Robotics & AI,SGA,0.03333333333333333
2026-02-27,Robotics & AI,CGBD,0.03333333333333333
2026-02-27,Robotics & AI,BBDC,0.03333333333333333
2026-02-27,Robotics & AI,MHNC,0.03333333333333333
2026-02-27,Robotics & AI,IIIN,0.03333333333333333
2026-02-27,Robotics & AI,OFLX,0.03333333333333333
2026-02-27,Robotics & AI,HRZN,0.03333333333333333
2026-02-27,Robotics & AI,FUSB,0.03333333333333333
2026-02-27,Robotics & AI,SSBI,0.03333333333333333
2026-02-27,Robotics & AI,ACCO,0.03333333333333333
2026-02-27,Robotics & AI,MNSB,0.03333333333333333
2026-02-27,Robotics & AI,ONIT,0.03333333333333333
2026-02-27,Robotics & AI,SITC,0.03333333333333333
2026-02-27,Robotics & AI,EARN,0.03333333333333333
2026-02-27,Robotics & AI,ATLO,0.03333333333333333
2026-02-27,Robotics & AI,KRO,0.03333333333333333
2026-02-27,Robotics & AI,GRVY,0.03333333333333333
2026-02-27,Robotics & AI,DLNG,0.03333333333333333
2026-02-27,Timber & Forestry,CHSCO,0.03333333333333333
2026-02-27,Timber & Forestry,PFX,0.03333333333333333
2026-02-27,Timber & Forestry,LSBK,0.03333333333333333
2026-02-27,Timber & Forestry,FNRN,0.03333333333333333
2026-02-27,Timber & Forestry,BCIC,0.03333333333333333
2026-02-27,Timber & Forestry,GBLI,0.03333333333333333
2026-02-27,Timber & Forestry,UTMD,0.03333333333333333
2026-02-27,Timber & Forestry,MHLA,0.03333333333333333
2026-02-27,Timber & Forestry,CAPL,0.03333333333333333
2026-02-27,Timber & Forestry,TRC,0.03333333333333333
2026-02-27,Timber & Forestry,CGBD,0.03333333333333333
2026-02-27,Timber & Forestry,NOA,0.03333333333333333
2026-02-27,Timber & Forestry,JRSH,0.03333333333333333
2026-02-27,Timber & Forestry,MHNC,0.03333333333333333
2026-02-27,Timber & Forestry,MCFT,0.03333333333333333
2026-02-27,Timber & Forestry,SGA,0.03333333333333333
2026-02-27,Timber & Forestry,NAVI,0.03333333333333333
2026-02-27,Timber & Forestry,OFLX,0.03333333333333333
2026-02-27,Timber & Forestry,ACCO,0.03333333333333333
2026-02-27,Timber & Forestry,GRVY,0.03333333333333333
2026-02-27,Timber & Forestry,CSV,0.03333333333333333
2026-02-27,Timber & Forestry,APOG,0.03333333333333333
2026-02-27,Timber & Forestry,IIIN,0.03333333333333333
2026-02-27,Timber & Forestry,NODK,0.03333333333333333
2026-02-27,Timber & Forestry,ELME,0.03333333333333333
2026-02-27,Timber & Forestry,CWBC,0.03333333333333333
2026-02-27,Timber & Forestry,KRO,0.03333333333333333
2026-02-27,Timber & Forestry,AIV,0.03333333333333333
2026-02-27,Timber & Forestry,FUSB,0.03333333333333333
2026-02-27,Timber & Forestry,ESCA,0.03333333333333333
2026-02-27,US Infrastructure,CMTV,0.03333333333333333
2026-02-27,US Infrastructure,APOG,0.03333333333333333
2026-02-27,US Infrastructure,GLRE,0.03333333333333333
2026-02-27,US Infrastructure,IIIN,0.03333333333333333
2026-02-27,US Infrastructure,ETD,0.03333333333333333
2026-02-27,US Infrastructure,OFLX,0.03333333333333333
2026-02-27,US Infrastructure,NEWT,0.03333333333333333
2026-02-27,US Infrastructure,ITIC,0.03333333333333333
2026-02-27,US Infrastructure,BSVN,0.03333333333333333
2026-02-27,US Infrastructure,PKE,0.03333333333333333
2026-02-27,US Infrastructure,LEGH,0.03333333333333333
2026-02-27,US Infrastructure,AMSF,0.03333333333333333
2026-02-27,US Infrastructure,SWBI,0.03333333333333333
2026-02-27,US Infrastructure,BH,0.03333333333333333
2026-02-27,US Infrastructure,PKOH,0.03333333333333333
2026-02-27,US Infrastructure,NX,0.03333333333333333
2026-02-27,US Infrastructure,ASIX,0.03333333333333333
2026-02-27,US Infrastructure,SRI,0.03333333333333333
2026-02-27,US Infrastructure,SANG,0.03333333333333333
2026-02-27,US Infrastructure,HY,0.03333333333333333
2026-02-27,US Infrastructure,FLXS,0.03333333333333333
2026-02-27,US Infrastructure,TRNS,0.03333333333333333
2026-02-27,US Infrastructure,LYTS,0.03333333333333333
2026-02-27,US Infrastructure,WNC,0.03333333333333333
2026-02-27,US Infrastructure,TWIN,0.03333333333333333
2026-02-27,US Infrastructure,LFVN,0.03333333333333333
2026-02-27,US Infrastructure,SXC,0.03333333333333333
2026-02-27,US Infrastructure,OEC,0.03333333333333333
2026-02-27,US Infrastructure,PDEX,0.03333333333333333
2026-02-27,US Infrastructure,KRNT,0.03333333333333333
2026-02-27,Water,FRPH,0.03333333333333333
2026-02-27,Water,EBF,0.03333333333333333
2026-02-27,Water,TRC,0.03333333333333333
2026-02-27,Water,GLRE,0.03333333333333333
2026-02-27,Water,FNRN,0.03333333333333333
2026-02-27,Water,PCYO,0.03333333333333333
2026-02-27,Water,PFX,0.03333333333333333
2026-02-27,Water,VLGEA,0.03333333333333333
2026-02-27,Water,RGCO,0.03333333333333333
2026-02-27,Water,OFLX,0.03333333333333333
2026-02-27,Water,LEGH,0.03333333333333333
2026-02-27,Water,AIV,0.03333333333333333
2026-02-27,Water,GWRS,0.03333333333333333
2026-02-27,Water,APOG,0.03333333333333333
2026-02-27,Water,IIIN,0.03333333333333333
2026-02-27,Water,KIDS,0.03333333333333333
2026-02-27,Water,TIPT,0.03333333333333333
2026-02-27,Water,NECB,0.03333333333333333
2026-02-27,Water,XRN,0.03333333333333333
2026-02-27,Water,NKSH,0.03333333333333333
2026-02-27,Water,ONIT,0.03333333333333333
2026-02-27,Water,HSTM,0.03333333333333333
2026-02-27,Water,ARTNA,0.03333333333333333
2026-02-27,Water,FLGT,0.03333333333333333
2026-02-27,Water,SWBI,0.03333333333333333
2026-02-27,Water,DGICA,0.03333333333333333
2026-02-27,Water,GNE,0.03333333333333333
2026-02-27,Water,EIG,0.03333333333333333
2026-02-27,Water,CZNC,0.03333333333333333
2026-02-27,Water,CWCO,0.03333333333333333
2026-03-27,AI Infrastructure,JRSH,0.03333333333333333
2026-03-27,AI Infrastructure,LSBK,0.03333333333333333
2026-03-27,AI Infrastructure,PFX,0.03333333333333333
2026-03-27,AI Infrastructure,HRZN,0.03333333333333333
2026-03-27,AI Infrastructure,CWBC,0.03333333333333333
2026-03-27,AI Infrastructure,OFLX,0.03333333333333333
2026-03-27,AI Infrastructure,MOV,0.03333333333333333
2026-03-27,AI Infrastructure,HZO,0.03333333333333333
2026-03-27,AI Infrastructure,ULBI,0.03333333333333333
2026-03-27,AI Infrastructure,NWFL,0.03333333333333333
2026-03-27,AI Infrastructure,ONIT,0.03333333333333333
2026-03-27,AI Infrastructure,SB,0.03333333333333333
2026-03-27,AI Infrastructure,KIDS,0.03333333333333333
2026-03-27,AI Infrastructure,FVCB,0.03333333333333333
2026-03-27,AI Infrastructure,QUIK,0.03333333333333333
2026-03-27,AI Infrastructure,NVEC,0.03333333333333333
2026-03-27,AI Infrastructure,CPHC,0.03333333333333333
2026-03-27,AI Infrastructure,STRT,0.03333333333333333
2026-03-27,AI Infrastructure,PAMT,0.03333333333333333
2026-03-27,AI Infrastructure,MLAB,0.03333333333333333
2026-03-27,AI Infrastructure,ELTK,0.03333333333333333
2026-03-27,AI Infrastructure,USIO,0.03333333333333333
2026-03-27,AI Infrastructure,CHMI,0.03333333333333333
2026-03-27,AI Infrastructure,MFA,0.03333333333333333
2026-03-27,AI Infrastructure,RBBN,0.03333333333333333
2026-03-27,AI Infrastructure,MOMO,0.03333333333333333
2026-03-27,AI Infrastructure,CERS,0.03333333333333333
2026-03-27,AI Infrastructure,KNDI,0.03333333333333333
2026-03-27,AI Infrastructure,MVIS,0.03333333333333333
2026-03-27,AI Infrastructure,VUZI,0.03333333333333333
2026-03-27,Agribusiness,LOAN,0.03333333333333333
2026-03-27,Agribusiness,TRC,0.03333333333333333
2026-03-27,Agribusiness,GHI,0.03333333333333333
2026-03-27,Agribusiness,JRSH,0.03333333333333333
2026-03-27,Agribusiness,FPI,0.03333333333333333
2026-03-27,Agribusiness,AVBH,0.03333333333333333
2026-03-27,Agribusiness,HRZN,0.03333333333333333
2026-03-27,Agribusiness,LCNB,0.03333333333333333
2026-03-27,Agribusiness,SILC,0.03333333333333333
2026-03-27,Agribusiness,KVHI,0.03333333333333333
2026-03-27,Agribusiness,NL,0.03333333333333333
2026-03-27,Agribusiness,CVEO,0.03333333333333333
2026-03-27,Agribusiness,OXM,0.03333333333333333
2026-03-27,Agribusiness,OFLX,0.03333333333333333
2026-03-27,Agribusiness,FF,0.03333333333333333
2026-03-27,Agribusiness,LND,0.03333333333333333
2026-03-27,Agribusiness,ACNT,0.03333333333333333
2026-03-27,Agribusiness,MGPI,0.03333333333333333
2026-03-27,Agribusiness,STRS,0.03333333333333333
2026-03-27,Agribusiness,ANIK,0.03333333333333333
2026-03-27,Agribusiness,DIN,0.03333333333333333
2026-03-27,Agribusiness,TWI,0.03333333333333333
2026-03-27,Agribusiness,NX,0.03333333333333333
2026-03-27,Agribusiness,MED,0.03333333333333333
2026-03-27,Agribusiness,MTUS,0.03333333333333333
2026-03-27,Agribusiness,HY,0.03333333333333333
2026-03-27,Agribusiness,FTEK,0.03333333333333333
2026-03-27,Agribusiness,TITN,0.03333333333333333
2026-03-27,Agribusiness,ASIX,0.03333333333333333
2026-03-27,Agribusiness,RELL,0.03333333333333333
2026-03-27,Clean Energy,LSBK,0.03333333333333333
2026-03-27,Clean Energy,JRSH,0.03333333333333333
2026-03-27,Clean Energy,KRO,0.03333333333333333
2026-03-27,Clean Energy,SB,0.03333333333333333
2026-03-27,Clean Energy,LOAN,0.03333333333333333
2026-03-27,Clean Energy,SILC,0.03333333333333333
2026-03-27,Clean Energy,GBLI,0.03333333333333333
2026-03-27,Clean Energy,ALCO,0.03333333333333333
2026-03-27,Clean Energy,HRZN,0.03333333333333333
2026-03-27,Clean Energy,DSX,0.03333333333333333
2026-03-27,Clean Energy,CHSCN,0.03333333333333333
2026-03-27,Clean Energy,CGBD,0.03333333333333333
2026-03-27,Clean Energy,CHSCM,0.03333333333333333
2026-03-27,Clean Energy,QUIK,0.03333333333333333
2026-03-27,Clean Energy,DLNG,0.03333333333333333
2026-03-27,Clean Energy,GHI,0.03333333333333333
2026-03-27,Clean Energy,KE,0.03333333333333333
2026-03-27,Clean Energy,DSWL,0.03333333333333333
2026-03-27,Clean Energy,TRC,0.03333333333333333
2026-03-27,Clean Energy,ULBI,0.03333333333333333
2026-03-27,Clean Energy,BBDC,0.03333333333333333
2026-03-27,Clean Energy,FUSB,0.03333333333333333
2026-03-27,Clean Energy,FPI,0.03333333333333333
2026-03-27,Clean Energy,GRVY,0.03333333333333333
2026-03-27,Clean Energy,OXM,0.03333333333333333
2026-03-27,Clean Energy,FTEK,0.03333333333333333
2026-03-27,Clean Energy,PFLT,0.03333333333333333
2026-03-27,Clean Energy,ACCO,0.03333333333333333
2026-03-27,Clean Energy,GLBS,0.03333333333333333
2026-03-27,Clean Energy,USNA,0.03333333333333333
2026-03-27,Critical Minerals,NOA,0.03333333333333333
2026-03-27,Critical Minerals,MTUS,0.03333333333333333
2026-03-27,Critical Minerals,FF,0.03333333333333333
2026-03-27,Critical Minerals,KRO,0.03333333333333333
2026-03-27,Critical Minerals,SILC,0.03333333333333333
2026-03-27,Critical Minerals,LYTS,0.03333333333333333
2026-03-27,Critical Minerals,DLNG,0.03333333333333333
2026-03-27,Critical Minerals,LOAN,0.03333333333333333
2026-03-27,Critical Minerals,PNRG,0.03333333333333333
2026-03-27,Critical Minerals,FTEK,0.03333333333333333
2026-03-27,Critical Minerals,LND,0.03333333333333333
2026-03-27,Critical Minerals,NAVI,0.03333333333333333
2026-03-27,Critical Minerals,GBLI,0.03333333333333333
2026-03-27,Critical Minerals,GSM,0.03333333333333333
2026-03-27,Critical Minerals,NNDM,0.03333333333333333
2026-03-27,Critical Minerals,KE,0.03333333333333333
2026-03-27,Critical Minerals,GPRO,0.03333333333333333
2026-03-27,Critical Minerals,SXC,0.03333333333333333
2026-03-27,Critical Minerals,CGBD,0.03333333333333333
2026-03-27,Critical Minerals,VHI,0.03333333333333333
2026-03-27,Critical Minerals,EPSN,0.03333333333333333
2026-03-27,Critical Minerals,ACCO,0.03333333333333333
2026-03-27,Critical Minerals,DSWL,0.03333333333333333
2026-03-27,Critical Minerals,USNA,0.03333333333333333
2026-03-27,Critical Minerals,CHSCN,0.03333333333333333
2026-03-27,Critical Minerals,GRVY,0.03333333333333333
2026-03-27,Critical Minerals,ALCO,0.03333333333333333
2026-03-27,Critical Minerals,DQ,0.03333333333333333
2026-03-27,Critical Minerals,GOOS,0.03333333333333333
2026-03-27,Critical Minerals,NL,0.03333333333333333
2026-03-27,Cybersecurity,CHSCO,0.03333333333333333
2026-03-27,Cybersecurity,BPRN,0.03333333333333333
2026-03-27,Cybersecurity,FRAF,0.03333333333333333
2026-03-27,Cybersecurity,MNSB,0.03333333333333333
2026-03-27,Cybersecurity,NPK,0.03333333333333333
2026-03-27,Cybersecurity,FRPH,0.03333333333333333
2026-03-27,Cybersecurity,NODK,0.03333333333333333
2026-03-27,Cybersecurity,CFBK,0.03333333333333333
2026-03-27,Cybersecurity,CCBG,0.03333333333333333
2026-03-27,Cybersecurity,LCNB,0.03333333333333333
2026-03-27,Cybersecurity,GLRE,0.03333333333333333
2026-03-27,Cybersecurity,IIIV,0.03333333333333333
2026-03-27,Cybersecurity,PCB,0.03333333333333333
2026-03-27,Cybersecurity,DJCO,0.03333333333333333
2026-03-27,Cybersecurity,TRC,0.03333333333333333
2026-03-27,Cybersecurity,EBF,0.03333333333333333
2026-03-27,Cybersecurity,VLGEA,0.03333333333333333
2026-03-27,Cybersecurity,CBNK,0.03333333333333333
2026-03-27,Cybersecurity,MCFT,0.03333333333333333
2026-03-27,Cybersecurity,TPVG,0.03333333333333333
2026-03-27,Cybersecurity,VRRM,0.03333333333333333
2026-03-27,Cybersecurity,BCML,0.03333333333333333
2026-03-27,Cybersecurity,OPBK,0.03333333333333333
2026-03-27,Cybersecurity,PEBK,0.03333333333333333
2026-03-27,Cybersecurity,RGCO,0.03333333333333333
2026-03-27,Cybersecurity,III,0.03333333333333333
2026-03-27,Cybersecurity,GSBC,0.03333333333333333
2026-03-27,Cybersecurity,TRAK,0.03333333333333333
2026-03-27,Cybersecurity,BFS,0.03333333333333333
2026-03-27,Cybersecurity,OVLY,0.03333333333333333
2026-03-27,Defense,PFX,0.03333333333333333
2026-03-27,Defense,MCFT,0.03333333333333333
2026-03-27,Defense,TRC,0.03333333333333333
2026-03-27,Defense,GBLI,0.03333333333333333
2026-03-27,Defense,NPK,0.03333333333333333
2026-03-27,Defense,CTO,0.03333333333333333
2026-03-27,Defense,NECB,0.03333333333333333
2026-03-27,Defense,BRT,0.03333333333333333
2026-03-27,Defense,DJCO,0.03333333333333333
2026-03-27,Defense,KWY,0.03333333333333333
2026-03-27,Defense,OFLX,0.03333333333333333
2026-03-27,Defense,PDLB,0.03333333333333333
2026-03-27,Defense,AIV,0.03333333333333333
2026-03-27,Defense,INSE,0.03333333333333333
2026-03-27,Defense,BH,0.03333333333333333
2026-03-27,Defense,GWRS,0.03333333333333333
2026-03-27,Defense,FTEK,0.03333333333333333
2026-03-27,Defense,EIG,0.03333333333333333
2026-03-27,Defense,ANIK,0.03333333333333333
2026-03-27,Defense,USIO,0.03333333333333333
2026-03-27,Defense,STRS,0.03333333333333333
2026-03-27,Defense,PAMT,0.03333333333333333
2026-03-27,Defense,GILT,0.03333333333333333
2026-03-27,Defense,NRIM,0.03333333333333333
2026-03-27,Defense,ACNT,0.03333333333333333
2026-03-27,Defense,GNE,0.03333333333333333
2026-03-27,Defense,SHOE,0.03333333333333333
2026-03-27,Defense,KE,0.03333333333333333
2026-03-27,Defense,CMCO,0.03333333333333333
2026-03-27,Defense,NVEC,0.03333333333333333
2026-03-27,Fintech,VRRM,0.03333333333333333
2026-03-27,Fintech,FRPH,0.03333333333333333
2026-03-27,Fintech,IIIV,0.03333333333333333
2026-03-27,Fintech,LOAN,0.03333333333333333
2026-03-27,Fintech,GPJA,0.03333333333333333
2026-03-27,Fintech,DJCO,0.03333333333333333
2026-03-27,Fintech,PBHC,0.03333333333333333
2026-03-27,Fintech,ELME,0.03333333333333333
2026-03-27,Fintech,FRAF,0.03333333333333333
2026-03-27,Fintech,RDCM,0.03333333333333333
2026-03-27,Fintech,TRC,0.03333333333333333
2026-03-27,Fintech,GLAD,0.03333333333333333
2026-03-27,Fintech,III,0.03333333333333333
2026-03-27,Fintech,ALCO,0.03333333333333333
2026-03-27,Fintech,MHNC,0.03333333333333333
2026-03-27,Fintech,ITIC,0.03333333333333333
2026-03-27,Fintech,RC,0.03333333333333333
2026-03-27,Fintech,MCS,0.03333333333333333
2026-03-27,Fintech,CSV,0.03333333333333333
2026-03-27,Fintech,GRVY,0.03333333333333333
2026-03-27,Fintech,JRSH,0.03333333333333333
2026-03-27,Fintech,WILC,0.03333333333333333
2026-03-27,Fintech,SITC,0.03333333333333333
2026-03-27,Fintech,OPBK,0.03333333333333333
2026-03-27,Fintech,ACCO,0.03333333333333333
2026-03-27,Fintech,TPVG,0.03333333333333333
2026-03-27,Fintech,SSYS,0.03333333333333333
2026-03-27,Fintech,TIPT,0.03333333333333333
2026-03-27,Fintech,SSTK,0.03333333333333333
2026-03-27,Fintech,RM,0.03333333333333333
2026-03-27,Robotics & AI,CHSCM,0.03333333333333333
2026-03-27,Robotics & AI,LSBK,0.03333333333333333
2026-03-27,Robotics & AI,FNRN,0.03333333333333333
2026-03-27,Robotics & AI,PFX,0.03333333333333333
2026-03-27,Robotics & AI,CHSCN,0.03333333333333333
2026-03-27,Robotics & AI,LOAN,0.03333333333333333
2026-03-27,Robotics & AI,BCIC,0.03333333333333333
2026-03-27,Robotics & AI,JRSH,0.03333333333333333
2026-03-27,Robotics & AI,MHLA,0.03333333333333333
2026-03-27,Robotics & AI,IIIN,0.03333333333333333
2026-03-27,Robotics & AI,OFLX,0.03333333333333333
2026-03-27,Robotics & AI,MHNC,0.03333333333333333
2026-03-27,Robotics & AI,MNSB,0.03333333333333333
2026-03-27,Robotics & AI,NAVI,0.03333333333333333
2026-03-27,Robotics & AI,ACCO,0.03333333333333333
2026-03-27,Robotics & AI,SB,0.03333333333333333
2026-03-27,Robotics & AI,CWBC,0.03333333333333333
2026-03-27,Robotics & AI,KRO,0.03333333333333333
2026-03-27,Robotics & AI,FUSB,0.03333333333333333
2026-03-27,Robotics & AI,ONIT,0.03333333333333333
2026-03-27,Robotics & AI,GRVY,0.03333333333333333
2026-03-27,Robotics & AI,HRZN,0.03333333333333333
2026-03-27,Robotics & AI,HZO,0.03333333333333333
2026-03-27,Robotics & AI,DLNG,0.03333333333333333
2026-03-27,Robotics & AI,RDCM,0.03333333333333333
2026-03-27,Robotics & AI,USNA,0.03333333333333333
2026-03-27,Robotics & AI,NKSH,0.03333333333333333
2026-03-27,Robotics & AI,HY,0.03333333333333333
2026-03-27,Robotics & AI,SILC,0.03333333333333333
2026-03-27,Robotics & AI,NECB,0.03333333333333333
2026-03-27,Timber & Forestry,CHSCO,0.03333333333333333
2026-03-27,Timber & Forestry,CHSCM,0.03333333333333333
2026-03-27,Timber & Forestry,LOAN,0.03333333333333333
2026-03-27,Timber & Forestry,PFX,0.03333333333333333
2026-03-27,Timber & Forestry,FNRN,0.03333333333333333
2026-03-27,Timber & Forestry,MHLA,0.03333333333333333
2026-03-27,Timber & Forestry,JRSH,0.03333333333333333
2026-03-27,Timber & Forestry,DSWL,0.03333333333333333
2026-03-27,Timber & Forestry,BCIC,0.03333333333333333
2026-03-27,Timber & Forestry,MHNC,0.03333333333333333
2026-03-27,Timber & Forestry,NAVI,0.03333333333333333
2026-03-27,Timber & Forestry,CGBD,0.03333333333333333
2026-03-27,Timber & Forestry,GBLI,0.03333333333333333
2026-03-27,Timber & Forestry,TRC,0.03333333333333333
2026-03-27,Timber & Forestry,OFLX,0.03333333333333333
2026-03-27,Timber & Forestry,IIIN,0.03333333333333333
2026-03-27,Timber & Forestry,CAPL,0.03333333333333333
2026-03-27,Timber & Forestry,NOA,0.03333333333333333
2026-03-27,Timber & Forestry,ACCO,0.03333333333333333
2026-03-27,Timber & Forestry,CWBC,0.03333333333333333
2026-03-27,Timber & Forestry,FUSB,0.03333333333333333
2026-03-27,Timber & Forestry,CSV,0.03333333333333333
2026-03-27,Timber & Forestry,SB,0.03333333333333333
2026-03-27,Timber & Forestry,AVBH,0.03333333333333333
2026-03-27,Timber & Forestry,RDCM,0.03333333333333333
2026-03-27,Timber & Forestry,USNA,0.03333333333333333
2026-03-27,Timber & Forestry,HZO,0.03333333333333333
2026-03-27,Timber & Forestry,SILC,0.03333333333333333
2026-03-27,Timber & Forestry,DLHC,0.03333333333333333
2026-03-27,Timber & Forestry,SITC,0.03333333333333333
2026-03-27,US Infrastructure,PFX,0.03333333333333333
2026-03-27,US Infrastructure,EBF,0.03333333333333333
2026-03-27,US Infrastructure,GAIN,0.03333333333333333
2026-03-27,US Infrastructure,APOG,0.03333333333333333
2026-03-27,US Infrastructure,PCYO,0.03333333333333333
2026-03-27,US Infrastructure,IIIN,0.03333333333333333
2026-03-27,US Infrastructure,CNNE,0.03333333333333333
2026-03-27,US Infrastructure,LEGH,0.03333333333333333
2026-03-27,US Infrastructure,ETD,0.03333333333333333
2026-03-27,US Infrastructure,ITIC,0.03333333333333333
2026-03-27,US Infrastructure,BSVN,0.03333333333333333
2026-03-27,US Infrastructure,RDCM,0.03333333333333333
2026-03-27,US Infrastructure,PKE,0.03333333333333333
2026-03-27,US Infrastructure,DLHC,0.03333333333333333
2026-03-27,US Infrastructure,GWRS,0.03333333333333333
2026-03-27,US Infrastructure,AMSF,0.03333333333333333
2026-03-27,US Infrastructure,OFLX,0.03333333333333333
2026-03-27,US Infrastructure,CWCO,0.03333333333333333
2026-03-27,US Infrastructure,FUSB,0.03333333333333333
2026-03-27,US Infrastructure,UNTY,0.03333333333333333
2026-03-27,US Infrastructure,NX,0.03333333333333333
2026-03-27,US Infrastructure,ACNT,0.03333333333333333
2026-03-27,US Infrastructure,HY,0.03333333333333333
2026-03-27,US Infrastructure,NRIM,0.03333333333333333
2026-03-27,US Infrastructure,PKOH,0.03333333333333333
2026-03-27,US Infrastructure,GNE,0.03333333333333333
2026-03-27,US Infrastructure,TWIN,0.03333333333333333
2026-03-27,US Infrastructure,LYTS,0.03333333333333333
2026-03-27,US Infrastructure,TITN,0.03333333333333333
2026-03-27,US Infrastructure,ASIX,0.03333333333333333
2026-03-27,Water,PFX,0.03333333333333333
2026-03-27,Water,EBF,0.03333333333333333
2026-03-27,Water,BCIC,0.03333333333333333
2026-03-27,Water,LEGH,0.03333333333333333
2026-03-27,Water,APOG,0.03333333333333333
2026-03-27,Water,IIIN,0.03333333333333333
2026-03-27,Water,TIPT,0.03333333333333333
2026-03-27,Water,CWCO,0.03333333333333333
2026-03-27,Water,GWRS,0.03333333333333333
2026-03-27,Water,HRZN,0.03333333333333333
2026-03-27,Water,ONIT,0.03333333333333333
2026-03-27,Water,OFLX,0.03333333333333333
2026-03-27,Water,HSTM,0.03333333333333333
2026-03-27,Water,DLHC,0.03333333333333333
2026-03-27,Water,MNRO,0.03333333333333333
2026-03-27,Water,DGICA,0.03333333333333333
2026-03-27,Water,ARTNA,0.03333333333333333
2026-03-27,Water,NX,0.03333333333333333
2026-03-27,Water,PKOH,0.03333333333333333
2026-03-27,Water,UTL,0.03333333333333333
2026-03-27,Water,OFIX,0.03333333333333333
2026-03-27,Water,MLAB,0.03333333333333333
2026-03-27,Water,HY,0.03333333333333333
2026-03-27,Water,TITN,0.03333333333333333
2026-03-27,Water,GNE,0.03333333333333333
2026-03-27,Water,CMCO,0.03333333333333333
2026-03-27,Water,TWIN,0.03333333333333333
2026-03-27,Water,SRI,0.03333333333333333
2026-03-27,Water,WNC,0.03333333333333333
2026-03-27,Water,ESOA,0.03333333333333333
2026-04-24,AI Infrastructure,JRSH,0.03333333333333333
2026-04-24,AI Infrastructure,MOV,0.03333333333333333
2026-04-24,AI Infrastructure,OFLX,0.03333333333333333
2026-04-24,AI Infrastructure,OXM,0.03333333333333333
2026-04-24,AI Infrastructure,HZO,0.03333333333333333
2026-04-24,AI Infrastructure,HRZN,0.03333333333333333
2026-04-24,AI Infrastructure,ULBI,0.03333333333333333
2026-04-24,AI Infrastructure,TWI,0.03333333333333333
2026-04-24,AI Infrastructure,SB,0.03333333333333333
2026-04-24,AI Infrastructure,QUIK,0.03333333333333333
2026-04-24,AI Infrastructure,BH,0.03333333333333333
2026-04-24,AI Infrastructure,KIDS,0.03333333333333333
2026-04-24,AI Infrastructure,NVEC,0.03333333333333333
2026-04-24,AI Infrastructure,CWH,0.03333333333333333
2026-04-24,AI Infrastructure,PAMT,0.03333333333333333
2026-04-24,AI Infrastructure,HY,0.03333333333333333
2026-04-24,AI Infrastructure,RELL,0.03333333333333333
2026-04-24,AI Infrastructure,STRT,0.03333333333333333
2026-04-24,AI Infrastructure,MLAB,0.03333333333333333
2026-04-24,AI Infrastructure,BLMN,0.03333333333333333
2026-04-24,AI Infrastructure,ELTK,0.03333333333333333
2026-04-24,AI Infrastructure,GHG,0.03333333333333333
2026-04-24,AI Infrastructure,HDSN,0.03333333333333333
2026-04-24,AI Infrastructure,JACK,0.03333333333333333
2026-04-24,AI Infrastructure,CHMI,0.03333333333333333
2026-04-24,AI Infrastructure,GOOS,0.03333333333333333
2026-04-24,AI Infrastructure,CERS,0.03333333333333333
2026-04-24,AI Infrastructure,MOMO,0.03333333333333333
2026-04-24,AI Infrastructure,BGS,0.03333333333333333
2026-04-24,AI Infrastructure,MVIS,0.03333333333333333
2026-04-24,Agribusiness,LOAN,0.03333333333333333
2026-04-24,Agribusiness,TRC,0.03333333333333333
2026-04-24,Agribusiness,ALCO,0.03333333333333333
2026-04-24,Agribusiness,FPI,0.03333333333333333
2026-04-24,Agribusiness,GHI,0.03333333333333333
2026-04-24,Agribusiness,JRSH,0.03333333333333333
2026-04-24,Agribusiness,NOA,0.03333333333333333
2026-04-24,Agribusiness,AVBH,0.03333333333333333
2026-04-24,Agribusiness,CVEO,0.03333333333333333
2026-04-24,Agribusiness,HRZN,0.03333333333333333
2026-04-24,Agribusiness,USNA,0.03333333333333333
2026-04-24,Agribusiness,LND,0.03333333333333333
2026-04-24,Agribusiness,NL,0.03333333333333333
2026-04-24,Agribusiness,FF,0.03333333333333333
2026-04-24,Agribusiness,OXM,0.03333333333333333
2026-04-24,Agribusiness,ACNT,0.03333333333333333
2026-04-24,Agribusiness,OFLX,0.03333333333333333
2026-04-24,Agribusiness,STRS,0.03333333333333333
2026-04-24,Agribusiness,MGPI,0.03333333333333333
2026-04-24,Agribusiness,PKE,0.03333333333333333
2026-04-24,Agribusiness,KVHI,0.03333333333333333
2026-04-24,Agribusiness,WNEB,0.03333333333333333
2026-04-24,Agribusiness,SILC,0.03333333333333333
2026-04-24,Agribusiness,ICCC,0.03333333333333333
2026-04-24,Agribusiness,LAND,0.03333333333333333
2026-04-24,Agribusiness,TWI,0.03333333333333333
2026-04-24,Agribusiness,MTUS,0.03333333333333333
2026-04-24,Agribusiness,LYTS,0.03333333333333333
2026-04-24,Agribusiness,NX,0.03333333333333333
2026-04-24,Agribusiness,NC,0.03333333333333333
2026-04-24,Clean Energy,JRSH,0.03333333333333333
2026-04-24,Clean Energy,LSBK,0.03333333333333333
2026-04-24,Clean Energy,ALCO,0.03333333333333333
2026-04-24,Clean Energy,CGBD,0.03333333333333333
2026-04-24,Clean Energy,OXM,0.03333333333333333
2026-04-24,Clean Energy,CHSCN,0.03333333333333333
2026-04-24,Clean Energy,HRZN,0.03333333333333333
2026-04-24,Clean Energy,CHSCM,0.03333333333333333
2026-04-24,Clean Energy,GBLI,0.03333333333333333
2026-04-24,Clean Energy,GPJA,0.03333333333333333
2026-04-24,Clean Energy,LOAN,0.03333333333333333
2026-04-24,Clean Energy,EFSI,0.03333333333333333
2026-04-24,Clean Energy,BBDC,0.03333333333333333
2026-04-24,Clean Energy,KE,0.03333333333333333
2026-04-24,Clean Energy,GHI,0.03333333333333333
2026-04-24,Clean Energy,GAIN,0.03333333333333333
2026-04-24,Clean Energy,DLNG,0.03333333333333333
2026-04-24,Clean Energy,SB,0.03333333333333333
2026-04-24,Clean Energy,KRO,0.03333333333333333
2026-04-24,Clean Energy,TRC,0.03333333333333333
2026-04-24,Clean Energy,SILC,0.03333333333333333
2026-04-24,Clean Energy,PFLT,0.03333333333333333
2026-04-24,Clean Energy,RELL,0.03333333333333333
2026-04-24,Clean Energy,EARN,0.03333333333333333
2026-04-24,Clean Energy,DSX,0.03333333333333333
2026-04-24,Clean Energy,QUIK,0.03333333333333333
2026-04-24,Clean Energy,FUSB,0.03333333333333333
2026-04-24,Clean Energy,FPI,0.03333333333333333
2026-04-24,Clean Energy,USNA,0.03333333333333333
2026-04-24,Clean Energy,NVEC,0.03333333333333333
2026-04-24,Critical Minerals,SB,0.03333333333333333
2026-04-24,Critical Minerals,MTUS,0.03333333333333333
2026-04-24,Critical Minerals,NNDM,0.03333333333333333
2026-04-24,Critical Minerals,NOA,0.03333333333333333
2026-04-24,Critical Minerals,LYTS,0.03333333333333333
2026-04-24,Critical Minerals,KRO,0.03333333333333333
2026-04-24,Critical Minerals,SILC,0.03333333333333333
2026-04-24,Critical Minerals,TWI,0.03333333333333333
2026-04-24,Critical Minerals,FTEK,0.03333333333333333
2026-04-24,Critical Minerals,SNFCA,0.03333333333333333
2026-04-24,Critical Minerals,FF,0.03333333333333333
2026-04-24,Critical Minerals,MNOV,0.03333333333333333
2026-04-24,Critical Minerals,MHNC,0.03333333333333333
2026-04-24,Critical Minerals,KE,0.03333333333333333
2026-04-24,Critical Minerals,LOAN,0.03333333333333333
2026-04-24,Critical Minerals,SXC,0.03333333333333333
2026-04-24,Critical Minerals,GBLI,0.03333333333333333
2026-04-24,Critical Minerals,DLNG,0.03333333333333333
2026-04-24,Critical Minerals,VHI,0.03333333333333333
2026-04-24,Critical Minerals,JRSH,0.03333333333333333
2026-04-24,Critical Minerals,GSM,0.03333333333333333
2026-04-24,Critical Minerals,NAVI,0.03333333333333333
2026-04-24,Critical Minerals,USIO,0.03333333333333333
2026-04-24,Critical Minerals,NL,0.03333333333333333
2026-04-24,Critical Minerals,CMCO,0.03333333333333333
2026-04-24,Critical Minerals,AMRN,0.03333333333333333
2026-04-24,Critical Minerals,ACNT,0.03333333333333333
2026-04-24,Critical Minerals,ACCO,0.03333333333333333
2026-04-24,Critical Minerals,ASLE,0.03333333333333333
2026-04-24,Critical Minerals,GOOS,0.03333333333333333
2026-04-24,Cybersecurity,CHSCO,0.03333333333333333
2026-04-24,Cybersecurity,DJCO,0.03333333333333333
2026-04-24,Cybersecurity,BPRN,0.03333333333333333
2026-04-24,Cybersecurity,SNFCA,0.03333333333333333
2026-04-24,Cybersecurity,IIIV,0.03333333333333333
2026-04-24,Cybersecurity,MNSB,0.03333333333333333
2026-04-24,Cybersecurity,LSBK,0.03333333333333333
2026-04-24,Cybersecurity,TPVG,0.03333333333333333
2026-04-24,Cybersecurity,LCNB,0.03333333333333333
2026-04-24,Cybersecurity,NODK,0.03333333333333333
2026-04-24,Cybersecurity,FRPH,0.03333333333333333
2026-04-24,Cybersecurity,GLRE,0.03333333333333333
2026-04-24,Cybersecurity,NATH,0.03333333333333333
2026-04-24,Cybersecurity,PCB,0.03333333333333333
2026-04-24,Cybersecurity,TRAK,0.03333333333333333
2026-04-24,Cybersecurity,ESCA,0.03333333333333333
2026-04-24,Cybersecurity,BCML,0.03333333333333333
2026-04-24,Cybersecurity,PEBK,0.03333333333333333
2026-04-24,Cybersecurity,VRRM,0.03333333333333333
2026-04-24,Cybersecurity,PCYO,0.03333333333333333
2026-04-24,Cybersecurity,CCBG,0.03333333333333333
2026-04-24,Cybersecurity,OPBK,0.03333333333333333
2026-04-24,Cybersecurity,CAPL,0.03333333333333333
2026-04-24,Cybersecurity,MCFT,0.03333333333333333
2026-04-24,Cybersecurity,CBNK,0.03333333333333333
2026-04-24,Cybersecurity,PKBK,0.03333333333333333
2026-04-24,Cybersecurity,EBF,0.03333333333333333
2026-04-24,Cybersecurity,VLGEA,0.03333333333333333
2026-04-24,Cybersecurity,III,0.03333333333333333
2026-04-24,Cybersecurity,FUNC,0.03333333333333333
2026-04-24,Defense,BRT,0.03333333333333333
2026-04-24,Defense,ISBA,0.03333333333333333
2026-04-24,Defense,CTO,0.03333333333333333
2026-04-24,Defense,EBF,0.03333333333333333
2026-04-24,Defense,GBLI,0.03333333333333333
2026-04-24,Defense,MCFT,0.03333333333333333
2026-04-24,Defense,NPK,0.03333333333333333
2026-04-24,Defense,CNNE,0.03333333333333333
2026-04-24,Defense,DJCO,0.03333333333333333
2026-04-24,Defense,ETD,0.03333333333333333
2026-04-24,Defense,AIV,0.03333333333333333
2026-04-24,Defense,KWY,0.03333333333333333
2026-04-24,Defense,SMTI,0.03333333333333333
2026-04-24,Defense,SWBI,0.03333333333333333
2026-04-24,Defense,INSE,0.03333333333333333
2026-04-24,Defense,PAMT,0.03333333333333333
2026-04-24,Defense,EIG,0.03333333333333333
2026-04-24,Defense,HCKT,0.03333333333333333
2026-04-24,Defense,GWRS,0.03333333333333333
2026-04-24,Defense,DIN,0.03333333333333333
2026-04-24,Defense,BH,0.03333333333333333
2026-04-24,Defense,RFL,0.03333333333333333
2026-04-24,Defense,CRNT,0.03333333333333333
2026-04-24,Defense,USIO,0.03333333333333333
2026-04-24,Defense,STRS,0.03333333333333333
2026-04-24,Defense,FTEK,0.03333333333333333
2026-04-24,Defense,XOMA,0.03333333333333333
2026-04-24,Defense,SHOE,0.03333333333333333
2026-04-24,Defense,GNE,0.03333333333333333
2026-04-24,Defense,ISSC,0.03333333333333333
2026-04-24,Fintech,LOAN,0.03333333333333333
2026-04-24,Fintech,FRPH,0.03333333333333333
2026-04-24,Fintech,DJCO,0.03333333333333333
2026-04-24,Fintech,PBHC,0.03333333333333333
2026-04-24,Fintech,GPJA,0.03333333333333333
2026-04-24,Fintech,IIIV,0.03333333333333333
2026-04-24,Fintech,EFSI,0.03333333333333333
2026-04-24,Fintech,VRRM,0.03333333333333333
2026-04-24,Fintech,GRVY,0.03333333333333333
2026-04-24,Fintech,MHNC,0.03333333333333333
2026-04-24,Fintech,ELME,0.03333333333333333
2026-04-24,Fintech,TPVG,0.03333333333333333
2026-04-24,Fintech,CSV,0.03333333333333333
2026-04-24,Fintech,ALCO,0.03333333333333333
2026-04-24,Fintech,MCS,0.03333333333333333
2026-04-24,Fintech,RDCM,0.03333333333333333
2026-04-24,Fintech,ITIC,0.03333333333333333
2026-04-24,Fintech,III,0.03333333333333333
2026-04-24,Fintech,OPBK,0.03333333333333333
2026-04-24,Fintech,SITC,0.03333333333333333
2026-04-24,Fintech,FNWB,0.03333333333333333
2026-04-24,Fintech,NAVI,0.03333333333333333
2026-04-24,Fintech,ACCO,0.03333333333333333
2026-04-24,Fintech,AVBH,0.03333333333333333
2026-04-24,Fintech,SSTK,0.03333333333333333
2026-04-24,Fintech,SSYS,0.03333333333333333
2026-04-24,Fintech,RC,0.03333333333333333
2026-04-24,Fintech,MED,0.03333333333333333
2026-04-24,Fintech,RM,0.03333333333333333
2026-04-24,Fintech,JRSH,0.03333333333333333
2026-04-24,Robotics & AI,LSBK,0.03333333333333333
2026-04-24,Robotics & AI,CHSCM,0.03333333333333333
2026-04-24,Robotics & AI,JRSH,0.03333333333333333
2026-04-24,Robotics & AI,FNRN,0.03333333333333333
2026-04-24,Robotics & AI,EFSI,0.03333333333333333
2026-04-24,Robotics & AI,PFX,0.03333333333333333
2026-04-24,Robotics & AI,DSWL,0.03333333333333333
2026-04-24,Robotics & AI,BCIC,0.03333333333333333
2026-04-24,Robotics & AI,LOAN,0.03333333333333333
2026-04-24,Robotics & AI,OFLX,0.03333333333333333
2026-04-24,Robotics & AI,CWBC,0.03333333333333333
2026-04-24,Robotics & AI,ACCO,0.03333333333333333
2026-04-24,Robotics & AI,MNSB,0.03333333333333333
2026-04-24,Robotics & AI,BVFL,0.03333333333333333
2026-04-24,Robotics & AI,SB,0.03333333333333333
2026-04-24,Robotics & AI,FUSB,0.03333333333333333
2026-04-24,Robotics & AI,GRVY,0.03333333333333333
2026-04-24,Robotics & AI,HRZN,0.03333333333333333
2026-04-24,Robotics & AI,USNA,0.03333333333333333
2026-04-24,Robotics & AI,KRO,0.03333333333333333
2026-04-24,Robotics & AI,DLNG,0.03333333333333333
2026-04-24,Robotics & AI,SNFCA,0.03333333333333333
2026-04-24,Robotics & AI,IIIN,0.03333333333333333
2026-04-24,Robotics & AI,ALRS,0.03333333333333333
2026-04-24,Robotics & AI,NAVI,0.03333333333333333
2026-04-24,Robotics & AI,ONIT,0.03333333333333333
2026-04-24,Robotics & AI,HZO,0.03333333333333333
2026-04-24,Robotics & AI,KIDS,0.03333333333333333
2026-04-24,Robotics & AI,NKSH,0.03333333333333333
2026-04-24,Robotics & AI,TWI,0.03333333333333333
2026-04-24,Timber & Forestry,CHSCO,0.03333333333333333
2026-04-24,Timber & Forestry,CHSCM,0.03333333333333333
2026-04-24,Timber & Forestry,LOAN,0.03333333333333333
2026-04-24,Timber & Forestry,MHLA,0.03333333333333333
2026-04-24,Timber & Forestry,LSBK,0.03333333333333333
2026-04-24,Timber & Forestry,MHNC,0.03333333333333333
2026-04-24,Timber & Forestry,FNRN,0.03333333333333333
2026-04-24,Timber & Forestry,PFX,0.03333333333333333
2026-04-24,Timber & Forestry,BCIC,0.03333333333333333
2026-04-24,Timber & Forestry,SNFCA,0.03333333333333333
2026-04-24,Timber & Forestry,GBLI,0.03333333333333333
2026-04-24,Timber & Forestry,NOA,0.03333333333333333
2026-04-24,Timber & Forestry,CAPL,0.03333333333333333
2026-04-24,Timber & Forestry,DSWL,0.03333333333333333
2026-04-24,Timber & Forestry,GHI,0.03333333333333333
2026-04-24,Timber & Forestry,CSV,0.03333333333333333
2026-04-24,Timber & Forestry,GRVY,0.03333333333333333
2026-04-24,Timber & Forestry,SB,0.03333333333333333
2026-04-24,Timber & Forestry,FF,0.03333333333333333
2026-04-24,Timber & Forestry,APOG,0.03333333333333333
2026-04-24,Timber & Forestry,ACCO,0.03333333333333333
2026-04-24,Timber & Forestry,IIIN,0.03333333333333333
2026-04-24,Timber & Forestry,NAVI,0.03333333333333333
2026-04-24,Timber & Forestry,ITIC,0.03333333333333333
2026-04-24,Timber & Forestry,USNA,0.03333333333333333
2026-04-24,Timber & Forestry,NL,0.03333333333333333
2026-04-24,Timber & Forestry,DLHC,0.03333333333333333
2026-04-24,Timber & Forestry,MTUS,0.03333333333333333
2026-04-24,Timber & Forestry,LYTS,0.03333333333333333
2026-04-24,Timber & Forestry,OFLX,0.03333333333333333
2026-04-24,US Infrastructure,EBF,0.03333333333333333
2026-04-24,US Infrastructure,APOG,0.03333333333333333
2026-04-24,US Infrastructure,BOTJ,0.03333333333333333
2026-04-24,US Infrastructure,CNNE,0.03333333333333333
2026-04-24,US Infrastructure,BSVN,0.03333333333333333
2026-04-24,US Infrastructure,BWFG,0.03333333333333333
2026-04-24,US Infrastructure,IIIN,0.03333333333333333
2026-04-24,US Infrastructure,GWRS,0.03333333333333333
2026-04-24,US Infrastructure,LEGH,0.03333333333333333
2026-04-24,US Infrastructure,RDCM,0.03333333333333333
2026-04-24,US Infrastructure,PKE,0.03333333333333333
2026-04-24,US Infrastructure,AMSF,0.03333333333333333
2026-04-24,US Infrastructure,UNTY,0.03333333333333333
2026-04-24,US Infrastructure,CWCO,0.03333333333333333
2026-04-24,US Infrastructure,SWBI,0.03333333333333333
2026-04-24,US Infrastructure,OFLX,0.03333333333333333
2026-04-24,US Infrastructure,NX,0.03333333333333333
2026-04-24,US Infrastructure,FCBC,0.03333333333333333
2026-04-24,US Infrastructure,TWIN,0.03333333333333333
2026-04-24,US Infrastructure,LYTS,0.03333333333333333
2026-04-24,US Infrastructure,SANG,0.03333333333333333
2026-04-24,US Infrastructure,HY,0.03333333333333333
2026-04-24,US Infrastructure,CRNT,0.03333333333333333
2026-04-24,US Infrastructure,WNC,0.03333333333333333
2026-04-24,US Infrastructure,CMCO,0.03333333333333333
2026-04-24,US Infrastructure,ISSC,0.03333333333333333
2026-04-24,US Infrastructure,SRI,0.03333333333333333
2026-04-24,US Infrastructure,ASIX,0.03333333333333333
2026-04-24,US Infrastructure,FLXS,0.03333333333333333
2026-04-24,US Infrastructure,UEIC,0.03333333333333333
2026-04-24,Water,FRPH,0.03333333333333333
2026-04-24,Water,EBF,0.03333333333333333
2026-04-24,Water,PFX,0.03333333333333333
2026-04-24,Water,GLRE,0.03333333333333333
2026-04-24,Water,LEGH,0.03333333333333333
2026-04-24,Water,BCIC,0.03333333333333333
2026-04-24,Water,PCYO,0.03333333333333333
2026-04-24,Water,RGCO,0.03333333333333333
2026-04-24,Water,VLGEA,0.03333333333333333
2026-04-24,Water,GWRS,0.03333333333333333
2026-04-24,Water,CWCO,0.03333333333333333
2026-04-24,Water,APOG,0.03333333333333333
2026-04-24,Water,TIPT,0.03333333333333333
2026-04-24,Water,IIIN,0.03333333333333333
2026-04-24,Water,ESCA,0.03333333333333333
2026-04-24,Water,NECB,0.03333333333333333
2026-04-24,Water,ONIT,0.03333333333333333
2026-04-24,Water,HSTM,0.03333333333333333
2026-04-24,Water,EIG,0.03333333333333333
2026-04-24,Water,HZO,0.03333333333333333
2026-04-24,Water,ARTNA,0.03333333333333333
2026-04-24,Water,MNRO,0.03333333333333333
2026-04-24,Water,OFLX,0.03333333333333333
2026-04-24,Water,UTL,0.03333333333333333
2026-04-24,Water,DGICA,0.03333333333333333
2026-04-24,Water,OFIX,0.03333333333333333
2026-04-24,Water,NX,0.03333333333333333
2026-04-24,Water,NVEC,0.03333333333333333
2026-04-24,Water,MATV,0.03333333333333333
2026-04-24,Water,GNE,0.03333333333333333
2026-05-29,AI Infrastructure,FNRN,0.03333333333333333
2026-05-29,AI Infrastructure,JRSH,0.03333333333333333
2026-05-29,AI Infrastructure,JOUT,0.03333333333333333
2026-05-29,AI Infrastructure,MCFT,0.03333333333333333
2026-05-29,AI Infrastructure,MNSB,0.03333333333333333
2026-05-29,AI Infrastructure,MOV,0.03333333333333333
2026-05-29,AI Infrastructure,HWBK,0.03333333333333333
2026-05-29,AI Infrastructure,HRZN,0.03333333333333333
2026-05-29,AI Infrastructure,OFLX,0.03333333333333333
2026-05-29,AI Infrastructure,OXM,0.03333333333333333
2026-05-29,AI Infrastructure,CLMB,0.03333333333333333
2026-05-29,AI Infrastructure,HZO,0.03333333333333333
2026-05-29,AI Infrastructure,RELL,0.03333333333333333
2026-05-29,AI Infrastructure,WSBF,0.03333333333333333
2026-05-29,AI Infrastructure,CZNC,0.03333333333333333
2026-05-29,AI Infrastructure,KIDS,0.03333333333333333
2026-05-29,AI Infrastructure,HBB,0.03333333333333333
2026-05-29,AI Infrastructure,CARS,0.03333333333333333
2026-05-29,AI Infrastructure,MSBI,0.03333333333333333
2026-05-29,AI Infrastructure,KE,0.03333333333333333
2026-05-29,AI Infrastructure,NVEC,0.03333333333333333
2026-05-29,AI Infrastructure,OBT,0.03333333333333333
2026-05-29,AI Infrastructure,SB,0.03333333333333333
2026-05-29,AI Infrastructure,FLGT,0.03333333333333333
2026-05-29,AI Infrastructure,NTWK,0.03333333333333333
2026-05-29,AI Infrastructure,LEGH,0.03333333333333333
2026-05-29,AI Infrastructure,FMNB,0.03333333333333333
2026-05-29,AI Infrastructure,PFIS,0.03333333333333333
2026-05-29,AI Infrastructure,QUIK,0.03333333333333333
2026-05-29,AI Infrastructure,HQI,0.03333333333333333
2026-05-29,Agribusiness,LOAN,0.03333333333333333
2026-05-29,Agribusiness,TRC,0.03333333333333333
2026-05-29,Agribusiness,FPI,0.03333333333333333
2026-05-29,Agribusiness,JOUT,0.03333333333333333
2026-05-29,Agribusiness,AVBH,0.03333333333333333
2026-05-29,Agribusiness,NOA,0.03333333333333333
2026-05-29,Agribusiness,GHI,0.03333333333333333
2026-05-29,Agribusiness,AIV,0.03333333333333333
2026-05-29,Agribusiness,VREX,0.03333333333333333
2026-05-29,Agribusiness,USNA,0.03333333333333333
2026-05-29,Agribusiness,HRZN,0.03333333333333333
2026-05-29,Agribusiness,ALOT,0.03333333333333333
2026-05-29,Agribusiness,CVEO,0.03333333333333333
2026-05-29,Agribusiness,ICCC,0.03333333333333333
2026-05-29,Agribusiness,ACNT,0.03333333333333333
2026-05-29,Agribusiness,LND,0.03333333333333333
2026-05-29,Agribusiness,WNEB,0.03333333333333333
2026-05-29,Agribusiness,ANIK,0.03333333333333333
2026-05-29,Agribusiness,PKE,0.03333333333333333
2026-05-29,Agribusiness,TWI,0.03333333333333333
2026-05-29,Agribusiness,MTUS,0.03333333333333333
2026-05-29,Agribusiness,MDWD,0.03333333333333333
2026-05-29,Agribusiness,FPH,0.03333333333333333
2026-05-29,Agribusiness,LYTS,0.03333333333333333
2026-05-29,Agribusiness,FTEK,0.03333333333333333
2026-05-29,Agribusiness,ASLE,0.03333333333333333
2026-05-29,Agribusiness,NNDM,0.03333333333333333
2026-05-29,Agribusiness,OFLX,0.03333333333333333
2026-05-29,Agribusiness,TITN,0.03333333333333333
2026-05-29,Agribusiness,HY,0.03333333333333333
2026-05-29,Clean Energy,GBLI,0.03333333333333333
2026-05-29,Clean Energy,JRSH,0.03333333333333333
2026-05-29,Clean Energy,CHSCO,0.03333333333333333
2026-05-29,Clean Energy,CHSCN,0.03333333333333333
2026-05-29,Clean Energy,CGBD,0.03333333333333333
2026-05-29,Clean Energy,CHSCL,0.03333333333333333
2026-05-29,Clean Energy,CAPL,0.03333333333333333
2026-05-29,Clean Energy,CHSCM,0.03333333333333333
2026-05-29,Clean Energy,LOAN,0.03333333333333333
2026-05-29,Clean Energy,TRC,0.03333333333333333
2026-05-29,Clean Energy,BBDC,0.03333333333333333
2026-05-29,Clean Energy,GPJA,0.03333333333333333
2026-05-29,Clean Energy,DSX,0.03333333333333333
2026-05-29,Clean Energy,HRZN,0.03333333333333333
2026-05-29,Clean Energy,GAIN,0.03333333333333333
2026-05-29,Clean Energy,PFLT,0.03333333333333333
2026-05-29,Clean Energy,DLNG,0.03333333333333333
2026-05-29,Clean Energy,KE,0.03333333333333333
2026-05-29,Clean Energy,GHI,0.03333333333333333
2026-05-29,Clean Energy,EARN,0.03333333333333333
2026-05-29,Clean Energy,KRO,0.03333333333333333
2026-05-29,Clean Energy,NTWK,0.03333333333333333
2026-05-29,Clean Energy,UTMD,0.03333333333333333
2026-05-29,Clean Energy,JOUT,0.03333333333333333
2026-05-29,Clean Energy,FPI,0.03333333333333333
2026-05-29,Clean Energy,LAND,0.03333333333333333
2026-05-29,Clean Energy,CVEO,0.03333333333333333
2026-05-29,Clean Energy,LND,0.03333333333333333
2026-05-29,Clean Energy,RMAX,0.03333333333333333
2026-05-29,Clean Energy,FUSB,0.03333333333333333
2026-05-29,Critical Minerals,SB,0.03333333333333333
2026-05-29,Critical Minerals,PANL,0.03333333333333333
2026-05-29,Critical Minerals,DSX,0.03333333333333333
2026-05-29,Critical Minerals,NOA,0.03333333333333333
2026-05-29,Critical Minerals,MTUS,0.03333333333333333
2026-05-29,Critical Minerals,TWI,0.03333333333333333
2026-05-29,Critical Minerals,KE,0.03333333333333333
2026-05-29,Critical Minerals,DLNG,0.03333333333333333
2026-05-29,Critical Minerals,LOAN,0.03333333333333333
2026-05-29,Critical Minerals,MHNC,0.03333333333333333
2026-05-29,Critical Minerals,VHI,0.03333333333333333
2026-05-29,Critical Minerals,ONCY,0.03333333333333333
2026-05-29,Critical Minerals,EDRY,0.03333333333333333
2026-05-29,Critical Minerals,GLBS,0.03333333333333333
2026-05-29,Critical Minerals,FTEK,0.03333333333333333
2026-05-29,Critical Minerals,NNDM,0.03333333333333333
2026-05-29,Critical Minerals,MHLA,0.03333333333333333
2026-05-29,Critical Minerals,KRO,0.03333333333333333
2026-05-29,Critical Minerals,GBLI,0.03333333333333333
2026-05-29,Critical Minerals,LYTS,0.03333333333333333
2026-05-29,Critical Minerals,MATV,0.03333333333333333
2026-05-29,Critical Minerals,NAVI,0.03333333333333333
2026-05-29,Critical Minerals,HDSN,0.03333333333333333
2026-05-29,Critical Minerals,GSM,0.03333333333333333
2026-05-29,Critical Minerals,CGBD,0.03333333333333333
2026-05-29,Critical Minerals,AVBH,0.03333333333333333
2026-05-29,Critical Minerals,STRT,0.03333333333333333
2026-05-29,Critical Minerals,DQ,0.03333333333333333
2026-05-29,Critical Minerals,SMHI,0.03333333333333333
2026-05-29,Critical Minerals,MNOV,0.03333333333333333
2026-05-29,Cybersecurity,TRC,0.03333333333333333
2026-05-29,Cybersecurity,EBF,0.03333333333333333
2026-05-29,Cybersecurity,FRPH,0.03333333333333333
2026-05-29,Cybersecurity,NPK,0.03333333333333333
2026-05-29,Cybersecurity,UTMD,0.03333333333333333
2026-05-29,Cybersecurity,FNRN,0.03333333333333333
2026-05-29,Cybersecurity,NATH,0.03333333333333333
2026-05-29,Cybersecurity,BPRN,0.03333333333333333
2026-05-29,Cybersecurity,NODK,0.03333333333333333
2026-05-29,Cybersecurity,VLGEA,0.03333333333333333
2026-05-29,Cybersecurity,MNSB,0.03333333333333333
2026-05-29,Cybersecurity,BFS,0.03333333333333333
2026-05-29,Cybersecurity,GLRE,0.03333333333333333
2026-05-29,Cybersecurity,PCB,0.03333333333333333
2026-05-29,Cybersecurity,BRT,0.03333333333333333
2026-05-29,Cybersecurity,PCYO,0.03333333333333333
2026-05-29,Cybersecurity,FRAF,0.03333333333333333
2026-05-29,Cybersecurity,GLAD,0.03333333333333333
2026-05-29,Cybersecurity,ESCA,0.03333333333333333
2026-05-29,Cybersecurity,CCBG,0.03333333333333333
2026-05-29,Cybersecurity,CAPL,0.03333333333333333
2026-05-29,Cybersecurity,BCML,0.03333333333333333
2026-05-29,Cybersecurity,RGCO,0.03333333333333333
2026-05-29,Cybersecurity,NECB,0.03333333333333333
2026-05-29,Cybersecurity,CBNK,0.03333333333333333
2026-05-29,Cybersecurity,ELME,0.03333333333333333
2026-05-29,Cybersecurity,TPVG,0.03333333333333333
2026-05-29,Cybersecurity,LOCO,0.03333333333333333
2026-05-29,Cybersecurity,BWFG,0.03333333333333333
2026-05-29,Cybersecurity,PEBK,0.03333333333333333
2026-05-29,Defense,ETD,0.03333333333333333
2026-05-29,Defense,EBF,0.03333333333333333
2026-05-29,Defense,NPK,0.03333333333333333
2026-05-29,Defense,CNNE,0.03333333333333333
2026-05-29,Defense,GBLI,0.03333333333333333
2026-05-29,Defense,HVT,0.03333333333333333
2026-05-29,Defense,BRT,0.03333333333333333
2026-05-29,Defense,PNNT,0.03333333333333333
2026-05-29,Defense,APOG,0.03333333333333333
2026-05-29,Defense,MCFT,0.03333333333333333
2026-05-29,Defense,NECB,0.03333333333333333
2026-05-29,Defense,DJCO,0.03333333333333333
2026-05-29,Defense,DLNG,0.03333333333333333
2026-05-29,Defense,GHI,0.03333333333333333
2026-05-29,Defense,RGCO,0.03333333333333333
2026-05-29,Defense,KWY,0.03333333333333333
2026-05-29,Defense,BH,0.03333333333333333
2026-05-29,Defense,GWRS,0.03333333333333333
2026-05-29,Defense,CLMB,0.03333333333333333
2026-05-29,Defense,NTWK,0.03333333333333333
2026-05-29,Defense,DIN,0.03333333333333333
2026-05-29,Defense,BBSI,0.03333333333333333
2026-05-29,Defense,FUSB,0.03333333333333333
2026-05-29,Defense,DLHC,0.03333333333333333
2026-05-29,Defense,MITK,0.03333333333333333
2026-05-29,Defense,CWCO,0.03333333333333333
2026-05-29,Defense,ONIT,0.03333333333333333
2026-05-29,Defense,INSE,0.03333333333333333
2026-05-29,Defense,EIG,0.03333333333333333
2026-05-29,Defense,SHOE,0.03333333333333333
2026-05-29,Fintech,EFSI,0.03333333333333333
2026-05-29,Fintech,LOAN,0.03333333333333333
2026-05-29,Fintech,UTMD,0.03333333333333333
2026-05-29,Fintech,GPJA,0.03333333333333333
2026-05-29,Fintech,PBHC,0.03333333333333333
2026-05-29,Fintech,SITC,0.03333333333333333
2026-05-29,Fintech,PCYO,0.03333333333333333
2026-05-29,Fintech,CNNE,0.03333333333333333
2026-05-29,Fintech,ELME,0.03333333333333333
2026-05-29,Fintech,CSV,0.03333333333333333
2026-05-29,Fintech,GLAD,0.03333333333333333
2026-05-29,Fintech,DJCO,0.03333333333333333
2026-05-29,Fintech,FPI,0.03333333333333333
2026-05-29,Fintech,MCS,0.03333333333333333
2026-05-29,Fintech,OPBK,0.03333333333333333
2026-05-29,Fintech,GRVY,0.03333333333333333
2026-05-29,Fintech,JRSH,0.03333333333333333
2026-05-29,Fintech,PNNT,0.03333333333333333
2026-05-29,Fintech,TPVG,0.03333333333333333
2026-05-29,Fintech,SSYS,0.03333333333333333
2026-05-29,Fintech,RM,0.03333333333333333
2026-05-29,Fintech,IIIV,0.03333333333333333
2026-05-29,Fintech,ALOT,0.03333333333333333
2026-05-29,Fintech,CBNK,0.03333333333333333
2026-05-29,Fintech,RC,0.03333333333333333
2026-05-29,Fintech,NAVI,0.03333333333333333
2026-05-29,Fintech,GHI,0.03333333333333333
2026-05-29,Fintech,CLMB,0.03333333333333333
2026-05-29,Fintech,DLNG,0.03333333333333333
2026-05-29,Fintech,FNWB,0.03333333333333333
2026-05-29,Robotics & AI,CHSCM,0.03333333333333333
2026-05-29,Robotics & AI,JOUT,0.03333333333333333
2026-05-29,Robotics & AI,CHSCN,0.03333333333333333
2026-05-29,Robotics & AI,CHSCO,0.03333333333333333
2026-05-29,Robotics & AI,LSBK,0.03333333333333333
2026-05-29,Robotics & AI,PFX,0.03333333333333333
2026-05-29,Robotics & AI,UTMD,0.03333333333333333
2026-05-29,Robotics & AI,BCIC,0.03333333333333333
2026-05-29,Robotics & AI,JRSH,0.03333333333333333
2026-05-29,Robotics & AI,LOAN,0.03333333333333333
2026-05-29,Robotics & AI,MHNC,0.03333333333333333
2026-05-29,Robotics & AI,CLMB,0.03333333333333333
2026-05-29,Robotics & AI,ATLO,0.03333333333333333
2026-05-29,Robotics & AI,MNSB,0.03333333333333333
2026-05-29,Robotics & AI,CWBC,0.03333333333333333
2026-05-29,Robotics & AI,IIIN,0.03333333333333333
2026-05-29,Robotics & AI,HRZN,0.03333333333333333
2026-05-29,Robotics & AI,OFLX,0.03333333333333333
2026-05-29,Robotics & AI,SB,0.03333333333333333
2026-05-29,Robotics & AI,ACCO,0.03333333333333333
2026-05-29,Robotics & AI,CZWI,0.03333333333333333
2026-05-29,Robotics & AI,DLNG,0.03333333333333333
2026-05-29,Robotics & AI,GRVY,0.03333333333333333
2026-05-29,Robotics & AI,USNA,0.03333333333333333
2026-05-29,Robotics & AI,FUSB,0.03333333333333333
2026-05-29,Robotics & AI,VREX,0.03333333333333333
2026-05-29,Robotics & AI,NKSH,0.03333333333333333
2026-05-29,Robotics & AI,MOV,0.03333333333333333
2026-05-29,Robotics & AI,TWI,0.03333333333333333
2026-05-29,Robotics & AI,NECB,0.03333333333333333
2026-05-29,Timber & Forestry,CHSCM,0.03333333333333333
2026-05-29,Timber & Forestry,CHSCO,0.03333333333333333
2026-05-29,Timber & Forestry,JRSH,0.03333333333333333
2026-05-29,Timber & Forestry,EFSI,0.03333333333333333
2026-05-29,Timber & Forestry,UTMD,0.03333333333333333
2026-05-29,Timber & Forestry,JOUT,0.03333333333333333
2026-05-29,Timber & Forestry,LOAN,0.03333333333333333
2026-05-29,Timber & Forestry,BCIC,0.03333333333333333
2026-05-29,Timber & Forestry,GAIN,0.03333333333333333
2026-05-29,Timber & Forestry,AVBH,0.03333333333333333
2026-05-29,Timber & Forestry,RBKB,0.03333333333333333
2026-05-29,Timber & Forestry,ATLO,0.03333333333333333
2026-05-29,Timber & Forestry,CGBD,0.03333333333333333
2026-05-29,Timber & Forestry,CWBC,0.03333333333333333
2026-05-29,Timber & Forestry,IIIN,0.03333333333333333
2026-05-29,Timber & Forestry,DLNG,0.03333333333333333
2026-05-29,Timber & Forestry,ACCO,0.03333333333333333
2026-05-29,Timber & Forestry,CAPL,0.03333333333333333
2026-05-29,Timber & Forestry,APOG,0.03333333333333333
2026-05-29,Timber & Forestry,CSV,0.03333333333333333
2026-05-29,Timber & Forestry,PBHC,0.03333333333333333
2026-05-29,Timber & Forestry,ALOT,0.03333333333333333
2026-05-29,Timber & Forestry,CZWI,0.03333333333333333
2026-05-29,Timber & Forestry,NAVI,0.03333333333333333
2026-05-29,Timber & Forestry,NOA,0.03333333333333333
2026-05-29,Timber & Forestry,HRZN,0.03333333333333333
2026-05-29,Timber & Forestry,FUSB,0.03333333333333333
2026-05-29,Timber & Forestry,GHI,0.03333333333333333
2026-05-29,Timber & Forestry,NECB,0.03333333333333333
2026-05-29,Timber & Forestry,OFLX,0.03333333333333333
2026-05-29,US Infrastructure,EBF,0.03333333333333333
2026-05-29,US Infrastructure,APOG,0.03333333333333333
2026-05-29,US Infrastructure,RBKB,0.03333333333333333
2026-05-29,US Infrastructure,CNNE,0.03333333333333333
2026-05-29,US Infrastructure,PCYO,0.03333333333333333
2026-05-29,US Infrastructure,IIIN,0.03333333333333333
2026-05-29,US Infrastructure,NPK,0.03333333333333333
2026-05-29,US Infrastructure,BOTJ,0.03333333333333333
2026-05-29,US Infrastructure,ETD,0.03333333333333333
2026-05-29,US Infrastructure,BSVN,0.03333333333333333
2026-05-29,US Infrastructure,ALOT,0.03333333333333333
2026-05-29,US Infrastructure,GWRS,0.03333333333333333
2026-05-29,US Infrastructure,LEGH,0.03333333333333333
2026-05-29,US Infrastructure,PKE,0.03333333333333333
2026-05-29,US Infrastructure,CWCO,0.03333333333333333
2026-05-29,US Infrastructure,AMSF,0.03333333333333333
2026-05-29,US Infrastructure,UNTY,0.03333333333333333
2026-05-29,US Infrastructure,BH,0.03333333333333333
2026-05-29,US Infrastructure,MVBF,0.03333333333333333
2026-05-29,US Infrastructure,ICCC,0.03333333333333333
2026-05-29,US Infrastructure,FCBC,0.03333333333333333
2026-05-29,US Infrastructure,SWBI,0.03333333333333333
2026-05-29,US Infrastructure,CRNT,0.03333333333333333
2026-05-29,US Infrastructure,OFLX,0.03333333333333333
2026-05-29,US Infrastructure,NX,0.03333333333333333
2026-05-29,US Infrastructure,FLXS,0.03333333333333333
2026-05-29,US Infrastructure,WNC,0.03333333333333333
2026-05-29,US Infrastructure,HY,0.03333333333333333
2026-05-29,US Infrastructure,KRO,0.03333333333333333
2026-05-29,US Infrastructure,LYTS,0.03333333333333333
2026-05-29,Water,CHSCM,0.03333333333333333
2026-05-29,Water,EBF,0.03333333333333333
2026-05-29,Water,PFX,0.03333333333333333
2026-05-29,Water,GLRE,0.03333333333333333
2026-05-29,Water,LEGH,0.03333333333333333
2026-05-29,Water,ETD,0.03333333333333333
2026-05-29,Water,RBKB,0.03333333333333333
2026-05-29,Water,CNNE,0.03333333333333333
2026-05-29,Water,CWCO,0.03333333333333333
2026-05-29,Water,ITIC,0.03333333333333333
2026-05-29,Water,IIIN,0.03333333333333333
2026-05-29,Water,APOG,0.03333333333333333
2026-05-29,Water,GWRS,0.03333333333333333
2026-05-29,Water,TIPT,0.03333333333333333
2026-05-29,Water,XRN,0.03333333333333333
2026-05-29,Water,MCFT,0.03333333333333333
2026-05-29,Water,MNRO,0.03333333333333333
2026-05-29,Water,BH,0.03333333333333333
2026-05-29,Water,MITK,0.03333333333333333
2026-05-29,Water,ARTNA,0.03333333333333333
2026-05-29,Water,UTL,0.03333333333333333
2026-05-29,Water,AGNT,0.03333333333333333
2026-05-29,Water,WNC,0.03333333333333333
2026-05-29,Water,PKOH,0.03333333333333333
2026-05-29,Water,OFLX,0.03333333333333333
2026-05-29,Water,MLAB,0.03333333333333333
2026-05-29,Water,NX,0.03333333333333333
2026-05-29,Water,GNE,0.03333333333333333
2026-05-29,Water,MDXG,0.03333333333333333
2026-05-29,Water,HY,0.03333333333333333
2026-06-26,AI Infrastructure,MOV,0.03333333333333333
2026-06-26,AI Infrastructure,FNRN,0.03333333333333333
2026-06-26,AI Infrastructure,MCFT,0.03333333333333333
2026-06-26,AI Infrastructure,CHSCM,0.03333333333333333
2026-06-26,AI Infrastructure,BCIC,0.03333333333333333
2026-06-26,AI Infrastructure,JOUT,0.03333333333333333
2026-06-26,AI Infrastructure,HWBK,0.03333333333333333
2026-06-26,AI Infrastructure,OXM,0.03333333333333333
2026-06-26,AI Infrastructure,ACCO,0.03333333333333333
2026-06-26,AI Infrastructure,WGO,0.03333333333333333
2026-06-26,AI Infrastructure,CARS,0.03333333333333333
2026-06-26,AI Infrastructure,HZO,0.03333333333333333
2026-06-26,AI Infrastructure,MNSB,0.03333333333333333
2026-06-26,AI Infrastructure,OFLX,0.03333333333333333
2026-06-26,AI Infrastructure,CHMG,0.03333333333333333
2026-06-26,AI Infrastructure,ESCA,0.03333333333333333
2026-06-26,AI Infrastructure,HBB,0.03333333333333333
2026-06-26,AI Infrastructure,MITK,0.03333333333333333
2026-06-26,AI Infrastructure,SHOE,0.03333333333333333
2026-06-26,AI Infrastructure,TSBK,0.03333333333333333
2026-06-26,AI Infrastructure,ZUMZ,0.03333333333333333
2026-06-26,AI Infrastructure,INN,0.03333333333333333
2026-06-26,AI Infrastructure,MNRO,0.03333333333333333
2026-06-26,AI Infrastructure,MSBI,0.03333333333333333
2026-06-26,AI Infrastructure,NVEC,0.03333333333333333
2026-06-26,AI Infrastructure,OBT,0.03333333333333333
2026-06-26,AI Infrastructure,KIDS,0.03333333333333333
2026-06-26,AI Infrastructure,SB,0.03333333333333333
2026-06-26,AI Infrastructure,RELL,0.03333333333333333
2026-06-26,AI Infrastructure,LEGH,0.03333333333333333
2026-06-26,Agribusiness,LOAN,0.03333333333333333
2026-06-26,Agribusiness,PFX,0.03333333333333333
2026-06-26,Agribusiness,JRSH,0.03333333333333333
2026-06-26,Agribusiness,AVBH,0.03333333333333333
2026-06-26,Agribusiness,BOC,0.03333333333333333
2026-06-26,Agribusiness,JOUT,0.03333333333333333
2026-06-26,Agribusiness,FPI,0.03333333333333333
2026-06-26,Agribusiness,RBKB,0.03333333333333333
2026-06-26,Agribusiness,BBDC,0.03333333333333333
2026-06-26,Agribusiness,AIV,0.03333333333333333
2026-06-26,Agribusiness,CGBD,0.03333333333333333
2026-06-26,Agribusiness,GHI,0.03333333333333333
2026-06-26,Agribusiness,PBHC,0.03333333333333333
2026-06-26,Agribusiness,USNA,0.03333333333333333
2026-06-26,Agribusiness,LND,0.03333333333333333
2026-06-26,Agribusiness,HRZN,0.03333333333333333
2026-06-26,Agribusiness,TWI,0.03333333333333333
2026-06-26,Agribusiness,DLHC,0.03333333333333333
2026-06-26,Agribusiness,CVEO,0.03333333333333333
2026-06-26,Agribusiness,OFLX,0.03333333333333333
2026-06-26,Agribusiness,ACNT,0.03333333333333333
2026-06-26,Agribusiness,PKE,0.03333333333333333
2026-06-26,Agribusiness,MTUS,0.03333333333333333
2026-06-26,Agribusiness,KVHI,0.03333333333333333
2026-06-26,Agribusiness,FPH,0.03333333333333333
2026-06-26,Agribusiness,LYTS,0.03333333333333333
2026-06-26,Agribusiness,OXM,0.03333333333333333
2026-06-26,Agribusiness,WNEB,0.03333333333333333
2026-06-26,Agribusiness,NNDM,0.03333333333333333
2026-06-26,Agribusiness,TITN,0.03333333333333333
2026-06-26,Clean Energy,GBLI,0.03333333333333333
2026-06-26,Clean Energy,ELME,0.03333333333333333
2026-06-26,Clean Energy,TRC,0.03333333333333333
2026-06-26,Clean Energy,KE,0.03333333333333333
2026-06-26,Clean Energy,AIV,0.03333333333333333
2026-06-26,Clean Energy,CAPL,0.03333333333333333
2026-06-26,Clean Energy,LND,0.03333333333333333
2026-06-26,Clean Energy,LAND,0.03333333333333333
2026-06-26,Clean Energy,KRO,0.03333333333333333
2026-06-26,Clean Energy,LOAN,0.03333333333333333
2026-06-26,Clean Energy,CGBD,0.03333333333333333
2026-06-26,Clean Energy,GPJA,0.03333333333333333
2026-06-26,Clean Energy,SILC,0.03333333333333333
2026-06-26,Clean Energy,CHSCO,0.03333333333333333
2026-06-26,Clean Energy,KVHI,0.03333333333333333
2026-06-26,Clean Energy,CVEO,0.03333333333333333
2026-06-26,Clean Energy,DLNG,0.03333333333333333
2026-06-26,Clean Energy,GHI,0.03333333333333333
2026-06-26,Clean Energy,RMAX,0.03333333333333333
2026-06-26,Clean Energy,RELL,0.03333333333333333
2026-06-26,Clean Energy,JOUT,0.03333333333333333
2026-06-26,Clean Energy,SCHL,0.03333333333333333
2026-06-26,Clean Energy,CHSCN,0.03333333333333333
2026-06-26,Clean Energy,JRSH,0.03333333333333333
2026-06-26,Clean Energy,FPI,0.03333333333333333
2026-06-26,Clean Energy,CHSCL,0.03333333333333333
2026-06-26,Clean Energy,GAIN,0.03333333333333333
2026-06-26,Clean Energy,EARN,0.03333333333333333
2026-06-26,Clean Energy,SWBI,0.03333333333333333
2026-06-26,Clean Energy,BBDC,0.03333333333333333
2026-06-26,Critical Minerals,GSM,0.03333333333333333
2026-06-26,Critical Minerals,KRO,0.03333333333333333
2026-06-26,Critical Minerals,GOOS,0.03333333333333333
2026-06-26,Critical Minerals,LND,0.03333333333333333
2026-06-26,Critical Minerals,ONCY,0.03333333333333333
2026-06-26,Critical Minerals,LOAN,0.03333333333333333
2026-06-26,Critical Minerals,NNDM,0.03333333333333333
2026-06-26,Critical Minerals,KE,0.03333333333333333
2026-06-26,Critical Minerals,MTUS,0.03333333333333333
2026-06-26,Critical Minerals,ELME,0.03333333333333333
2026-06-26,Critical Minerals,LYTS,0.03333333333333333
2026-06-26,Critical Minerals,GHI,0.03333333333333333
2026-06-26,Critical Minerals,MATV,0.03333333333333333
2026-06-26,Critical Minerals,VHI,0.03333333333333333
2026-06-26,Critical Minerals,CPSH,0.03333333333333333
2026-06-26,Critical Minerals,GBLI,0.03333333333333333
2026-06-26,Critical Minerals,FPH,0.03333333333333333
2026-06-26,Critical Minerals,DLNG,0.03333333333333333
2026-06-26,Critical Minerals,TROX,0.03333333333333333
2026-06-26,Critical Minerals,DQ,0.03333333333333333
2026-06-26,Critical Minerals,GRVY,0.03333333333333333
2026-06-26,Critical Minerals,OEC,0.03333333333333333
2026-06-26,Critical Minerals,CRESY,0.03333333333333333
2026-06-26,Critical Minerals,ACCO,0.03333333333333333
2026-06-26,Critical Minerals,CHSCO,0.03333333333333333
2026-06-26,Critical Minerals,NAVI,0.03333333333333333
2026-06-26,Critical Minerals,MNOV,0.03333333333333333
2026-06-26,Critical Minerals,ONIT,0.03333333333333333
2026-06-26,Critical Minerals,AP,0.03333333333333333
2026-06-26,Critical Minerals,CSV,0.03333333333333333
2026-06-26,Cybersecurity,CHSCO,0.03333333333333333
2026-06-26,Cybersecurity,TRC,0.03333333333333333
2026-06-26,Cybersecurity,EBF,0.03333333333333333
2026-06-26,Cybersecurity,FRPH,0.03333333333333333
2026-06-26,Cybersecurity,BFS,0.03333333333333333
2026-06-26,Cybersecurity,FNRN,0.03333333333333333
2026-06-26,Cybersecurity,CAPL,0.03333333333333333
2026-06-26,Cybersecurity,MNSB,0.03333333333333333
2026-06-26,Cybersecurity,CPHC,0.03333333333333333
2026-06-26,Cybersecurity,BOC,0.03333333333333333
2026-06-26,Cybersecurity,NECB,0.03333333333333333
2026-06-26,Cybersecurity,NPK,0.03333333333333333
2026-06-26,Cybersecurity,GLRE,0.03333333333333333
2026-06-26,Cybersecurity,VLGEA,0.03333333333333333
2026-06-26,Cybersecurity,PCB,0.03333333333333333
2026-06-26,Cybersecurity,BPRN,0.03333333333333333
2026-06-26,Cybersecurity,PEBK,0.03333333333333333
2026-06-26,Cybersecurity,BCML,0.03333333333333333
2026-06-26,Cybersecurity,NODK,0.03333333333333333
2026-06-26,Cybersecurity,ESCA,0.03333333333333333
2026-06-26,Cybersecurity,RMAX,0.03333333333333333
2026-06-26,Cybersecurity,ALRS,0.03333333333333333
2026-06-26,Cybersecurity,RGCO,0.03333333333333333
2026-06-26,Cybersecurity,OVLY,0.03333333333333333
2026-06-26,Cybersecurity,GSBC,0.03333333333333333
2026-06-26,Cybersecurity,WSBF,0.03333333333333333
2026-06-26,Cybersecurity,MHNC,0.03333333333333333
2026-06-26,Cybersecurity,ACRE,0.03333333333333333
2026-06-26,Cybersecurity,BWFG,0.03333333333333333
2026-06-26,Cybersecurity,ACNB,0.03333333333333333
2026-06-26,Defense,EBF,0.03333333333333333
2026-06-26,Defense,ETD,0.03333333333333333
2026-06-26,Defense,NECB,0.03333333333333333
2026-06-26,Defense,NPK,0.03333333333333333
2026-06-26,Defense,HVT,0.03333333333333333
2026-06-26,Defense,NKSH,0.03333333333333333
2026-06-26,Defense,ISBA,0.03333333333333333
2026-06-26,Defense,RGCO,0.03333333333333333
2026-06-26,Defense,KWY,0.03333333333333333
2026-06-26,Defense,DLNG,0.03333333333333333
2026-06-26,Defense,DJCO,0.03333333333333333
2026-06-26,Defense,PNNT,0.03333333333333333
2026-06-26,Defense,APOG,0.03333333333333333
2026-06-26,Defense,GWRS,0.03333333333333333
2026-06-26,Defense,ONIT,0.03333333333333333
2026-06-26,Defense,CWCO,0.03333333333333333
2026-06-26,Defense,EGAN,0.03333333333333333
2026-06-26,Defense,KE,0.03333333333333333
2026-06-26,Defense,SWBI,0.03333333333333333
2026-06-26,Defense,BBSI,0.03333333333333333
2026-06-26,Defense,HRZN,0.03333333333333333
2026-06-26,Defense,POCI,0.03333333333333333
2026-06-26,Defense,DLHC,0.03333333333333333
2026-06-26,Defense,SCHL,0.03333333333333333
2026-06-26,Defense,TRAK,0.03333333333333333
2026-06-26,Defense,GNE,0.03333333333333333
2026-06-26,Defense,LYTS,0.03333333333333333
2026-06-26,Defense,NTWK,0.03333333333333333
2026-06-26,Defense,INSE,0.03333333333333333
2026-06-26,Defense,SHOE,0.03333333333333333
2026-06-26,Fintech,CHSCO,0.03333333333333333
2026-06-26,Fintech,CNNE,0.03333333333333333
2026-06-26,Fintech,LOAN,0.03333333333333333
2026-06-26,Fintech,PBHC,0.03333333333333333
2026-06-26,Fintech,BOC,0.03333333333333333
2026-06-26,Fintech,SITC,0.03333333333333333
2026-06-26,Fintech,GPJA,0.03333333333333333
2026-06-26,Fintech,CCBG,0.03333333333333333
2026-06-26,Fintech,CSV,0.03333333333333333
2026-06-26,Fintech,DJCO,0.03333333333333333
2026-06-26,Fintech,OPBK,0.03333333333333333
2026-06-26,Fintech,NAVI,0.03333333333333333
2026-06-26,Fintech,ELME,0.03333333333333333
2026-06-26,Fintech,III,0.03333333333333333
2026-06-26,Fintech,ACCO,0.03333333333333333
2026-06-26,Fintech,AIV,0.03333333333333333
2026-06-26,Fintech,RC,0.03333333333333333
2026-06-26,Fintech,FPI,0.03333333333333333
2026-06-26,Fintech,RM,0.03333333333333333
2026-06-26,Fintech,DSWL,0.03333333333333333
2026-06-26,Fintech,IIIV,0.03333333333333333
2026-06-26,Fintech,DLNG,0.03333333333333333
2026-06-26,Fintech,CBNK,0.03333333333333333
2026-06-26,Fintech,GHI,0.03333333333333333
2026-06-26,Fintech,FNWB,0.03333333333333333
2026-06-26,Fintech,BBSI,0.03333333333333333
2026-06-26,Fintech,UNTY,0.03333333333333333
2026-06-26,Fintech,PKE,0.03333333333333333
2026-06-26,Fintech,AUDC,0.03333333333333333
2026-06-26,Fintech,UFI,0.03333333333333333
2026-06-26,Robotics & AI,CHSCM,0.03333333333333333
2026-06-26,Robotics & AI,JOUT,0.03333333333333333
2026-06-26,Robotics & AI,CHSCN,0.03333333333333333
2026-06-26,Robotics & AI,CHSCO,0.03333333333333333
2026-06-26,Robotics & AI,LSBK,0.03333333333333333
2026-06-26,Robotics & AI,CHSCL,0.03333333333333333
2026-06-26,Robotics & AI,BCIC,0.03333333333333333
2026-06-26,Robotics & AI,FNRN,0.03333333333333333
2026-06-26,Robotics & AI,JRSH,0.03333333333333333
2026-06-26,Robotics & AI,PFX,0.03333333333333333
2026-06-26,Robotics & AI,GPJA,0.03333333333333333
2026-06-26,Robotics & AI,LOAN,0.03333333333333333
2026-06-26,Robotics & AI,MHNC,0.03333333333333333
2026-06-26,Robotics & AI,SITC,0.03333333333333333
2026-06-26,Robotics & AI,GBLI,0.03333333333333333
2026-06-26,Robotics & AI,MHLA,0.03333333333333333
2026-06-26,Robotics & AI,PBHC,0.03333333333333333
2026-06-26,Robotics & AI,HRZN,0.03333333333333333
2026-06-26,Robotics & AI,OFLX,0.03333333333333333
2026-06-26,Robotics & AI,CAPL,0.03333333333333333
2026-06-26,Robotics & AI,ACCO,0.03333333333333333
2026-06-26,Robotics & AI,GRVY,0.03333333333333333
2026-06-26,Robotics & AI,IIIN,0.03333333333333333
2026-06-26,Robotics & AI,FUSB,0.03333333333333333
2026-06-26,Robotics & AI,ELME,0.03333333333333333
2026-06-26,Robotics & AI,MNSB,0.03333333333333333
2026-06-26,Robotics & AI,EARN,0.03333333333333333
2026-06-26,Robotics & AI,DLNG,0.03333333333333333
2026-06-26,Robotics & AI,CWBC,0.03333333333333333
2026-06-26,Robotics & AI,LEGH,0.03333333333333333
2026-06-26,Timber & Forestry,CHSCO,0.03333333333333333
2026-06-26,Timber & Forestry,TRC,0.03333333333333333
2026-06-26,Timber & Forestry,LOAN,0.03333333333333333
2026-06-26,Timber & Forestry,MHNC,0.03333333333333333
2026-06-26,Timber & Forestry,JOUT,0.03333333333333333
2026-06-26,Timber & Forestry,CAPL,0.03333333333333333
2026-06-26,Timber & Forestry,ACCO,0.03333333333333333
2026-06-26,Timber & Forestry,CSV,0.03333333333333333
2026-06-26,Timber & Forestry,RBKB,0.03333333333333333
2026-06-26,Timber & Forestry,ELME,0.03333333333333333
2026-06-26,Timber & Forestry,AVBH,0.03333333333333333
2026-06-26,Timber & Forestry,GHI,0.03333333333333333
2026-06-26,Timber & Forestry,DLNG,0.03333333333333333
2026-06-26,Timber & Forestry,NAVI,0.03333333333333333
2026-06-26,Timber & Forestry,LYTS,0.03333333333333333
2026-06-26,Timber & Forestry,APOG,0.03333333333333333
2026-06-26,Timber & Forestry,MTUS,0.03333333333333333
2026-06-26,Timber & Forestry,ESCA,0.03333333333333333
2026-06-26,Timber & Forestry,OFLX,0.03333333333333333
2026-06-26,Timber & Forestry,MITK,0.03333333333333333
2026-06-26,Timber & Forestry,PKOH,0.03333333333333333
2026-06-26,Timber & Forestry,TIPT,0.03333333333333333
2026-06-26,Timber & Forestry,CVEO,0.03333333333333333
2026-06-26,Timber & Forestry,TWI,0.03333333333333333
2026-06-26,Timber & Forestry,NNDM,0.03333333333333333
2026-06-26,Timber & Forestry,SWBI,0.03333333333333333
2026-06-26,Timber & Forestry,KRO,0.03333333333333333
2026-06-26,Timber & Forestry,ITIC,0.03333333333333333
2026-06-26,Timber & Forestry,FPH,0.03333333333333333
2026-06-26,Timber & Forestry,NX,0.03333333333333333
2026-06-26,US Infrastructure,CHSCM,0.03333333333333333
2026-06-26,US Infrastructure,CHSCN,0.03333333333333333
2026-06-26,US Infrastructure,CNNE,0.03333333333333333
2026-06-26,US Infrastructure,JRSH,0.03333333333333333
2026-06-26,US Infrastructure,SITC,0.03333333333333333
2026-06-26,US Infrastructure,ETD,0.03333333333333333
2026-06-26,US Infrastructure,APOG,0.03333333333333333
2026-06-26,US Infrastructure,BOC,0.03333333333333333
2026-06-26,US Infrastructure,PCYO,0.03333333333333333
2026-06-26,US Infrastructure,RBKB,0.03333333333333333
2026-06-26,US Infrastructure,BSVN,0.03333333333333333
2026-06-26,US Infrastructure,CMTV,0.03333333333333333
2026-06-26,US Infrastructure,BOTJ,0.03333333333333333
2026-06-26,US Infrastructure,MHLA,0.03333333333333333
2026-06-26,US Infrastructure,GBLI,0.03333333333333333
2026-06-26,US Infrastructure,NPK,0.03333333333333333
2026-06-26,US Infrastructure,BRT,0.03333333333333333
2026-06-26,US Infrastructure,ASRV,0.03333333333333333
2026-06-26,US Infrastructure,IIIN,0.03333333333333333
2026-06-26,US Infrastructure,OPBK,0.03333333333333333
2026-06-26,US Infrastructure,JOUT,0.03333333333333333
2026-06-26,US Infrastructure,FUSB,0.03333333333333333
2026-06-26,US Infrastructure,PKE,0.03333333333333333
2026-06-26,US Infrastructure,GWRS,0.03333333333333333
2026-06-26,US Infrastructure,AMSF,0.03333333333333333
2026-06-26,US Infrastructure,EIG,0.03333333333333333
2026-06-26,US Infrastructure,ITIC,0.03333333333333333
2026-06-26,US Infrastructure,OFLX,0.03333333333333333
2026-06-26,US Infrastructure,UNTY,0.03333333333333333
2026-06-26,US Infrastructure,FRST,0.03333333333333333
2026-06-26,Water,FRPH,0.03333333333333333
2026-06-26,Water,EBF,0.03333333333333333
2026-06-26,Water,PFX,0.03333333333333333
2026-06-26,Water,PCYO,0.03333333333333333
2026-06-26,Water,GLRE,0.03333333333333333
2026-06-26,Water,BOC,0.03333333333333333
2026-06-26,Water,ETD,0.03333333333333333
2026-06-26,Water,LEGH,0.03333333333333333
2026-06-26,Water,CNNE,0.03333333333333333
2026-06-26,Water,NECB,0.03333333333333333
2026-06-26,Water,JOUT,0.03333333333333333
2026-06-26,Water,GWRS,0.03333333333333333
2026-06-26,Water,TIPT,0.03333333333333333
2026-06-26,Water,CWCO,0.03333333333333333
2026-06-26,Water,RBKB,0.03333333333333333
2026-06-26,Water,APOG,0.03333333333333333
2026-06-26,Water,IIIN,0.03333333333333333
2026-06-26,Water,ITIC,0.03333333333333333
2026-06-26,Water,XRN,0.03333333333333333
2026-06-26,Water,UTL,0.03333333333333333
2026-06-26,Water,OFLX,0.03333333333333333
2026-06-26,Water,ARTNA,0.03333333333333333
2026-06-26,Water,MNRO,0.03333333333333333
2026-06-26,Water,MITK,0.03333333333333333
2026-06-26,Water,BH,0.03333333333333333
2026-06-26,Water,MDXG,0.03333333333333333
2026-06-26,Water,GNE,0.03333333333333333
2026-06-26,Water,PKOH,0.03333333333333333
2026-06-26,Water,ARL,0.03333333333333333
2026-06-26,Water,AGNT,0.03333333333333333
