rebalance_date,theme_1,theme_2,median_relative_distance,minimum_relative_distance,maximum_cosine,median_cosine
2021-12-31,Robotics & AI,AI Infrastructure,1.5134244215514114,1.1614281151622872,0.32373120675342754,0.08407413077083045
2021-12-31,Robotics & AI,Clean Energy,1.2834192772623183,0.8875543742941565,0.46968813242493485,0.13775214615430897
2021-12-31,Robotics & AI,Cybersecurity,1.3847031753917856,1.336290840124588,0.23312401995844156,0.13077786587378365
2021-12-31,Robotics & AI,Defense,1.4612450277219613,1.2047192098719866,0.07012640485182907,0.015759651301603783
2021-12-31,Robotics & AI,Fintech,1.3676428095868818,1.2393897824166888,0.1671778953044653,0.0
2021-12-31,Robotics & AI,US Infrastructure,1.3342770602343563,0.8945906416451669,0.5646440462478182,0.15372505372129325
2021-12-31,Robotics & AI,Agribusiness,1.0809384598047225,0.8481892763284827,0.5242392472620705,0.3828602608736501
2021-12-31,Robotics & AI,Critical Minerals,1.204696819366038,0.7863152884215298,0.5645464135762377,0.3071119301182838
2021-12-31,Robotics & AI,Water,1.2312694770790646,0.8135741924411578,0.6303225196288396,0.341190793831471
2021-12-31,Robotics & AI,Timber & Forestry,0.8034517399331486,0.6873560971576695,0.717274508565197,0.6635282446021122
2021-12-31,AI Infrastructure,Clean Energy,1.3145914400629493,1.0511259637383994,0.28261146374363944,0.10375188618964044
2021-12-31,AI Infrastructure,Cybersecurity,1.2864257898552849,0.6855347857640988,0.8136902610294632,0.11139055064591556
2021-12-31,AI Infrastructure,Defense,1.2690317896102483,1.0262112839976907,0.3508853297633018,-0.14920632973706588
2021-12-31,AI Infrastructure,Fintech,1.2795488393384284,0.953783567871262,0.62938991081843,0.07739598767687562
2021-12-31,AI Infrastructure,US Infrastructure,1.4820595746597078,1.2455664666777984,0.16624621593736885,0.06638723983245819
2021-12-31,AI Infrastructure,Agribusiness,1.4785550008493293,1.0654093697928413,0.3890152635615862,0.0
2021-12-31,AI Infrastructure,Critical Minerals,1.3192705762122716,1.0560052982489183,0.24525403747739588,0.1461643698066682
2021-12-31,AI Infrastructure,Water,1.4374049315028554,1.2322364642048291,0.35419743411219745,0.1177620016296965
2021-12-31,AI Infrastructure,Timber & Forestry,1.2827451902536586,1.1894837621639909,0.22748670957884623,0.16297427579681945
2021-12-31,Clean Energy,Cybersecurity,1.3672985373746698,1.246439786136858,-0.08698906839549585,-0.11810347867247631
2021-12-31,Clean Energy,Defense,1.0206993662903816,0.9084060683411541,0.27476877902465174,0.1666338730903272
2021-12-31,Clean Energy,Fintech,1.4084613641942294,1.2222214241678324,0.35566297166686306,0.09367671023181488
2021-12-31,Clean Energy,US Infrastructure,1.0511623870602467,0.8812737966000778,0.4389939591825405,0.31953864955528616
2021-12-31,Clean Energy,Agribusiness,1.5354197199888058,1.257186011897347,0.15782631133972583,-0.014014056953051994
2021-12-31,Clean Energy,Critical Minerals,1.3271053415070397,0.7426252968760833,0.7696885105766337,0.3308183728626087
2021-12-31,Clean Energy,Water,1.2189968195242318,1.0335488796834043,0.6639874749284335,0.5133934987979679
2021-12-31,Clean Energy,Timber & Forestry,1.2848305833098441,1.0745956349034107,0.16625645732285935,0.10616894008905256
2021-12-31,Cybersecurity,Defense,1.119130931537795,1.0849333322906725,0.44705772591055803,0.4371992211487362
2021-12-31,Cybersecurity,Fintech,1.1043713239743538,1.0571730302934215,0.5959443134226708,0.5094520001953736
2021-12-31,Cybersecurity,US Infrastructure,1.4649726477945453,1.4370777474055918,-0.0714308394405415,-0.14582039017217766
2021-12-31,Cybersecurity,Agribusiness,1.2301216853453731,1.1489606252975495,0.3879115860171994,0.06622583990080476
2021-12-31,Cybersecurity,Critical Minerals,1.3767318457149114,1.3440723020062588,0.12259372155905984,-0.1803068827710034
2021-12-31,Cybersecurity,Water,1.4697701465341662,1.4261892561077427,0.0,-0.22424469979213496
2021-12-31,Cybersecurity,Timber & Forestry,1.4028183188510057,1.3981922181123967,0.09250809633287851,0.0721594625295922
2021-12-31,Defense,Fintech,1.1016275415755632,0.7875013474549462,0.5486033564255266,0.2915479238444924
2021-12-31,Defense,US Infrastructure,1.1338032056866156,0.9490183094229242,0.14502492435159547,0.10014658956501493
2021-12-31,Defense,Agribusiness,1.521204280765862,1.3132169076913258,0.28990079294539495,0.0
2021-12-31,Defense,Critical Minerals,1.621848151525069,1.1912703344996964,0.0,-0.15382750374628623
2021-12-31,Defense,Water,1.4273955820088846,1.279176600221767,0.0,-0.09529119413462639
2021-12-31,Defense,Timber & Forestry,1.4749391661046063,1.4177100027153031,-0.1071098330077061,-0.130076108382125
2021-12-31,Fintech,US Infrastructure,1.44250018240763,1.1709506591169279,0.10088816974543045,-0.0796187640485295
2021-12-31,Fintech,Agribusiness,1.3956154425384824,1.2514022623065648,0.2941785629693694,-0.07671204388382619
2021-12-31,Fintech,Critical Minerals,1.701610615776024,1.390002066192099,0.3202417523392198,0.05428720406671445
2021-12-31,Fintech,Water,1.5311775366324278,1.1896847518114126,0.1825097871414277,-0.18614490481297977
2021-12-31,Fintech,Timber & Forestry,1.5241845281164796,1.3680169612406312,0.17235521556608185,0.09620884364649157
2021-12-31,US Infrastructure,Agribusiness,1.046117245390721,0.7842741877189396,0.5765970258926711,0.46674481846590765
2021-12-31,US Infrastructure,Critical Minerals,1.247085386177905,0.7773535425603902,0.5520130071681347,0.3125121683504578
2021-12-31,US Infrastructure,Water,0.7934644091340415,0.6693309610948485,0.6874072850409739,0.6066801245295416
2021-12-31,US Infrastructure,Timber & Forestry,1.1098858828789566,0.9260397267025056,0.47736882706109374,0.4122085460311784
2021-12-31,Agribusiness,Critical Minerals,1.4177457638074233,1.0016964423787889,0.7644139066962845,0.3659534396815333
2021-12-31,Agribusiness,Water,1.1084928553893825,0.6122555392267824,0.7580915793736311,0.2725682136946141
2021-12-31,Agribusiness,Timber & Forestry,0.6218070097364743,0.516358944072437,0.8138906834474391,0.7412224535329711
2021-12-31,Critical Minerals,Water,1.443529638542341,0.8566468721681414,0.7544411422900377,0.5321349228943159
2021-12-31,Critical Minerals,Timber & Forestry,0.8997624917867015,0.8617385972451567,0.6649955868579385,0.5819714998008287
2021-12-31,Water,Timber & Forestry,1.0989836665860073,0.770263786216264,0.6160499652873723,0.4107068399844763
2022-01-28,Robotics & AI,AI Infrastructure,1.3859530672492195,1.010020370904889,0.4247416672538123,0.0871458983753717
2022-01-28,Robotics & AI,Clean Energy,1.2508819443180217,1.0533763825474503,0.2649330314538071,0.08011924634879182
2022-01-28,Robotics & AI,Cybersecurity,1.3834680448398418,1.322928986008836,0.25532502032491583,0.14120622663585794
2022-01-28,Robotics & AI,Defense,1.6828182531927438,1.2724810359967769,0.35242605496185136,0.1339194722836844
2022-01-28,Robotics & AI,Fintech,1.5269417166090111,1.325467056097253,-0.00015374939148224967,-0.14083395380605307
2022-01-28,Robotics & AI,US Infrastructure,1.322651248754036,0.8649480437512032,0.5053893351488346,0.15581854587582405
2022-01-28,Robotics & AI,Agribusiness,0.9061980968273509,0.6519838038105882,0.6574304949661325,0.5139024418960618
2022-01-28,Robotics & AI,Critical Minerals,1.1600890631680516,0.7741365172709902,0.6031112964438234,0.4122302450350513
2022-01-28,Robotics & AI,Water,1.1959708216541463,0.8471340591685141,0.58811542394455,0.30007945211860654
2022-01-28,Robotics & AI,Timber & Forestry,0.7977057628099118,0.6621100055455631,0.6950445558890709,0.6495008187359498
2022-01-28,AI Infrastructure,Clean Energy,1.2388707844980449,0.9784921050106848,0.4302769540475995,0.18991921378604995
2022-01-28,AI Infrastructure,Cybersecurity,1.3639377761712748,0.6860789793481764,0.7886563297535005,0.008407939469262035
2022-01-28,AI Infrastructure,Defense,1.3845234798485069,0.9971751922508363,0.25845493643068623,0.0
2022-01-28,AI Infrastructure,Fintech,1.301943653254355,0.718191452044785,0.7197229786251068,0.20521570424846539
2022-01-28,AI Infrastructure,US Infrastructure,1.4568185689927464,1.3611011940800783,0.1501946503121129,-0.11889691072928171
2022-01-28,AI Infrastructure,Agribusiness,1.4492953860283946,1.061354420896003,0.3783662015924681,-0.08264128757770588
2022-01-28,AI Infrastructure,Critical Minerals,1.4586726901091667,0.9406447223504507,0.3940153061357272,-0.0051009805552201925
2022-01-28,AI Infrastructure,Water,1.2837435768603485,1.1829521805671406,0.3163553609129936,0.12941282918042987
2022-01-28,AI Infrastructure,Timber & Forestry,1.3445220694501339,1.3127418815598315,0.27571402472920925,0.13130637632160552
2022-01-28,Clean Energy,Cybersecurity,1.4261839035956851,1.2334768287865698,-0.12934016427037826,-0.2859563766965453
2022-01-28,Clean Energy,Defense,1.084058857509223,0.8675854720870645,0.289935606523208,-0.06556060005043358
2022-01-28,Clean Energy,Fintech,1.3569501249634526,1.21349085098735,0.4124566167265474,0.09463884246005545
2022-01-28,Clean Energy,US Infrastructure,0.9771612761125446,0.8753849275134449,0.43625192397476176,0.29550299008510833
2022-01-28,Clean Energy,Agribusiness,1.4989839280450692,1.219407268909653,0.15592525259212167,0.044742482140224304
2022-01-28,Clean Energy,Critical Minerals,1.5027559924894358,0.808452289613103,0.739208702522062,0.25793461402157264
2022-01-28,Clean Energy,Water,1.1680856941636797,0.9907295323746449,0.6153985380375326,0.5498194691982653
2022-01-28,Clean Energy,Timber & Forestry,1.1273084039186965,0.9797094792153505,0.05206286157301624,-0.14020005458404403
2022-01-28,Cybersecurity,Defense,1.3883783293563745,1.1576103332817875,0.4663261844093693,0.44441850064311184
2022-01-28,Cybersecurity,Fintech,1.2123679289227745,0.9922944293980351,0.5376989705610976,0.47535363281727017
2022-01-28,Cybersecurity,US Infrastructure,1.5095537482940389,1.4202629603203623,-0.08344152018591346,-0.19635874462478276
2022-01-28,Cybersecurity,Agribusiness,1.2574463354931051,1.146500646706174,0.38562318661606704,0.0
2022-01-28,Cybersecurity,Critical Minerals,1.5061511027375207,1.3599261840315455,-0.11792816626414912,-0.3866763474616637
2022-01-28,Cybersecurity,Water,1.4084334090014774,1.393637653817268,0.0,-0.06415323591874095
2022-01-28,Cybersecurity,Timber & Forestry,1.3883392390603582,1.3821905944618549,0.19889660287764577,0.09792697082464027
2022-01-28,Defense,Fintech,1.230745063968498,0.8264135346695239,0.4845648834304347,0.14995806704703848
2022-01-28,Defense,US Infrastructure,1.2414813471513109,0.928985999868546,0.32551450990553465,0.24909690647332705
2022-01-28,Defense,Agribusiness,1.792795271070921,1.3125598303010106,0.2534173106367008,0.0996918108895302
2022-01-28,Defense,Critical Minerals,1.7849446728264546,1.163529092469994,0.05481219376695904,-0.17645946338464466
2022-01-28,Defense,Water,1.574172186072222,1.2334011533916065,0.15225038056815102,0.10515603937016386
2022-01-28,Defense,Timber & Forestry,1.5696626185046527,1.1235346318995372,0.4013445703453281,0.059884736847701084
2022-01-28,Fintech,US Infrastructure,1.4791225162070851,1.358293285875849,-0.09549611962276865,-0.31037569473606713
2022-01-28,Fintech,Agribusiness,1.609028572089218,1.2580846568585504,0.11413901413461572,-0.2509641565658616
2022-01-28,Fintech,Critical Minerals,1.8945436272609568,1.3739019602862674,0.17956071702098336,-0.23934595865256916
2022-01-28,Fintech,Water,1.5459464016584834,1.2479920163538925,0.11188036780554475,-0.165707030227211
2022-01-28,Fintech,Timber & Forestry,1.479486274657606,1.2238738081512126,0.00041198951660627764,-0.1522001546959611
2022-01-28,US Infrastructure,Agribusiness,1.1766023125572804,0.8427199545408298,0.4896668417024375,0.37919219988810504
2022-01-28,US Infrastructure,Critical Minerals,1.3239973022933067,0.8846682934525394,0.40240012601531494,0.2973238258116626
2022-01-28,US Infrastructure,Water,0.8694125401487837,0.7653236421835697,0.5957552764425589,0.5461147615160776
2022-01-28,US Infrastructure,Timber & Forestry,1.0904811529707077,0.8892782628711078,0.4134450671706317,0.25006521845289714
2022-01-28,Agribusiness,Critical Minerals,1.4275623032366271,0.8440037145702459,0.8437086238542109,0.6354939199295734
2022-01-28,Agribusiness,Water,1.0512567928010785,0.6487810226288742,0.7138115405099654,0.34577817210318307
2022-01-28,Agribusiness,Timber & Forestry,0.7071637609461703,0.6159709795628245,0.8141472358034003,0.6892881728234852
2022-01-28,Critical Minerals,Water,1.4739668520021667,0.8397669901238299,0.6967390592655052,0.4447148406805224
2022-01-28,Critical Minerals,Timber & Forestry,1.031778313309698,0.7355953467941877,0.7564036186610571,0.5092250582194667
2022-01-28,Water,Timber & Forestry,0.9830525124830388,0.7539023066031003,0.5006954765959466,0.37495496269883
2022-02-25,Robotics & AI,AI Infrastructure,1.4341708580259693,1.010754267839182,0.45547813092922784,0.13902011973434097
2022-02-25,Robotics & AI,Clean Energy,1.2337619979281433,0.9961386020278219,0.25507627160629986,0.19257812682259184
2022-02-25,Robotics & AI,Cybersecurity,1.425764475094169,1.3956422486721327,0.12952340626392736,0.02276634265581484
2022-02-25,Robotics & AI,Defense,1.416701269111567,1.1701279085987994,0.21296534135599623,0.023774609037310025
2022-02-25,Robotics & AI,Fintech,1.3216433495003603,1.180351515364197,0.17773283909547336,0.05765910591517561
2022-02-25,Robotics & AI,US Infrastructure,1.2707250414130293,0.9516653935343018,0.4122410439457917,0.251497317416079
2022-02-25,Robotics & AI,Agribusiness,1.1141413432575764,0.7156493505332833,0.6222157294821361,0.29743485392637153
2022-02-25,Robotics & AI,Critical Minerals,1.3342945206704566,0.7494954257751061,0.5730352051838088,0.2538426322375298
2022-02-25,Robotics & AI,Water,1.2271680698163,0.8392158084323911,0.5897593084415731,0.2865008304035146
2022-02-25,Robotics & AI,Timber & Forestry,0.7737978963926212,0.49886869036977893,0.8228258408912084,0.5922310448800991
2022-02-25,AI Infrastructure,Clean Energy,1.267327044736754,0.9958349445157498,0.2465211412404635,0.20557450662682042
2022-02-25,AI Infrastructure,Cybersecurity,1.4276125982276566,0.7191634914515608,0.7555413864033292,-0.06374052967866528
2022-02-25,AI Infrastructure,Defense,1.227797163178684,1.0694154370199984,0.29110945909317226,0.0
2022-02-25,AI Infrastructure,Fintech,1.3460683175719612,0.7954819952727364,0.8082952595122553,0.0791325029041468
2022-02-25,AI Infrastructure,US Infrastructure,1.4952490612844487,1.3298717505427695,0.16168769612671738,-0.10655543347588713
2022-02-25,AI Infrastructure,Agribusiness,1.4871893526745843,1.0544582407460947,0.4024781620028746,0.0
2022-02-25,AI Infrastructure,Critical Minerals,1.4232653172524539,0.8130115391142989,0.579987618734065,0.01941758993757867
2022-02-25,AI Infrastructure,Water,1.4500701215404743,1.1234325146103645,0.3748269324082364,0.07693076363899945
2022-02-25,AI Infrastructure,Timber & Forestry,1.4883616415828151,1.1987514097958496,0.1832940203564091,0.09026814895152203
2022-02-25,Clean Energy,Cybersecurity,1.515633117088517,1.3345760699338742,-0.32038962184036934,-0.36875835355265196
2022-02-25,Clean Energy,Defense,1.0714675995123661,0.9481180228599162,0.16919415955330158,0.019565425709511423
2022-02-25,Clean Energy,Fintech,1.325713357172529,1.1612107157905704,0.0,-0.14132691717162474
2022-02-25,Clean Energy,US Infrastructure,0.9939324060167986,0.8872621357756529,0.4240364569381012,0.3199479862010155
2022-02-25,Clean Energy,Agribusiness,1.457451131687535,1.1413020876171993,0.2861964451260666,0.18370751555892026
2022-02-25,Clean Energy,Critical Minerals,1.3227917297824867,0.7181311795548504,0.6597658039905847,0.3492912508411007
2022-02-25,Clean Energy,Water,1.233444293222669,0.9956736470097196,0.6060430548971825,0.5171275278157107
2022-02-25,Clean Energy,Timber & Forestry,1.1577411636185786,0.9276672767450537,0.07465558010729302,-0.005400517430862907
2022-02-25,Cybersecurity,Defense,1.2637215492611156,1.1463801445653936,0.3880927011869801,0.3238741656754009
2022-02-25,Cybersecurity,Fintech,1.2103115354189116,1.08754195884131,0.6378199738469182,0.5889372152514192
2022-02-25,Cybersecurity,US Infrastructure,1.5391548612760995,1.4621782263174048,-0.19098225916108238,-0.25158224116497924
2022-02-25,Cybersecurity,Agribusiness,1.2586641769292255,1.172381100108675,0.24731220445795643,0.02875725058588159
2022-02-25,Cybersecurity,Critical Minerals,1.4684125436922697,1.2949756269307,-0.0340505701871512,-0.2572490048908087
2022-02-25,Cybersecurity,Water,1.4131793855641064,1.3089945220174843,0.0,-0.06666817266300296
2022-02-25,Cybersecurity,Timber & Forestry,1.3961570301794597,1.354558787011326,0.1396020815988463,0.061366952164141425
2022-02-25,Defense,Fintech,0.9967714199771567,0.6690181274705382,0.5777855086152122,0.34426690037091656
2022-02-25,Defense,US Infrastructure,1.125036262203062,0.887052199699574,0.3134690247686394,0.23701306603820302
2022-02-25,Defense,Agribusiness,1.6063878200929498,1.3491660450218073,0.07551341861765687,0.0
2022-02-25,Defense,Critical Minerals,1.734601243390331,1.305392018224475,-0.10677710546358955,-0.19644209272572258
2022-02-25,Defense,Water,1.4286523029439262,1.2162899672264473,0.14947850729113094,0.0921583776313092
2022-02-25,Defense,Timber & Forestry,1.4715086508716293,1.2316165794450737,0.1416397250805591,-0.03796319550617029
2022-02-25,Fintech,US Infrastructure,1.5336952832688204,1.3498345515553278,-0.10840751408301448,-0.2712518920841672
2022-02-25,Fintech,Agribusiness,1.673109143683854,1.226131792077488,0.13924081859294973,-0.058106818629398545
2022-02-25,Fintech,Critical Minerals,1.7431878698519405,1.2628472115656266,0.21089998896025436,-0.014630633762511423
2022-02-25,Fintech,Water,1.5743576161960655,1.2724052285636793,0.010709760307881466,-0.20377829046691073
2022-02-25,Fintech,Timber & Forestry,1.4240884289209117,1.3322958880907994,0.1522949962567526,0.03781330804957218
2022-02-25,US Infrastructure,Agribusiness,1.0428859547998228,0.7578619826140397,0.6043098211434331,0.4544926508690348
2022-02-25,US Infrastructure,Critical Minerals,1.2620373093726667,0.8679336636561849,0.43639540607234817,0.32569625087674997
2022-02-25,US Infrastructure,Water,0.8286964962976614,0.7454259329861389,0.7101945441749786,0.5657768621800667
2022-02-25,US Infrastructure,Timber & Forestry,1.117803385949553,0.9579870666190505,0.39715722075254783,0.28027002263162687
2022-02-25,Agribusiness,Critical Minerals,1.329636248196772,0.8010360708495302,0.8520757629447596,0.5907699804791414
2022-02-25,Agribusiness,Water,1.0743294137531503,0.5615083198359276,0.8009666261112239,0.36608121274414135
2022-02-25,Agribusiness,Timber & Forestry,0.6665603346918456,0.6072767600300931,0.7820842607313592,0.6399467189129097
2022-02-25,Critical Minerals,Water,1.483906844127241,0.8225568925804468,0.7181174575738595,0.3880298799988476
2022-02-25,Critical Minerals,Timber & Forestry,0.9936321208132749,0.6552862499726569,0.758979798031493,0.5466845636244955
2022-02-25,Water,Timber & Forestry,0.9774048097576181,0.7212010873894399,0.503324450813813,0.4397226751623312
2022-03-25,Robotics & AI,AI Infrastructure,1.4073669965080935,1.0706896939897381,0.3782677759784093,0.2912358311230492
2022-03-25,Robotics & AI,Clean Energy,1.2103796080048983,1.151655468110602,0.2527293257522104,0.2025959269414192
2022-03-25,Robotics & AI,Cybersecurity,1.437983013077844,1.3043957270184727,0.14817657106284546,0.01799951128257197
2022-03-25,Robotics & AI,Defense,1.3883660807584777,1.2396008626129584,0.00474453017287524,-0.10373363416658832
2022-03-25,Robotics & AI,Fintech,1.4302162805038132,1.3270611460073989,0.19686688692401288,0.05853543210579736
2022-03-25,Robotics & AI,US Infrastructure,1.2684309433102336,1.0343781206798102,0.4103261955883044,0.1908693036828266
2022-03-25,Robotics & AI,Agribusiness,0.9795916433844258,0.7928441951604523,0.5600720476342045,0.3501818632432092
2022-03-25,Robotics & AI,Critical Minerals,1.2098858652932882,0.754147822506254,0.5729592479985282,0.3577184122017408
2022-03-25,Robotics & AI,Water,1.1487794346631468,0.8275450554741245,0.6257200984083625,0.3106179831614582
2022-03-25,Robotics & AI,Timber & Forestry,0.740216865715528,0.43032132141441815,0.8444109138696354,0.6297839332250439
2022-03-25,AI Infrastructure,Clean Energy,1.3033890859072108,0.9869214644337984,0.2702450458228428,0.1800073787237682
2022-03-25,AI Infrastructure,Cybersecurity,1.1768535190248615,0.6731257137064569,0.8080621330741956,0.19759295247354847
2022-03-25,AI Infrastructure,Defense,1.153243731408138,0.935571105854668,0.4880061853390902,0.08992087055378559
2022-03-25,AI Infrastructure,Fintech,1.3284523933385801,0.7630251984474826,0.7667247733715491,0.11067388948425703
2022-03-25,AI Infrastructure,US Infrastructure,1.4821898966658997,1.371888226134039,0.13737939703617819,-0.09145275462233654
2022-03-25,AI Infrastructure,Agribusiness,1.4311455867342862,1.076652302802739,0.37365804003862674,0.11223343010925876
2022-03-25,AI Infrastructure,Critical Minerals,1.282731590365129,0.8658601848581603,0.4673987838097644,0.04804452392277101
2022-03-25,AI Infrastructure,Water,1.3869389925784756,1.2400341303289377,0.2966721377163884,0.09981357119079477
2022-03-25,AI Infrastructure,Timber & Forestry,1.3839057421308523,1.158975246273171,0.19105290946344955,0.15836459392979355
2022-03-25,Clean Energy,Cybersecurity,1.397460652149685,1.2878578775617304,-0.24457577473267963,-0.29553167117926493
2022-03-25,Clean Energy,Defense,1.2274217377576784,1.0970632095847501,-0.08055002343308221,-0.15611361544101723
2022-03-25,Clean Energy,Fintech,1.4022181426880853,1.3264374998600543,0.24623805560816617,-0.19060988580873858
2022-03-25,Clean Energy,US Infrastructure,1.1164642656903623,0.9593930606888983,0.4390536430109362,0.18229064027481534
2022-03-25,Clean Energy,Agribusiness,1.320867206032166,1.1773164818345907,0.5733976841949525,0.29704656957865716
2022-03-25,Clean Energy,Critical Minerals,1.1727764487848216,0.6948081939891657,0.7731818487042255,0.5296958774191494
2022-03-25,Clean Energy,Water,1.3568146330508393,1.2069077530524297,0.5407490637319732,0.3867056114850451
2022-03-25,Clean Energy,Timber & Forestry,1.2232966638206826,1.0186824311028468,0.06587738852223643,-0.021675457089715716
2022-03-25,Cybersecurity,Defense,1.136967397694437,0.9299850141420771,0.514067980815994,0.43077858536507774
2022-03-25,Cybersecurity,Fintech,1.2413631876806979,1.085652435514937,0.5208665497259327,0.44424665413143594
2022-03-25,Cybersecurity,US Infrastructure,1.3753533810849283,1.2091371906220951,0.07709672984606536,-0.037239874212727106
2022-03-25,Cybersecurity,Agribusiness,1.2329795315999348,1.2125191590406872,0.3296729018614743,0.09008232601691998
2022-03-25,Cybersecurity,Critical Minerals,1.3843588765158334,1.3331705895286439,0.1302601047689732,-0.3059237687424443
2022-03-25,Cybersecurity,Water,1.4816943807111773,1.4571390377197455,0.0,0.0
2022-03-25,Cybersecurity,Timber & Forestry,1.5201913010831964,1.4968360829591743,0.053149439816873076,0.0225852359948198
2022-03-25,Defense,Fintech,1.0038445143427481,0.7539010138173801,0.5007748748644988,0.3782386092243433
2022-03-25,Defense,US Infrastructure,1.0826189696041089,0.8734226055427677,0.38962799704566525,0.3247946834865832
2022-03-25,Defense,Agribusiness,1.4373156785813352,1.2476729062001946,0.11088870763178248,0.053560744146929636
2022-03-25,Defense,Critical Minerals,1.6009585467954208,1.2508645048936922,-0.05997207395533588,-0.14493362697904338
2022-03-25,Defense,Water,1.4269774327373927,1.3097571676077662,0.3074715049179993,0.18823922927015196
2022-03-25,Defense,Timber & Forestry,1.3129226618853045,1.198544617743924,0.13242678601295638,0.07111786973015571
2022-03-25,Fintech,US Infrastructure,1.4935764466592174,1.2471282470938476,0.036149509800102286,-0.22312657939340613
2022-03-25,Fintech,Agribusiness,1.5662138958816378,1.2936192441227172,0.15056841185454195,-0.11236091401259843
2022-03-25,Fintech,Critical Minerals,1.7286027305221756,1.3467805075033157,0.16161183300923315,-0.11114440792577233
2022-03-25,Fintech,Water,1.5460419790819528,1.2526606532399556,0.1182971859279476,0.0
2022-03-25,Fintech,Timber & Forestry,1.486995898546978,1.295974845111097,0.1909439614099458,0.09805800896347913
2022-03-25,US Infrastructure,Agribusiness,0.9531513791946377,0.6716828483168161,0.73138613042194,0.4387205735246684
2022-03-25,US Infrastructure,Critical Minerals,1.2087226997368283,0.7983755509327831,0.5143397426809503,0.28487272644999395
2022-03-25,US Infrastructure,Water,0.854613486278799,0.8199895513038178,0.6792745779299751,0.5723708530090832
2022-03-25,US Infrastructure,Timber & Forestry,1.0649588867996729,0.8981088385778886,0.3954260249003052,0.32440576677702365
2022-03-25,Agribusiness,Critical Minerals,1.3883278958056051,0.7770332597557025,0.8268121303211556,0.4517758044512075
2022-03-25,Agribusiness,Water,0.8256647524897786,0.6042962168316532,0.8121656657817389,0.6419505766373036
2022-03-25,Agribusiness,Timber & Forestry,0.8027280379835924,0.6244337681188004,0.4578604534870026,0.3956785360771581
2022-03-25,Critical Minerals,Water,1.4616613423567537,0.8346104183571815,0.7475192679123611,0.4051848841630154
2022-03-25,Critical Minerals,Timber & Forestry,1.1150033974823395,0.656679826835973,0.47274169031455104,0.4255952759935869
2022-03-25,Water,Timber & Forestry,0.9323405996187587,0.7098445847132505,0.4979442558822353,0.4257891091073383
2022-04-29,Robotics & AI,AI Infrastructure,1.4023611887273748,1.047812742281058,0.4575660838994102,0.3103939672794942
2022-04-29,Robotics & AI,Clean Energy,1.1577067511998085,0.9996674806074776,0.21758516057880534,0.1886275472757939
2022-04-29,Robotics & AI,Cybersecurity,1.3755687066854732,1.3263933032069641,0.1468256705083896,0.07276676575635738
2022-04-29,Robotics & AI,Defense,1.4262738554052168,1.3069049090682887,-0.0054310779259366,-0.10113326769130489
2022-04-29,Robotics & AI,Fintech,1.538693789900715,1.2300177563399441,0.2087352525559962,-0.046995323511741224
2022-04-29,Robotics & AI,US Infrastructure,1.192013213201063,0.9599921972864167,0.46482462133255664,0.3214418321818633
2022-04-29,Robotics & AI,Agribusiness,1.1429129651547787,0.5935584973614897,0.7371094513260891,0.28108590048478865
2022-04-29,Robotics & AI,Critical Minerals,1.216548112967989,0.6210810044309416,0.7156086223008818,0.3967431051327789
2022-04-29,Robotics & AI,Water,1.2706084555082113,0.6785680467406232,0.7364566206928574,0.21367089471638614
2022-04-29,Robotics & AI,Timber & Forestry,0.7601765584461143,0.49343256997294027,0.8203328467829946,0.618055667350489
2022-04-29,AI Infrastructure,Clean Energy,1.2583254596708089,1.017409726859355,0.26065854548993445,0.23193397923543943
2022-04-29,AI Infrastructure,Cybersecurity,1.218012250681587,0.6708418011417021,0.8167015917246083,0.2153576970272627
2022-04-29,AI Infrastructure,Defense,1.1729466785127387,0.9592587908782538,0.41946715233382914,0.12691442322017102
2022-04-29,AI Infrastructure,Fintech,1.3359011147025446,0.8151495739175117,0.7464555292772782,0.1180707948689201
2022-04-29,AI Infrastructure,US Infrastructure,1.4028265503662831,1.3080318826468533,0.16269631105032656,0.0776877859351345
2022-04-29,AI Infrastructure,Agribusiness,1.3352594366074912,1.1676601564345572,0.24096009036721586,0.09217678572304962
2022-04-29,AI Infrastructure,Critical Minerals,1.3410496098583893,0.8748722288721569,0.47261914927227044,0.07656581278504919
2022-04-29,AI Infrastructure,Water,1.491226137435744,1.2659388250859045,0.20981579855776794,0.10735502299717584
2022-04-29,AI Infrastructure,Timber & Forestry,1.4554699442360897,1.2045383995296264,0.14793918022070754,-0.009088646311637052
2022-04-29,Clean Energy,Cybersecurity,1.3621554917269607,1.2589331325497373,-0.22362785936041552,-0.27272444095587445
2022-04-29,Clean Energy,Defense,1.2236065490594796,1.0735992275669781,-0.01741781861873901,-0.056295177919090486
2022-04-29,Clean Energy,Fintech,1.3376699432905803,1.1366280115222638,0.15712601987839783,-0.11042126259611798
2022-04-29,Clean Energy,US Infrastructure,0.9711061512721926,0.8011001244662166,0.4610924971769173,0.37421169350996725
2022-04-29,Clean Energy,Agribusiness,1.3396381108119755,1.104393679638805,0.5659751624148198,0.3936453583680859
2022-04-29,Clean Energy,Critical Minerals,1.1070094860191568,0.6774897865509569,0.7217023509454928,0.5515260511587606
2022-04-29,Clean Energy,Water,1.2367472458719075,1.1108936018289424,0.6614620245819564,0.5365660664255704
2022-04-29,Clean Energy,Timber & Forestry,1.1697057655897198,0.9507988505120515,-0.02432523118761126,-0.07145251263630165
2022-04-29,Cybersecurity,Defense,1.2778765448712472,1.1882735549948316,0.33436196727094647,0.28313632977012704
2022-04-29,Cybersecurity,Fintech,1.3837195765968215,1.1422929771881183,0.5854128067496374,0.37266506849237974
2022-04-29,Cybersecurity,US Infrastructure,1.3914956062379842,1.3018492509230115,0.12421831618299992,-0.02333069371857463
2022-04-29,Cybersecurity,Agribusiness,1.3019604382493604,1.1524463056339336,0.3563461153089439,-0.08396295368030621
2022-04-29,Cybersecurity,Critical Minerals,1.3717187049338104,1.3424146526847083,0.17322585691663325,-0.3107385115905146
2022-04-29,Cybersecurity,Water,1.465573898179438,1.436621913957891,0.0,0.0
2022-04-29,Cybersecurity,Timber & Forestry,1.5338011039579909,1.4697004327194307,0.0,-0.04841573177736631
2022-04-29,Defense,Fintech,0.9890324097070484,0.7531640303861954,0.4295252668344033,0.36680760727871586
2022-04-29,Defense,US Infrastructure,1.0530286396022148,0.8986225528913858,0.41696965256863056,0.32763263559276434
2022-04-29,Defense,Agribusiness,1.397310766334828,1.1612237903818245,0.2623954038663457,0.12864452301066182
2022-04-29,Defense,Critical Minerals,1.7167354244270603,1.2528818268074127,-0.07503295435717257,-0.2077367429236607
2022-04-29,Defense,Water,1.3380663026372324,1.153822242221941,0.2977278074785158,0.1700581348007772
2022-04-29,Defense,Timber & Forestry,1.4685138191214744,1.2131374025454777,0.07357072757228555,-0.07227754879610568
2022-04-29,Fintech,US Infrastructure,1.5166896017390392,1.176213552218469,0.20611888086733748,-0.18020057508895973
2022-04-29,Fintech,Agribusiness,1.5321861590551595,1.230449183069206,0.17843086427058605,-0.11766890854119955
2022-04-29,Fintech,Critical Minerals,1.6863125270153474,1.298558846448036,0.15434865645847015,-0.10661952735535542
2022-04-29,Fintech,Water,1.4911497294900558,1.4110137530595905,0.01532923330848458,-0.13961864128866064
2022-04-29,Fintech,Timber & Forestry,1.482532985111634,1.1917478603298401,0.1571765676838139,0.04575579665182439
2022-04-29,US Infrastructure,Agribusiness,0.8931751461792133,0.6611180940978175,0.7708279682489269,0.5467345491970769
2022-04-29,US Infrastructure,Critical Minerals,1.2442428987903498,0.7668303241261301,0.5575002329344895,0.44525073944802496
2022-04-29,US Infrastructure,Water,0.7808308776805984,0.5549168339104207,0.7714973707549769,0.6887701327981144
2022-04-29,US Infrastructure,Timber & Forestry,1.0962150853450399,0.8888175639928063,0.4836616118179509,0.31397323382797043
2022-04-29,Agribusiness,Critical Minerals,1.4324451887173089,0.7869689806706534,0.7502616789784713,0.4736786288168675
2022-04-29,Agribusiness,Water,0.9089306307680086,0.4770191847396671,0.8978831850469882,0.6158134960584186
2022-04-29,Agribusiness,Timber & Forestry,0.9208547956854728,0.6478181122495061,0.5004935098680893,0.4191352647183183
2022-04-29,Critical Minerals,Water,1.6300315585577094,0.8268044119811762,0.7511929173326676,0.27555323591806974
2022-04-29,Critical Minerals,Timber & Forestry,1.190033502680419,0.6517476147201143,0.43457488507120035,0.40014229326699113
2022-04-29,Water,Timber & Forestry,1.0800934353075669,0.7632260827423964,0.5151249429743177,0.2250671902683627
2022-05-27,Robotics & AI,AI Infrastructure,1.4434184437228064,1.1004306194728815,0.49183505630643626,0.35211570466854336
2022-05-27,Robotics & AI,Clean Energy,1.093069283051864,0.9072465159984359,0.48059152300968205,0.33639923397593274
2022-05-27,Robotics & AI,Cybersecurity,1.4534469339076994,1.418610420886192,0.0,-0.09368342057149992
2022-05-27,Robotics & AI,Defense,1.4012502350252807,1.1715548517929073,0.0,-0.11751753959679706
2022-05-27,Robotics & AI,Fintech,1.3572748764815477,1.1885378564766405,0.21147749964712506,0.0051214091632917486
2022-05-27,Robotics & AI,US Infrastructure,1.1967924658008249,1.1153812099628024,0.2828901560023015,0.18279813619487578
2022-05-27,Robotics & AI,Agribusiness,1.1984754273977962,1.0042098118937592,0.3745638678092991,0.18066523258225892
2022-05-27,Robotics & AI,Critical Minerals,1.418011408620387,0.6772675755801827,0.741701996405506,0.22636557660008186
2022-05-27,Robotics & AI,Water,1.1977929103626253,0.8907336975421908,0.6310159105511198,0.30727889848116163
2022-05-27,Robotics & AI,Timber & Forestry,0.8076329196638617,0.5054662832844912,0.6916671548029452,0.5672927273588978
2022-05-27,AI Infrastructure,Clean Energy,1.2914254210147265,0.9869752752006531,0.29329709710916424,0.19556995942151378
2022-05-27,AI Infrastructure,Cybersecurity,1.348846227059581,0.6706055982535477,0.8056078696559199,-0.12065476745052697
2022-05-27,AI Infrastructure,Defense,1.285467004212158,0.9707388348205852,0.4886872432079506,0.0
2022-05-27,AI Infrastructure,Fintech,1.2850557463029144,0.8586524638499345,0.6935338998555656,-0.016901681433752654
2022-05-27,AI Infrastructure,US Infrastructure,1.4897825502808095,1.3347278991577793,0.06721992317537681,-0.03265998074345027
2022-05-27,AI Infrastructure,Agribusiness,1.4609585453767506,1.275431960308938,0.28151926416661627,-0.09630715219332678
2022-05-27,AI Infrastructure,Critical Minerals,1.4071465858935923,0.8334458263171358,0.5478473688207097,0.0643442016844052
2022-05-27,AI Infrastructure,Water,1.5000953223494664,1.352097747299595,0.09076228203171813,0.005529931148176145
2022-05-27,AI Infrastructure,Timber & Forestry,1.4350401465999703,1.2221943843097889,0.15293178296742158,0.007336166454381911
2022-05-27,Clean Energy,Cybersecurity,1.4495593338878405,1.208447135423589,-0.09222805189956777,-0.2367224572734658
2022-05-27,Clean Energy,Defense,1.149106288532244,0.9780524003460067,0.1820261944703505,-0.05612635544234173
2022-05-27,Clean Energy,Fintech,1.4045804597210165,1.1871671416726681,0.22523356757545587,-0.12749234852667676
2022-05-27,Clean Energy,US Infrastructure,1.0393422001152857,0.8589678605150285,0.23380808416492446,0.19649689010554744
2022-05-27,Clean Energy,Agribusiness,1.496223830607199,1.1718516804078822,0.3642505979258376,0.010188771568376949
2022-05-27,Clean Energy,Critical Minerals,1.481365299650584,0.8646960308640258,0.6372817505768045,-0.11363753831479044
2022-05-27,Clean Energy,Water,1.1636196969137202,1.0091029078993732,0.6772422571224133,0.5531480885234015
2022-05-27,Clean Energy,Timber & Forestry,1.1476110327303952,0.9480033143700015,0.07383178778559772,0.00203077944657987
2022-05-27,Cybersecurity,Defense,1.3302983033266722,1.1373926284159679,0.5315513545877083,0.475385841907502
2022-05-27,Cybersecurity,Fintech,1.2958654830317489,1.129333824549858,0.5667784311589449,0.39337697523869253
2022-05-27,Cybersecurity,US Infrastructure,1.3436804622849337,1.2926453521925652,0.19321757291381725,0.13587384615150333
2022-05-27,Cybersecurity,Agribusiness,1.2349148254268105,1.117159165281357,0.6033821817634732,0.306169260492974
2022-05-27,Cybersecurity,Critical Minerals,1.4022199694536535,1.247828886210885,0.39594541512493064,0.24949929154165948
2022-05-27,Cybersecurity,Water,1.4759849129773546,1.4197576765938114,0.10980203029032694,0.004207547344395923
2022-05-27,Cybersecurity,Timber & Forestry,1.4468990329081628,1.345436250897408,0.15609418448015652,0.06783613250752885
2022-05-27,Defense,Fintech,0.9154659822778446,0.7204314880227943,0.6219400577017627,0.48098637932863286
2022-05-27,Defense,US Infrastructure,1.1105001311464684,0.894911517002385,0.2671461572850187,0.24997063593277735
2022-05-27,Defense,Agribusiness,1.5651367877972127,1.347386850773793,0.2131573358209323,0.13013547083825353
2022-05-27,Defense,Critical Minerals,1.9003905964319503,1.333862354556035,-0.026207242500443078,-0.15090874002446739
2022-05-27,Defense,Water,1.2881040801506438,1.0781451237978072,0.18680134672788312,0.0
2022-05-27,Defense,Timber & Forestry,1.4185707252675255,1.1842536297637065,0.16528740582815535,-0.015552256244513204
2022-05-27,Fintech,US Infrastructure,1.4350788383594997,1.341101372832192,0.09895156216126781,-0.15718893040012416
2022-05-27,Fintech,Agribusiness,1.6876014245987587,1.344522389634114,0.07935531486505511,-0.09272204169751579
2022-05-27,Fintech,Critical Minerals,1.9398773198451116,1.3976776483135704,0.0,-0.19543203110681864
2022-05-27,Fintech,Water,1.5928001266030942,1.237239379786898,0.232353917206838,-0.1555225128984662
2022-05-27,Fintech,Timber & Forestry,1.4945755142679638,1.2946347418855573,0.14877575211107846,0.09301603531568592
2022-05-27,US Infrastructure,Agribusiness,1.0890683316161947,0.7742436081114714,0.6396052818246247,0.42717187171077986
2022-05-27,US Infrastructure,Critical Minerals,1.3451456834796673,0.9693018737303889,0.351379804166025,0.2877858307941998
2022-05-27,US Infrastructure,Water,0.8686344816807967,0.6425534983539438,0.5643285046010906,0.5439757458462312
2022-05-27,US Infrastructure,Timber & Forestry,1.1746992594189347,1.040925285223327,0.38228689108154396,0.21965363476265487
2022-05-27,Agribusiness,Critical Minerals,1.4369734638837948,0.9916748726655995,0.8265840069808995,0.4695195692169941
2022-05-27,Agribusiness,Water,1.0367208497673837,0.8639891179661555,0.6553843682497044,0.33878249256785326
2022-05-27,Agribusiness,Timber & Forestry,1.0221497325665172,0.8878346450107296,0.49635025235403807,0.40995618228154984
2022-05-27,Critical Minerals,Water,1.6784245638718893,0.9259343885990587,0.6207514272390963,0.26729895088808914
2022-05-27,Critical Minerals,Timber & Forestry,1.2666185560907215,0.6290540912103191,0.4911837536129375,0.4519903292961021
2022-05-27,Water,Timber & Forestry,1.041757358853784,0.775630974460527,0.6123008997689855,0.27330760974512797
2022-06-24,Robotics & AI,AI Infrastructure,1.4906793621952468,1.0809328348413958,0.427530635692305,0.27605847422898117
2022-06-24,Robotics & AI,Clean Energy,1.165796354615895,1.099930674523571,0.1907123780808523,0.1320649959411691
2022-06-24,Robotics & AI,Cybersecurity,1.364197621367092,1.2969043512927712,0.1027720519929931,0.08683835456951093
2022-06-24,Robotics & AI,Defense,1.4150790578497479,1.3094047129961124,-0.10115726475141563,-0.1414302674104541
2022-06-24,Robotics & AI,Fintech,1.4136924435729137,1.2927782071232192,0.06991140173836771,0.0
2022-06-24,Robotics & AI,US Infrastructure,1.1473984021195023,0.8691419844644686,0.4794823566418076,0.3724733679175142
2022-06-24,Robotics & AI,Agribusiness,1.265306121213182,0.8603837580961948,0.3971153691463234,0.11153065402631639
2022-06-24,Robotics & AI,Critical Minerals,1.358819637360803,0.819744880974253,0.4847075951181859,0.27703369788350635
2022-06-24,Robotics & AI,Water,1.2119923335197231,0.9350844025899424,0.62604260626298,0.2565181669087651
2022-06-24,Robotics & AI,Timber & Forestry,0.728664427708337,0.4741297817712011,0.8348408204443796,0.5741843514761281
2022-06-24,AI Infrastructure,Clean Energy,1.3729592824493988,0.9737571620337684,0.38913294433439904,0.1889971114754978
2022-06-24,AI Infrastructure,Cybersecurity,1.172137595296505,0.6886578534472292,0.8028520725411884,0.1738207558209714
2022-06-24,AI Infrastructure,Defense,1.2204094763022375,1.0011873223566596,0.43248997335748485,0.0
2022-06-24,AI Infrastructure,Fintech,1.3503896976787468,0.8905707206859956,0.6764717748193798,-0.07941309735351611
2022-06-24,AI Infrastructure,US Infrastructure,1.3903889512091967,1.297620641223231,0.12203061549926277,0.06115496339141563
2022-06-24,AI Infrastructure,Agribusiness,1.4741349154023395,1.2540473420073854,0.3087543613652334,0.0
2022-06-24,AI Infrastructure,Critical Minerals,1.4943215353515613,0.9944297644009077,0.38843273293531916,0.0
2022-06-24,AI Infrastructure,Water,1.4478060404356692,1.3153395579793212,0.20887368067125792,0.08315728012149239
2022-06-24,AI Infrastructure,Timber & Forestry,1.5111366989717225,1.305482859790456,0.010638665518581126,-0.015616402256506201
2022-06-24,Clean Energy,Cybersecurity,1.412309792439375,1.1924773808221465,-0.045843118472851316,-0.1277442563613693
2022-06-24,Clean Energy,Defense,1.1996451987356789,1.115211492615068,0.18496646905688874,0.0
2022-06-24,Clean Energy,Fintech,1.3723063443862487,1.2267430151608885,0.25416316029418057,0.0
2022-06-24,Clean Energy,US Infrastructure,1.009910807543351,0.8207993431361487,0.40935634920323716,0.3458672292592846
2022-06-24,Clean Energy,Agribusiness,1.5441640131075514,1.2710792812457765,0.48241711384049446,-0.13659668928705052
2022-06-24,Clean Energy,Critical Minerals,1.4776032856128996,1.011077850042035,0.34984271442007514,-0.03268831632839861
2022-06-24,Clean Energy,Water,1.2162666045168204,1.0756363596915357,0.6981823489880815,0.5759482171738496
2022-06-24,Clean Energy,Timber & Forestry,1.2415832642247173,1.1091997847529997,0.030584903731832,-0.20658691328902534
2022-06-24,Cybersecurity,Defense,1.2673137879246936,1.2207529923167202,0.488823452145016,0.35841853676012336
2022-06-24,Cybersecurity,Fintech,1.2741209413733654,1.2290347467067457,0.48041732539855075,0.33014399407817174
2022-06-24,Cybersecurity,US Infrastructure,1.3530337911794694,1.350172064315289,0.1366110225264299,0.12096946825800697
2022-06-24,Cybersecurity,Agribusiness,1.3487469063995747,1.055204811096773,0.6011414450959034,0.167572410128456
2022-06-24,Cybersecurity,Critical Minerals,1.445340674087634,1.2487753332858034,0.41285626454209673,0.0810150602819714
2022-06-24,Cybersecurity,Water,1.486796178215845,1.4081007114819906,0.10439846092812223,-0.07853958414622347
2022-06-24,Cybersecurity,Timber & Forestry,1.4309573053398703,1.3907372591935823,0.15054898067728367,0.07291967125246268
2022-06-24,Defense,Fintech,0.9255349943731347,0.7234844317415551,0.6150432727220991,0.46274357342955363
2022-06-24,Defense,US Infrastructure,1.0887113585611783,0.8929482619180347,0.257582255970802,0.23143834984614572
2022-06-24,Defense,Agribusiness,1.5291955392183543,1.3243799891863348,0.23595576291463438,0.0
2022-06-24,Defense,Critical Minerals,1.7825375384395254,1.3879800569871905,0.0,0.0
2022-06-24,Defense,Water,1.3264828661771861,1.10366603111718,0.17786097977017679,0.1063523992657382
2022-06-24,Defense,Timber & Forestry,1.4229104436790971,1.2081994762986217,-0.012756740586115416,-0.13341307005035893
2022-06-24,Fintech,US Infrastructure,1.3898083739725104,1.2087147362022377,0.08451315516732869,-0.05331887425710989
2022-06-24,Fintech,Agribusiness,1.504723135105621,1.2199569629910365,0.1385755948094556,0.00843411343225199
2022-06-24,Fintech,Critical Minerals,1.9727401281846488,1.4520038343519057,0.15136183472934286,-0.10022902784544445
2022-06-24,Fintech,Water,1.4684597905910324,1.1232976544585045,0.3114516584263953,-0.11652722327100619
2022-06-24,Fintech,Timber & Forestry,1.4234997494496613,1.2236647806098944,0.1469468106249304,0.09471839880235214
2022-06-24,US Infrastructure,Agribusiness,1.0884719252140471,0.6135642284667727,0.7793733597354089,0.4172011768123851
2022-06-24,US Infrastructure,Critical Minerals,1.3375897488258779,0.8589518407016385,0.5279517575247096,0.32682323734241026
2022-06-24,US Infrastructure,Water,0.7662348492179878,0.5479718588999467,0.80248019860335,0.6828009589412151
2022-06-24,US Infrastructure,Timber & Forestry,1.0807161528448088,0.7609095601513408,0.3936822942600792,0.36960085069611526
2022-06-24,Agribusiness,Critical Minerals,1.4803396617620694,1.0434224204104603,0.8229269887244205,0.37617877512379994
2022-06-24,Agribusiness,Water,1.1299720079337048,0.8620937855102193,0.6135930329839876,0.3504543314967783
2022-06-24,Agribusiness,Timber & Forestry,0.9533961362511195,0.7523488789284236,0.6321789784587727,0.4215285641048347
2022-06-24,Critical Minerals,Water,1.733563587409002,1.1112173965934589,0.3998739261334559,0.22531398590918536
2022-06-24,Critical Minerals,Timber & Forestry,1.2894636444959193,0.8210058834199749,0.5682623729417855,0.4664779523760003
2022-06-24,Water,Timber & Forestry,1.0607299590315817,0.8732044393769315,0.5957530214496398,0.22999500087382502
2022-07-29,Robotics & AI,AI Infrastructure,1.3708318198943485,1.1038220524436746,0.6007529791547626,0.37451214169893154
2022-07-29,Robotics & AI,Clean Energy,1.0976305732264493,0.9329773454216056,0.20912923034707157,0.17231639811547983
2022-07-29,Robotics & AI,Cybersecurity,1.3809359031174397,1.334883723457669,0.016843031246872642,0.0
2022-07-29,Robotics & AI,Defense,1.42962220025389,1.299997487037239,-0.128667459830151,-0.16279659559081722
2022-07-29,Robotics & AI,Fintech,1.378964210814738,1.2284620465721245,0.08860893416777593,0.0
2022-07-29,Robotics & AI,US Infrastructure,1.1816332655177622,1.0254361481340728,0.35485109677023274,0.3073942325007636
2022-07-29,Robotics & AI,Agribusiness,1.1812459872187828,0.9745279619172669,0.3965383522851964,0.18951528594971384
2022-07-29,Robotics & AI,Critical Minerals,1.4131110147559147,0.8234171206907483,0.46993261200142217,0.2129031723055868
2022-07-29,Robotics & AI,Water,1.140842431698856,0.6645116563429927,0.6523438525304802,0.2700156747950549
2022-07-29,Robotics & AI,Timber & Forestry,0.6786571418394867,0.43709676215007565,0.8333575553171776,0.6401183639451571
2022-07-29,AI Infrastructure,Clean Energy,1.2163002573727975,1.0056094471442112,0.35875582548342294,0.18527020264868174
2022-07-29,AI Infrastructure,Cybersecurity,1.33117770181514,0.5973088366076638,0.815379181717381,-0.125705314307276
2022-07-29,AI Infrastructure,Defense,1.292222924718428,0.9652464069698927,0.5438132043876904,0.0
2022-07-29,AI Infrastructure,Fintech,1.3346047343217506,0.8964892715950864,0.7061842290528568,-0.05560365235856602
2022-07-29,AI Infrastructure,US Infrastructure,1.5538301202807157,1.4240954411333364,0.1601118276596937,0.0062643031327934365
2022-07-29,AI Infrastructure,Agribusiness,1.440271645562289,1.2756528345893872,0.17471326800844572,0.0
2022-07-29,AI Infrastructure,Critical Minerals,1.4224914840091742,0.9868900608724983,0.2672598571422097,0.0
2022-07-29,AI Infrastructure,Water,1.4936598501619098,1.2677851224541898,0.2148813795161068,0.0718641275222632
2022-07-29,AI Infrastructure,Timber & Forestry,1.4156974105670859,1.2185724279454448,0.2868731437068369,0.07463536993472354
2022-07-29,Clean Energy,Cybersecurity,1.4267946028238336,1.245157611632211,-0.19701135864838698,-0.3065840611756169
2022-07-29,Clean Energy,Defense,1.360034911540774,1.2050973199338753,-0.09451323590048344,-0.12419185497181158
2022-07-29,Clean Energy,Fintech,1.42751225185222,1.1839068229916148,0.15894213264874804,0.0
2022-07-29,Clean Energy,US Infrastructure,1.0477487258351683,0.9545653810341327,0.2441662147126537,0.14039399095074623
2022-07-29,Clean Energy,Agribusiness,1.4411231280252539,1.2777545271617547,0.29598923931591564,0.0
2022-07-29,Clean Energy,Critical Minerals,1.3194378525237538,0.8602563237506846,0.5637059979831002,0.05209255766356439
2022-07-29,Clean Energy,Water,1.1038575580323715,1.0356083567554826,0.7252603822229673,0.589318943644709
2022-07-29,Clean Energy,Timber & Forestry,1.1279049099226082,1.0267035835823446,0.0009589953478057444,-0.0706283184444589
2022-07-29,Cybersecurity,Defense,1.3459881323386376,1.3243854554389858,0.45245310924780213,0.40516123993086495
2022-07-29,Cybersecurity,Fintech,1.24197664784959,1.2158277105712356,0.5236908357087233,0.457001342065098
2022-07-29,Cybersecurity,US Infrastructure,1.375891189061229,1.3289176765369168,0.10641533263241498,0.08646700392174224
2022-07-29,Cybersecurity,Agribusiness,1.3683902191717563,1.3157539812693073,0.3625210092883424,0.2033750841166886
2022-07-29,Cybersecurity,Critical Minerals,1.4005253145416172,1.3149859821309648,0.40557895120456333,0.13843562583724758
2022-07-29,Cybersecurity,Water,1.5887989327669412,1.4466937924713166,-0.06796796404426371,-0.10595844348809473
2022-07-29,Cybersecurity,Timber & Forestry,1.3822794529309759,1.3202629111789805,0.20357525195003978,0.17506491097035326
2022-07-29,Defense,Fintech,0.8645484876815269,0.6912582848571899,0.5517543792640374,0.4401179723213267
2022-07-29,Defense,US Infrastructure,1.1376208161891903,0.9596471445669386,0.2477459724677626,0.20851689264049997
2022-07-29,Defense,Agribusiness,1.5196896537446192,1.324795865647444,0.12620654218547628,0.10081254648245205
2022-07-29,Defense,Critical Minerals,1.8424229074734448,1.310321336148753,-0.14190975587478227,-0.18647161588291356
2022-07-29,Defense,Water,1.4096926589461487,1.2074585950648955,0.13620417892689024,0.0
2022-07-29,Defense,Timber & Forestry,1.455953907302284,1.246882029196787,0.0035098622567879927,-0.13072257809644452
2022-07-29,Fintech,US Infrastructure,1.427625199933315,1.1681671010511026,0.0,-0.18740705076259762
2022-07-29,Fintech,Agribusiness,1.6185583358789224,1.3502012536970105,0.13543609276422763,-0.13334514688973523
2022-07-29,Fintech,Critical Minerals,1.826124432500392,1.2044550135652596,0.18435621458915866,0.03982890554154797
2022-07-29,Fintech,Water,1.4661664621604142,1.289641299657267,0.10046181992489016,-0.1348437795698266
2022-07-29,Fintech,Timber & Forestry,1.4099826345923796,1.2365222928126478,0.1694628599579517,0.136389012954417
2022-07-29,US Infrastructure,Agribusiness,0.970602129837762,0.7984014365501935,0.6658604880545421,0.4669556112638011
2022-07-29,US Infrastructure,Critical Minerals,1.3780731029125095,1.014952918345573,0.42862731332681964,0.19958647527731657
2022-07-29,US Infrastructure,Water,0.8537659675914807,0.5996066309455639,0.5946584688809562,0.5291796332049747
2022-07-29,US Infrastructure,Timber & Forestry,1.1614803507342712,0.9933689549216044,0.3454124775828605,0.2484561706445465
2022-07-29,Agribusiness,Critical Minerals,1.4182708720254031,1.063562655081508,0.6279397442310433,0.3562342964738588
2022-07-29,Agribusiness,Water,1.0241781347614436,0.8797001158704316,0.4888090030802031,0.34419745154113035
2022-07-29,Agribusiness,Timber & Forestry,1.0760129700256325,1.0623704297937666,0.4272797827644792,0.27821917347405506
2022-07-29,Critical Minerals,Water,1.7477809088130687,0.9024502967724605,0.5949261539484306,0.2600262089585385
2022-07-29,Critical Minerals,Timber & Forestry,1.3992452825575707,0.8544996002130781,0.5723547987368196,0.3839228712021413
2022-07-29,Water,Timber & Forestry,1.0825679400280106,0.7238593334695428,0.5739990742919995,0.19435066216341906
2022-08-26,Robotics & AI,AI Infrastructure,1.3008069662812638,1.0525052980799983,0.618648380300791,0.3761822548541882
2022-08-26,Robotics & AI,Clean Energy,1.084497629205403,0.8894736130457618,0.18622229884215882,0.1508153817899357
2022-08-26,Robotics & AI,Cybersecurity,1.1952754364114933,1.193618979321144,0.365132689668813,0.3154313723440614
2022-08-26,Robotics & AI,Defense,1.4458659261488582,1.2553266084598402,0.1373939117334407,-0.09636898611630597
2022-08-26,Robotics & AI,Fintech,1.4683054280539087,1.1705225755762119,0.26612282674670995,0.0
2022-08-26,Robotics & AI,US Infrastructure,1.1572785851015872,1.094530715589146,0.4751348442116027,0.2719976203400872
2022-08-26,Robotics & AI,Agribusiness,1.317222258883674,1.0461202786832053,0.3695125602666898,0.1203529119830527
2022-08-26,Robotics & AI,Critical Minerals,1.3144783086572438,0.7903328999050464,0.495822629272656,0.31693530139897585
2022-08-26,Robotics & AI,Water,1.2195778376108106,0.9709694875226271,0.5985016236168036,0.2098112705691096
2022-08-26,Robotics & AI,Timber & Forestry,0.7344607792281215,0.4634604629553403,0.8595943976754555,0.6571888083167421
2022-08-26,AI Infrastructure,Clean Energy,1.256374308657659,0.912282183128441,0.43294736919246696,0.20287004468124287
2022-08-26,AI Infrastructure,Cybersecurity,1.4628959537086585,0.8009793953267482,0.6459723737312022,-0.18827838024746085
2022-08-26,AI Infrastructure,Defense,1.2933244186757193,0.9890868098232081,0.4539410831438416,0.1314813041569208
2022-08-26,AI Infrastructure,Fintech,1.3668903350059358,0.996486677462541,0.5340303871933898,-0.050046183680285704
2022-08-26,AI Infrastructure,US Infrastructure,1.5231023155515848,1.2747193806916295,0.14618367827518203,0.06288463716728201
2022-08-26,AI Infrastructure,Agribusiness,1.64876049130939,1.3548799977777917,0.0,-0.12700052418907481
2022-08-26,AI Infrastructure,Critical Minerals,1.4542170409622404,0.9892751772486057,0.28472681869418304,-0.0017067431163245868
2022-08-26,AI Infrastructure,Water,1.5049701334408219,1.2833447751722702,0.17641291594604633,0.08651470494281704
2022-08-26,AI Infrastructure,Timber & Forestry,1.4040101439816302,1.2451682510982178,0.28437052241163946,0.03765727320274773
2022-08-26,Clean Energy,Cybersecurity,1.2024932874706606,1.13723511778762,-0.21113508951912202,-0.24763604880820395
2022-08-26,Clean Energy,Defense,1.457995365958548,1.2413338859537213,0.0,-0.152320459709763
2022-08-26,Clean Energy,Fintech,1.4552140074735609,1.2155225874843596,0.11298203555322109,0.0
2022-08-26,Clean Energy,US Infrastructure,1.1303868699732464,1.014333458931446,0.34233739742648145,0.14035346502802898
2022-08-26,Clean Energy,Agribusiness,1.3747644424239536,1.2408556087970641,0.3607083646420158,0.11348044685229104
2022-08-26,Clean Energy,Critical Minerals,1.2139749760201988,1.0137567822188134,0.46215076324922166,0.3093770731258608
2022-08-26,Clean Energy,Water,1.259779341597165,1.0601731112461314,0.6929694267302661,0.5067864255092001
2022-08-26,Clean Energy,Timber & Forestry,1.1672760224561023,1.0534126032432085,-0.03394492347286651,-0.16434073803203064
2022-08-26,Cybersecurity,Defense,1.4025874607426096,1.333698291890489,0.4418018520030998,0.27605866272426977
2022-08-26,Cybersecurity,Fintech,1.4029091290833298,1.1941013515495522,0.6458031767122158,0.36263280492599326
2022-08-26,Cybersecurity,US Infrastructure,1.3804702936035844,1.3557648297583311,0.10773875180066333,0.06782331210093845
2022-08-26,Cybersecurity,Agribusiness,1.3240654893726764,1.1972671383464482,0.275909012042754,0.14290029952256822
2022-08-26,Cybersecurity,Critical Minerals,1.3888944602251505,1.280044425155772,0.38303097291213883,0.2059175767156337
2022-08-26,Cybersecurity,Water,1.500781024225103,1.4802197438625713,0.0,-0.10938230891994212
2022-08-26,Cybersecurity,Timber & Forestry,1.2405775854180865,1.185150967968705,0.37073591401701445,0.33583746248434454
2022-08-26,Defense,Fintech,0.8418823848524508,0.7369001454448372,0.6968025373129908,0.45480245633107097
2022-08-26,Defense,US Infrastructure,1.172527689320815,0.9745237800700268,0.20065053429072924,0.1740329948163855
2022-08-26,Defense,Agribusiness,1.5256060923884107,1.4270582852936207,0.08309971209934747,-0.03801373798305748
2022-08-26,Defense,Critical Minerals,1.652044351738826,1.2987518864114163,0.1951074432692973,0.0
2022-08-26,Defense,Water,1.328407163370875,1.1283866671289677,0.1723740087269965,0.0
2022-08-26,Defense,Timber & Forestry,1.4687866583968745,1.257809711243518,0.0011087193318213443,-0.14675895626762087
2022-08-26,Fintech,US Infrastructure,1.4302960942340897,1.147999633887383,0.16694727099920792,-0.11586542317611635
2022-08-26,Fintech,Agribusiness,1.5210873145359542,1.2858393446708598,0.2776322562729976,-0.08549547630958623
2022-08-26,Fintech,Critical Minerals,1.658162236730063,1.2806781975506516,0.34460126620205583,0.0
2022-08-26,Fintech,Water,1.4578196745406298,1.0861396208934753,0.31227066554840865,-0.14899035677549885
2022-08-26,Fintech,Timber & Forestry,1.4910438969462732,1.3164120022102437,0.1522811769026327,0.12676073708195432
2022-08-26,US Infrastructure,Agribusiness,0.978634344457747,0.8368229867790045,0.7109388471384761,0.47372584568534354
2022-08-26,US Infrastructure,Critical Minerals,1.2516024642591757,0.9899951257056072,0.48930500315163455,0.2878416095634052
2022-08-26,US Infrastructure,Water,0.7339454817233622,0.4999386830028476,0.834597805322279,0.6513878722549256
2022-08-26,US Infrastructure,Timber & Forestry,1.0926074645746622,1.0072041124822078,0.4622346064374916,0.31146640712243867
2022-08-26,Agribusiness,Critical Minerals,1.3107274074347919,0.8637202240796337,0.7907929232182025,0.5418632559457994
2022-08-26,Agribusiness,Water,1.0195759751959046,0.9766703967738727,0.5018767445048306,0.48066515952354877
2022-08-26,Agribusiness,Timber & Forestry,1.1399567145112979,1.0563484237028327,0.36695950919243814,0.24288185029564552
2022-08-26,Critical Minerals,Water,1.6024871363642994,1.0760405812292784,0.4839778893627524,0.386966520713329
2022-08-26,Critical Minerals,Timber & Forestry,1.3013099803215407,0.8576109516931942,0.3762409017023215,0.23073024733748124
2022-08-26,Water,Timber & Forestry,1.0727415914019736,0.8012180371688337,0.5692443861879906,0.2190769249128931
2022-09-30,Robotics & AI,AI Infrastructure,1.3185702143333862,1.0485505055902145,0.5694371539214312,0.3213848409568629
2022-09-30,Robotics & AI,Clean Energy,1.3444675819238967,1.1427106948028385,-0.04449615199341253,-0.1766665984571976
2022-09-30,Robotics & AI,Cybersecurity,1.355059336003202,1.1873652025001131,0.29509197657654895,0.133637433548768
2022-09-30,Robotics & AI,Defense,1.5594471491988207,1.3985393892073132,0.00841922676543468,-0.13742312123639128
2022-09-30,Robotics & AI,Fintech,1.466860926770373,1.3486167356010372,0.16297777228630386,0.12675227465477878
2022-09-30,Robotics & AI,US Infrastructure,1.2032085178466987,0.9573920189389403,0.4134306854493626,0.30480977239816953
2022-09-30,Robotics & AI,Agribusiness,1.3563538135445197,1.136116849217001,0.24625308643738175,0.11281767194209935
2022-09-30,Robotics & AI,Critical Minerals,1.4446970075976133,0.9590761195641042,0.3315187651093333,0.2203316067649555
2022-09-30,Robotics & AI,Water,1.2330488095101386,1.0481881463300782,0.6519324184567042,0.2876140687969592
2022-09-30,Robotics & AI,Timber & Forestry,0.6680646507317571,0.47916066880380137,0.8816607629893642,0.7932595515895318
2022-09-30,AI Infrastructure,Clean Energy,1.156648792094394,0.8298036789459423,0.4580626091217864,0.28234574874161544
2022-09-30,AI Infrastructure,Cybersecurity,1.4823182650971585,0.7901724767649742,0.7190814499168604,-0.19725721485365816
2022-09-30,AI Infrastructure,Defense,1.309877550482593,0.9904921379049096,0.43729479891652095,0.0
2022-09-30,AI Infrastructure,Fintech,1.3526551587497402,0.8911328780603158,0.6602850991141077,-0.08323841308761866
2022-09-30,AI Infrastructure,US Infrastructure,1.523428038859268,1.347286794830755,0.1453114998116461,-0.004577447543974358
2022-09-30,AI Infrastructure,Agribusiness,1.5808351894847286,1.2758838643956762,0.19355985048343338,-0.07351678490574844
2022-09-30,AI Infrastructure,Critical Minerals,1.5080520158723383,0.9459648239962479,0.36463214051231885,-0.06992309649747014
2022-09-30,AI Infrastructure,Water,1.4903460481620485,1.265139379743936,0.23333416286302097,0.08540421075062408
2022-09-30,AI Infrastructure,Timber & Forestry,1.4155613341747475,1.2393139369150632,0.2713707989888314,0.05191512135019724
2022-09-30,Clean Energy,Cybersecurity,1.3742344856603,1.281140149602681,0.030858653240606403,-0.0743507823337774
2022-09-30,Clean Energy,Defense,1.3031246831607064,1.1512022146644245,0.11308328022246837,-0.15063931199715264
2022-09-30,Clean Energy,Fintech,1.3202850743810917,1.0688504784010227,0.2955408630542738,0.0
2022-09-30,Clean Energy,US Infrastructure,1.2584564488885768,1.0746660683471065,0.16840210584034887,-0.011528619369346635
2022-09-30,Clean Energy,Agribusiness,1.472074448746536,1.3576245995437615,0.26981021173874387,0.0
2022-09-30,Clean Energy,Critical Minerals,1.6721911421489595,1.0991308447960946,0.4394861796882761,0.05675119942533
2022-09-30,Clean Energy,Water,1.2627236523172396,1.0526064026811037,0.6010026938230032,0.3434764715433222
2022-09-30,Clean Energy,Timber & Forestry,1.2714507609583063,1.2404338213570454,-0.15966063792048554,-0.17613636575492575
2022-09-30,Cybersecurity,Defense,1.2784963839880223,1.156598967060831,0.5063716441905991,0.3965259773289446
2022-09-30,Cybersecurity,Fintech,1.4548828879035598,1.0876916592894834,0.7407695197526614,0.2418175811849279
2022-09-30,Cybersecurity,US Infrastructure,1.3563108449072223,1.31331961795945,0.16387026255285214,0.12112872276748127
2022-09-30,Cybersecurity,Agribusiness,1.2218938848236098,1.1005271674295518,0.329708518133677,0.1632837714393473
2022-09-30,Cybersecurity,Critical Minerals,1.4815827082942576,1.271380384092894,0.31282054935697917,-0.08018069209108725
2022-09-30,Cybersecurity,Water,1.4261723905478438,1.4007116243764468,0.0,0.0
2022-09-30,Cybersecurity,Timber & Forestry,1.4168138570823823,1.336559730203769,0.18385158488122413,0.08486063010069907
2022-09-30,Defense,Fintech,0.8891826783563278,0.6657914199111371,0.6811137628305676,0.42245893483901475
2022-09-30,Defense,US Infrastructure,1.2073594692028722,0.949455477462027,0.24304107024184401,0.21498646661569476
2022-09-30,Defense,Agribusiness,1.5065395319952144,1.347371243496777,0.14926977467373093,0.0
2022-09-30,Defense,Critical Minerals,1.9478171089725862,1.4061090985598494,-0.1316208122219676,-0.19155109266690087
2022-09-30,Defense,Water,1.3958772506271973,1.1459015573681783,0.0855431739479224,0.0
2022-09-30,Defense,Timber & Forestry,1.5303738275656804,1.302090506073419,-0.02089157860710484,-0.15758130082728894
2022-09-30,Fintech,US Infrastructure,1.4774491374653391,1.2724883958708006,0.0726933331385504,-0.11697733231560234
2022-09-30,Fintech,Agribusiness,1.5995907577815598,1.2974322931345568,0.14118421018754523,-0.146384897000874
2022-09-30,Fintech,Critical Minerals,1.8347091139278389,1.308331776436403,0.12063508275708912,0.0
2022-09-30,Fintech,Water,1.5923266640196048,1.2487686797160915,0.09499457627471054,-0.19265679852882422
2022-09-30,Fintech,Timber & Forestry,1.5608960401775906,1.3222668072342911,0.19206181074246584,0.11195849919788264
2022-09-30,US Infrastructure,Agribusiness,1.0115651324374184,0.88053338670111,0.6329268820475392,0.38129126297985433
2022-09-30,US Infrastructure,Critical Minerals,1.4324596197617012,1.0060697500673117,0.4311482444636251,0.1960923673279945
2022-09-30,US Infrastructure,Water,0.8134960085818631,0.6741502136289591,0.6615967736989068,0.5971167405814943
2022-09-30,US Infrastructure,Timber & Forestry,1.1130734521130832,0.8597938077615946,0.4137163112126942,0.3561198619675498
2022-09-30,Agribusiness,Critical Minerals,1.4161106584265666,1.0202312679809733,0.5904679502762289,0.5145315536025977
2022-09-30,Agribusiness,Water,1.016815370998761,0.9483819637110662,0.5340947897526853,0.3904700442624731
2022-09-30,Agribusiness,Timber & Forestry,1.121068729657533,1.0476472754724877,0.35216485973226064,0.25598104187518894
2022-09-30,Critical Minerals,Water,1.8329506748027513,1.180796324477898,0.3590261905430825,0.24397409431458036
2022-09-30,Critical Minerals,Timber & Forestry,1.3616773677474763,0.9054464851602513,0.5661237817563364,0.3960139457389207
2022-09-30,Water,Timber & Forestry,1.101124089592088,0.7867504802576712,0.7213132792220118,0.23476285106560452
2022-10-28,Robotics & AI,AI Infrastructure,1.2757530241048063,0.8351904907910658,0.6065810199280338,0.40822002280585445
2022-10-28,Robotics & AI,Clean Energy,1.4441865015350648,1.1987259377244692,-0.03205487724802815,-0.22291164959222737
2022-10-28,Robotics & AI,Cybersecurity,1.4075533622477179,1.301583983854312,0.1285280067483152,0.04958253575815045
2022-10-28,Robotics & AI,Defense,1.6613618096837146,1.4971975318005077,-0.09391657199004777,-0.19712367443897377
2022-10-28,Robotics & AI,Fintech,1.4740845998393137,1.2686326713510907,0.18261466591012696,0.0
2022-10-28,Robotics & AI,US Infrastructure,1.2724656309383346,1.0738491856244388,0.353999671750634,0.26115896675590694
2022-10-28,Robotics & AI,Agribusiness,1.347107852032163,1.2198799441052055,0.20123371191995107,0.06839610868237109
2022-10-28,Robotics & AI,Critical Minerals,1.5164848309197503,0.9902893024586684,0.3036441406563018,0.1520591007291025
2022-10-28,Robotics & AI,Water,1.2895848133875647,1.1367202527664642,0.6192540327259758,0.20848544858779963
2022-10-28,Robotics & AI,Timber & Forestry,0.821204489070548,0.7065818028321038,0.7608122329143368,0.6914476865220552
2022-10-28,AI Infrastructure,Clean Energy,1.2554815400501387,1.0101117116319296,0.3129636968102203,0.19350468656022268
2022-10-28,AI Infrastructure,Cybersecurity,1.382280062696245,0.7879497536913418,0.7199722291225896,0.0
2022-10-28,AI Infrastructure,Defense,1.3228529262351354,1.0770498721735482,0.38957820311721164,0.1287542834999953
2022-10-28,AI Infrastructure,Fintech,1.2381468025660771,0.8320940199599534,0.7163727981241386,0.02602897900144244
2022-10-28,AI Infrastructure,US Infrastructure,1.429808135326961,1.2657344335548713,0.3233741273439485,0.17117723811719934
2022-10-28,AI Infrastructure,Agribusiness,1.4739279873028208,1.3015281482215562,0.17535379538338666,-0.02276309159298821
2022-10-28,AI Infrastructure,Critical Minerals,1.6447555547690562,1.0457867625672437,0.3012199984867734,-0.08186870377606409
2022-10-28,AI Infrastructure,Water,1.350260491555023,1.2491933419484123,0.30625646345457674,0.23351966065955745
2022-10-28,AI Infrastructure,Timber & Forestry,1.4509460337323523,1.2612454563546645,0.17126798027845525,-0.026728898393184708
2022-10-28,Clean Energy,Cybersecurity,1.3210524454747687,1.1925150670358728,0.0887907394738229,-0.02428796213935328
2022-10-28,Clean Energy,Defense,1.3285271870166266,1.2387769380470615,0.13472676916771603,-0.14326290975069458
2022-10-28,Clean Energy,Fintech,1.276297519261633,1.0729434163416847,0.2570268187469951,0.0
2022-10-28,Clean Energy,US Infrastructure,1.1667598352651476,1.0037463766217476,0.2216861284952905,0.00524103792395912
2022-10-28,Clean Energy,Agribusiness,1.3824993521344462,1.2939221982362192,0.3303133112261132,0.1509985235031579
2022-10-28,Clean Energy,Critical Minerals,1.6600771026345071,0.9580956300746738,0.5113492118977536,0.1357477217748874
2022-10-28,Clean Energy,Water,1.292456021202898,1.1879858217921921,0.38484940803820633,0.25456613499459646
2022-10-28,Clean Energy,Timber & Forestry,1.3353772693261785,1.1666814411655906,-0.16402359646515355,-0.3556511046005197
2022-10-28,Cybersecurity,Defense,1.3113033424377996,1.2338719996105254,0.47609951420774094,0.33713594057622015
2022-10-28,Cybersecurity,Fintech,1.4500187915726466,1.08853755943627,0.6156572761370055,0.33001825610734825
2022-10-28,Cybersecurity,US Infrastructure,1.338135673273108,1.2278562043060128,0.19793464920079293,0.09446506859822515
2022-10-28,Cybersecurity,Agribusiness,1.1583443391789947,1.0968059583001857,0.2775103129404721,0.23090430902498135
2022-10-28,Cybersecurity,Critical Minerals,1.429981468499377,1.3164207728023491,0.3999079219395707,0.13049936015481847
2022-10-28,Cybersecurity,Water,1.4924762700362628,1.404504355467614,0.09483478412803187,0.0
2022-10-28,Cybersecurity,Timber & Forestry,1.479516756722286,1.4117971929754836,0.14984305765089506,0.06701688170310649
2022-10-28,Defense,Fintech,1.0618090809162997,0.8108048225989632,0.49841384375796716,0.18437539793947325
2022-10-28,Defense,US Infrastructure,1.2948125000786948,1.0290815727728644,0.18971672773556586,0.09547863045370601
2022-10-28,Defense,Agribusiness,1.5215419867595201,1.3730104324894772,0.09653575066127856,0.0
2022-10-28,Defense,Critical Minerals,2.058732610906125,1.428552528358944,-0.11889185094900034,-0.14158228062432507
2022-10-28,Defense,Water,1.4172323648612914,1.2228483793491753,0.0,0.0
2022-10-28,Defense,Timber & Forestry,1.5197862388238257,1.3779454189655473,-0.1388151102409455,-0.1680242366756974
2022-10-28,Fintech,US Infrastructure,1.45183241859896,1.2542029685703737,0.0,-0.16281168941907603
2022-10-28,Fintech,Agribusiness,1.6288507478798933,1.3200537632082325,0.09670692657977437,-0.2381702097411022
2022-10-28,Fintech,Critical Minerals,2.013969088660037,1.3955491200242631,0.1322353297469012,-0.15028174904107805
2022-10-28,Fintech,Water,1.4362727074073982,1.1711005876147906,0.20104992043770428,-0.12769371554238299
2022-10-28,Fintech,Timber & Forestry,1.2893002209462678,1.2110618904248471,0.3365662393951226,0.14865551104125288
2022-10-28,US Infrastructure,Agribusiness,0.9877655114930591,0.8557332233609233,0.6063494594536842,0.5129334119558087
2022-10-28,US Infrastructure,Critical Minerals,1.4857206373023581,0.9862964571402354,0.5312130734803859,0.17540593131386464
2022-10-28,US Infrastructure,Water,0.857519879272322,0.8224214529639065,0.677262212735407,0.5529079028172437
2022-10-28,US Infrastructure,Timber & Forestry,1.174275495645669,0.893744327949103,0.39520882277727487,0.31668794696825064
2022-10-28,Agribusiness,Critical Minerals,1.491062838455413,1.0856491680187281,0.719287931514983,0.4737470134463762
2022-10-28,Agribusiness,Water,1.074294656106296,1.0437628624502673,0.5093612293182234,0.28901068205605235
2022-10-28,Agribusiness,Timber & Forestry,1.251642383875688,1.1407129130007179,0.2810446147637238,0.17022973127348792
2022-10-28,Critical Minerals,Water,2.0604678824140694,1.2371739712587124,0.3011222641943555,0.015502145970016793
2022-10-28,Critical Minerals,Timber & Forestry,1.533365884257849,0.9102818153506844,0.4890440352095768,0.3906644957806411
2022-10-28,Water,Timber & Forestry,1.1169724414025695,0.8618974483317358,0.6282069664225066,0.05169414421769224
2022-11-25,Robotics & AI,AI Infrastructure,1.2113139603130585,0.6196401037933517,0.7744605502722056,0.5253657200079747
2022-11-25,Robotics & AI,Clean Energy,1.1367802730807914,0.9579717147794126,0.5024438924725839,0.3412673925925688
2022-11-25,Robotics & AI,Cybersecurity,1.4306361732591668,1.3830279509424046,0.0,-0.056991563021230526
2022-11-25,Robotics & AI,Defense,1.5240027289346973,1.434802633160438,-0.08508210494369396,-0.20314010609611757
2022-11-25,Robotics & AI,Fintech,1.2041567951394083,1.184679240451346,0.26282147576886233,0.17829622239236956
2022-11-25,Robotics & AI,US Infrastructure,1.2603893713050653,1.0127451909863128,0.39892494320382627,0.17971437443843252
2022-11-25,Robotics & AI,Agribusiness,1.2573651223432303,1.1052824325782737,0.28155107895543846,0.22413650235260935
2022-11-25,Robotics & AI,Critical Minerals,1.4641384758144194,0.8878081250856644,0.48537935492883155,0.14025774165051022
2022-11-25,Robotics & AI,Water,1.2720999584235209,0.860268080076523,0.7010649920604977,0.28659780383443484
2022-11-25,Robotics & AI,Timber & Forestry,0.8146345502261227,0.525151680355301,0.6413099010167574,0.562651169701917
2022-11-25,AI Infrastructure,Clean Energy,1.2393290571296671,0.8495955951383377,0.5653011716745759,0.19923167023123559
2022-11-25,AI Infrastructure,Cybersecurity,1.3796852765692156,0.8767619948273978,0.5901178501362438,0.06622239396924515
2022-11-25,AI Infrastructure,Defense,1.3814268013829278,1.0956166532819391,0.4060423629796801,0.0015790345834000188
2022-11-25,AI Infrastructure,Fintech,1.2458171623512966,0.9069535461347031,0.5576636709730636,0.17079475175427347
2022-11-25,AI Infrastructure,US Infrastructure,1.4623944929801218,1.2588318740018858,0.33578317934380325,-0.07209368853772108
2022-11-25,AI Infrastructure,Agribusiness,1.4297369641417756,1.168731888744441,0.19312603050376678,-0.053257158090309974
2022-11-25,AI Infrastructure,Critical Minerals,1.5170402374763947,0.9496550847517754,0.3754817865815642,-0.07884932758766089
2022-11-25,AI Infrastructure,Water,1.5176014318681816,1.254777370861017,0.28432767938050146,0.07242935685055561
2022-11-25,AI Infrastructure,Timber & Forestry,1.3989458834342794,0.9836677432200858,0.3263106371984351,0.0
2022-11-25,Clean Energy,Cybersecurity,1.3670813322794015,1.2307788750602557,0.08261290878409018,-0.11283368210109658
2022-11-25,Clean Energy,Defense,1.3810352648542856,1.1902424591269245,0.13371426396842112,-0.04649408754047372
2022-11-25,Clean Energy,Fintech,1.4532913505658918,1.2210610195900826,0.04687151129858682,-0.12942641530126808
2022-11-25,Clean Energy,US Infrastructure,1.225526003552417,1.0430190480668988,0.36191014329022714,0.00947904749359455
2022-11-25,Clean Energy,Agribusiness,1.399093077817866,1.2977751944371738,0.34637157377409583,0.10574301816974564
2022-11-25,Clean Energy,Critical Minerals,1.4616866568608606,0.9200692838203391,0.627728978932771,0.25721819076742786
2022-11-25,Clean Energy,Water,1.3708584104031845,1.2170827473261818,0.6400862372572372,0.367131519895637
2022-11-25,Clean Energy,Timber & Forestry,1.305509785113977,1.2099866536060928,-0.21332239149554716,-0.2205315110839113
2022-11-25,Cybersecurity,Defense,1.3123804451765753,1.1926270909350485,0.39605054871727735,0.3377578419738736
2022-11-25,Cybersecurity,Fintech,1.4311269438941185,1.2722784943633485,0.3059234710315006,0.21015234298112098
2022-11-25,Cybersecurity,US Infrastructure,1.359976215447946,1.2228497001722998,0.15584217385382043,0.03801178851348373
2022-11-25,Cybersecurity,Agribusiness,1.2431384820289146,0.9550603974108633,0.5291816452921989,0.2937860726510414
2022-11-25,Cybersecurity,Critical Minerals,1.4048301216631296,1.2173356819746781,0.27971816775738967,-0.03120752458795422
2022-11-25,Cybersecurity,Water,1.5294977047236795,1.5038351095598244,-0.07389000296201671,-0.09693584258713933
2022-11-25,Cybersecurity,Timber & Forestry,1.4845893441582945,1.404818235766849,0.0,-0.0615640595074002
2022-11-25,Defense,Fintech,1.102285749442548,0.8460086502146447,0.5751062303003313,0.18137337802530676
2022-11-25,Defense,US Infrastructure,1.1780306732355363,0.9655484218005791,0.3351268498241889,0.13922320006543365
2022-11-25,Defense,Agribusiness,1.534038737622303,1.307452281810024,0.17076492823599404,0.0
2022-11-25,Defense,Critical Minerals,1.758212899681407,1.3141702125513126,0.004865789679520288,-0.14231439104543836
2022-11-25,Defense,Water,1.311361010757055,1.240765198337896,0.1307525312786575,0.0
2022-11-25,Defense,Timber & Forestry,1.5810087877736883,1.3338181632842854,-0.08337645338986083,-0.21070782656955017
2022-11-25,Fintech,US Infrastructure,1.3688273582801327,1.336159153831162,-0.01714702779710344,-0.1532556301998457
2022-11-25,Fintech,Agribusiness,1.6314439330732573,1.2494577416734924,0.20280190819542712,-0.2009041796675276
2022-11-25,Fintech,Critical Minerals,1.7704894770693975,1.3450337030583417,0.14707058771382925,-0.13920738118626216
2022-11-25,Fintech,Water,1.4378408475193096,1.165149140623171,0.19322834899236727,-0.12127881010967713
2022-11-25,Fintech,Timber & Forestry,1.3095505939787424,1.138226218196419,0.28291001874819166,0.1682584881292499
2022-11-25,US Infrastructure,Agribusiness,0.9691456400933091,0.8448162543949076,0.5744470375492945,0.46531199754315683
2022-11-25,US Infrastructure,Critical Minerals,1.2689661337017757,1.019061502649626,0.5170393337756671,0.1589407527434474
2022-11-25,US Infrastructure,Water,0.8220789939609938,0.729771824491109,0.6747374719249226,0.5414564394687047
2022-11-25,US Infrastructure,Timber & Forestry,1.2803753373629094,0.9141206388825907,0.22886569080844718,0.18066661653409583
2022-11-25,Agribusiness,Critical Minerals,1.3497786730745582,1.137131927900247,0.8804090024874063,0.37960601806410993
2022-11-25,Agribusiness,Water,1.1657876232269757,1.0061252500067888,0.4259958059835637,0.283966160519615
2022-11-25,Agribusiness,Timber & Forestry,1.2398375243151405,1.0845045315791007,0.3057837678277695,0.20669002805477754
2022-11-25,Critical Minerals,Water,1.7926288596090718,1.1690754629889089,0.3572319868744106,0.17555281789276142
2022-11-25,Critical Minerals,Timber & Forestry,1.4617936624624996,0.9337989478084457,0.27975072834378056,0.13980055861631385
2022-11-25,Water,Timber & Forestry,1.182289048076075,0.7413084780925885,0.6430812363642211,0.16272122277329176
2022-12-30,Robotics & AI,AI Infrastructure,1.1608142033799256,0.6582686686437278,0.7464094539097103,0.4222949875440055
2022-12-30,Robotics & AI,Clean Energy,1.2692031870888594,1.003794394693123,0.49650833938654215,0.25575984489346043
2022-12-30,Robotics & AI,Cybersecurity,1.3791268520116222,1.364495080793654,0.11254618959974562,0.05115187311411754
2022-12-30,Robotics & AI,Defense,1.625267407570454,1.511393505333503,-0.06606165284732583,-0.23997731888525425
2022-12-30,Robotics & AI,Fintech,1.203193226936227,1.137334964704304,0.29517738873027416,0.16972301318424607
2022-12-30,Robotics & AI,US Infrastructure,1.251261219242519,1.077731071957055,0.42337555414904,0.16015719314118362
2022-12-30,Robotics & AI,Agribusiness,1.2469867275680755,1.1153606699657108,0.35230631896737913,0.2488190745989638
2022-12-30,Robotics & AI,Critical Minerals,1.4535705354775539,0.9217380862152901,0.43072926512800386,0.1753603961976719
2022-12-30,Robotics & AI,Water,1.218329378624667,0.8075029768040848,0.7049169848731481,0.3576963187645986
2022-12-30,Robotics & AI,Timber & Forestry,0.8023267304656392,0.5238637242542793,0.63407770357864,0.5994309243056531
2022-12-30,AI Infrastructure,Clean Energy,1.2158351792049118,0.8872713802484777,0.5900173333530668,0.45457105003401077
2022-12-30,AI Infrastructure,Cybersecurity,1.3794590546520404,0.8946090194499974,0.5660836149712475,0.13427256546797722
2022-12-30,AI Infrastructure,Defense,1.4062997138822992,1.069802389530026,0.29066341770232706,0.0
2022-12-30,AI Infrastructure,Fintech,1.2362908100934569,0.8261175086399049,0.5556260822603899,0.15283290352475518
2022-12-30,AI Infrastructure,US Infrastructure,1.3890534500545544,1.2514797773203763,0.20870948795022312,-0.017055661045992085
2022-12-30,AI Infrastructure,Agribusiness,1.5304585076597264,1.269577168926324,0.1094487442334047,-0.05459157519421197
2022-12-30,AI Infrastructure,Critical Minerals,1.561535865883016,0.9755077898017035,0.3837631585476988,-0.03587063528721336
2022-12-30,AI Infrastructure,Water,1.4376715042652233,1.126936909986356,0.3792222583667131,0.15959731163842455
2022-12-30,AI Infrastructure,Timber & Forestry,1.4361180634272832,0.9934099085918877,0.2719238133585298,-0.05086024243312266
2022-12-30,Clean Energy,Cybersecurity,1.4698023358042527,1.3604264568038302,0.08886556680504332,-0.17881960846984735
2022-12-30,Clean Energy,Defense,1.376318168070566,1.1898115502860118,0.1851936013244286,0.0
2022-12-30,Clean Energy,Fintech,1.4468707137842056,1.2022883394847719,0.14637755321681828,-0.13233058522241486
2022-12-30,Clean Energy,US Infrastructure,1.3198507138164493,1.112676740003177,0.31291134374545987,-0.014784658973673159
2022-12-30,Clean Energy,Agribusiness,1.4107226503103774,1.3330417353399842,0.3609394199517276,0.0
2022-12-30,Clean Energy,Critical Minerals,1.4874997889075823,0.9857310131822948,0.521485187527684,0.04806678917355161
2022-12-30,Clean Energy,Water,1.3177225060696858,1.2287090215247025,0.6071065231106126,0.336765622165565
2022-12-30,Clean Energy,Timber & Forestry,1.3787668800441915,1.236191626837684,-0.1476104066997557,-0.1997061294455345
2022-12-30,Cybersecurity,Defense,1.3623820791180365,1.335614589398103,0.29949305516312147,0.17589096343097269
2022-12-30,Cybersecurity,Fintech,1.4375547043605816,1.198706257445552,0.3459047352907246,0.0916483531225092
2022-12-30,Cybersecurity,US Infrastructure,1.3216393936628652,1.267028160664376,0.17077454494844843,0.06583323455986058
2022-12-30,Cybersecurity,Agribusiness,1.2702823224862396,1.0864313627586302,0.2535424239463192,0.10709061606316396
2022-12-30,Cybersecurity,Critical Minerals,1.3828044390682703,1.2188801450167737,0.35683736372183006,-0.06777391198555371
2022-12-30,Cybersecurity,Water,1.526256434932934,1.38935074212773,0.0,-0.2641745703736785
2022-12-30,Cybersecurity,Timber & Forestry,1.4731096687719014,1.3901701962663633,0.0,-0.0620901476744118
2022-12-30,Defense,Fintech,1.0872458693595772,0.8365042349362151,0.5462877078590723,0.1538079152148112
2022-12-30,Defense,US Infrastructure,1.2455265994776157,0.9944266395865135,0.3469329353322769,0.13746095062475036
2022-12-30,Defense,Agribusiness,1.560694222588052,1.361573016913493,0.012260328819463788,-0.04606006390319089
2022-12-30,Defense,Critical Minerals,1.80228984203077,1.3217221796209189,0.04551997802109069,-0.1712202950817111
2022-12-30,Defense,Water,1.4832164936728802,1.2849183336581604,-0.06484901730295208,-0.16199144790057213
2022-12-30,Defense,Timber & Forestry,1.6722805336126685,1.4158876619388243,-0.11815746953936304,-0.25375149942444786
2022-12-30,Fintech,US Infrastructure,1.2962474027685715,1.1947729949383956,0.11333506721676131,0.029852583140898406
2022-12-30,Fintech,Agribusiness,1.5553536099883551,1.2854009502971209,0.055821938465913726,-0.12258108751922467
2022-12-30,Fintech,Critical Minerals,1.903127218548861,1.352235168178413,0.14220942131214157,-0.11861862121191316
2022-12-30,Fintech,Water,1.402336029847314,1.1162174920003651,0.19564057620506675,0.0
2022-12-30,Fintech,Timber & Forestry,1.3351099446490535,1.1695126937689035,0.20921181220201113,0.14638477868005434
2022-12-30,US Infrastructure,Agribusiness,0.9438508609473295,0.8527392045940853,0.5920905179241243,0.5037850239958862
2022-12-30,US Infrastructure,Critical Minerals,1.290933336086825,1.0368882953460659,0.41149973574052934,0.1759390107839497
2022-12-30,US Infrastructure,Water,0.8962206405484701,0.8261139994043233,0.6245357445430764,0.45976697979672354
2022-12-30,US Infrastructure,Timber & Forestry,1.3077015742658524,0.9761006040586587,0.16326776274272214,0.14142991216672474
2022-12-30,Agribusiness,Critical Minerals,1.308623621060723,1.1435151639344696,0.7813987386645258,0.4375841738713145
2022-12-30,Agribusiness,Water,1.2141165856351752,1.0881581320603926,0.3217612222167136,0.2602067898196253
2022-12-30,Agribusiness,Timber & Forestry,1.2285391787067996,1.063178656725101,0.2784216996795511,0.22448542032051585
2022-12-30,Critical Minerals,Water,1.8038530251090004,1.2388339773321688,0.22791918580483103,0.2068811744866391
2022-12-30,Critical Minerals,Timber & Forestry,1.3937748369687577,0.8925753541529887,0.36737400423654865,0.1886671073172799
2022-12-30,Water,Timber & Forestry,1.1309086845047176,0.7274632028129018,0.6439315536418179,0.17582665765250843
2023-01-27,Robotics & AI,AI Infrastructure,1.1782429170978865,0.7231123992356552,0.6434361194992877,0.5421041763275455
2023-01-27,Robotics & AI,Clean Energy,1.0568112775093343,0.9249621526886381,0.2842513730024553,0.14247093340357236
2023-01-27,Robotics & AI,Cybersecurity,1.385149830376595,1.346976462120007,0.12251536658874854,0.056178872337230054
2023-01-27,Robotics & AI,Defense,1.5471418429041965,1.4452358093694966,-0.08387737384109685,-0.19320696619002733
2023-01-27,Robotics & AI,Fintech,1.2915434789500095,1.202950900956823,0.2188868522270852,0.19852000832122596
2023-01-27,Robotics & AI,US Infrastructure,1.2702388636897866,1.0250311173073314,0.4417017906102648,0.1709664185098121
2023-01-27,Robotics & AI,Agribusiness,1.2436942649407368,1.1157048946775467,0.2722220126424392,0.22237134372177197
2023-01-27,Robotics & AI,Critical Minerals,1.4966346612516777,0.9647661700363782,0.40051611280861693,0.23603858550526635
2023-01-27,Robotics & AI,Water,1.2798887876918907,1.0972154145627446,0.5795704714374308,0.34388730918405086
2023-01-27,Robotics & AI,Timber & Forestry,0.7597321153046356,0.4547348551352095,0.7339111922641885,0.6625853195338898
2023-01-27,AI Infrastructure,Clean Energy,1.1417763723327894,0.7680932451674337,0.5807407183262026,0.26882683849601163
2023-01-27,AI Infrastructure,Cybersecurity,1.4652569986281174,0.6801371724555741,0.7702094280236323,0.06130006037836279
2023-01-27,AI Infrastructure,Defense,1.3500162083540863,1.0876806716369938,0.3741548424963952,0.10727661053280568
2023-01-27,AI Infrastructure,Fintech,1.255512240337437,0.8891326677788199,0.5613213120274205,0.06445025532288767
2023-01-27,AI Infrastructure,US Infrastructure,1.4524877405781018,1.2404990894928345,0.21000911526157914,-0.12470494657536105
2023-01-27,AI Infrastructure,Agribusiness,1.430681911590724,1.2105577594867039,0.19287959602164984,-0.0017120866503657435
2023-01-27,AI Infrastructure,Critical Minerals,1.4765069247573346,0.9092211779540949,0.4318504283607601,0.00845129539710066
2023-01-27,AI Infrastructure,Water,1.4716757462633996,1.3157255962638603,0.2640084958358602,0.0936086271277809
2023-01-27,AI Infrastructure,Timber & Forestry,1.4358831904391485,0.9392581076169467,0.39122334104174245,0.06280957337029101
2023-01-27,Clean Energy,Cybersecurity,1.327319992566063,1.1722656643880718,0.0,-0.0652874002859057
2023-01-27,Clean Energy,Defense,1.4298225473038013,1.1406666500469635,0.0,-0.14113316923958502
2023-01-27,Clean Energy,Fintech,1.3696461295619364,1.3089033141487245,0.23724491012701637,-0.13861185516992186
2023-01-27,Clean Energy,US Infrastructure,1.2267095857948187,0.9040051751647404,0.33943909553268536,0.04661511526144105
2023-01-27,Clean Energy,Agribusiness,1.3683906741959675,1.225950651875995,0.19325739647902793,0.10740298703898589
2023-01-27,Clean Energy,Critical Minerals,1.5703175603471011,0.9604586379594492,0.5697141232970167,0.08362557913471264
2023-01-27,Clean Energy,Water,1.3333186743631602,0.9041079061597674,0.7844248214882664,0.4282288618769944
2023-01-27,Clean Energy,Timber & Forestry,1.1642288669232905,1.0363822043942559,-0.11773252202024212,-0.18363292631452474
2023-01-27,Cybersecurity,Defense,1.2587376102076326,1.2014542438686038,0.4198662103600073,0.2401128335783759
2023-01-27,Cybersecurity,Fintech,1.381237571775434,1.1386036122413106,0.40142195140597337,0.21578097233437046
2023-01-27,Cybersecurity,US Infrastructure,1.4134402927000915,1.352920742433142,0.15094010970146698,-0.0018419796416857678
2023-01-27,Cybersecurity,Agribusiness,1.3331185462180517,1.1828296452107996,0.3096574836192089,0.2068314158178256
2023-01-27,Cybersecurity,Critical Minerals,1.5806175473621435,1.2870420431529868,0.061964285180251884,-0.25854849877766684
2023-01-27,Cybersecurity,Water,1.4443248006870608,1.419699986931128,0.06732790025938105,0.0
2023-01-27,Cybersecurity,Timber & Forestry,1.4851560611799512,1.409880285837225,0.0,-0.05828401404442718
2023-01-27,Defense,Fintech,1.1092379414092897,0.8243374198957427,0.5630582863258359,0.17429122649193668
2023-01-27,Defense,US Infrastructure,1.2033967673396422,0.9511369838046358,0.34103320679422705,0.14710489528797324
2023-01-27,Defense,Agribusiness,1.5357360541484397,1.3841760972430286,0.02241368446347676,-0.0597585780215344
2023-01-27,Defense,Critical Minerals,1.839914983353889,1.3611078503220406,0.07100104200523218,-0.2746988322062065
2023-01-27,Defense,Water,1.4637545181429459,1.2397970672010763,-0.03449760436854053,-0.12663693578809643
2023-01-27,Defense,Timber & Forestry,1.5732225849945947,1.343287750995961,-0.10347736838355155,-0.28087320270033006
2023-01-27,Fintech,US Infrastructure,1.46784013523193,1.386448361760702,0.13193845739873766,-0.14510478936544147
2023-01-27,Fintech,Agribusiness,1.6809897367448083,1.3076902506778871,0.028022962467507764,-0.21103233055991552
2023-01-27,Fintech,Critical Minerals,1.920229599096592,1.3269752199161147,0.21372444528472612,-0.0946726158521865
2023-01-27,Fintech,Water,1.5385986883355212,1.2462444971748456,0.09987855310879822,-0.12969065431662297
2023-01-27,Fintech,Timber & Forestry,1.3770292709029561,1.1461565543026127,0.31165866248965124,0.0
2023-01-27,US Infrastructure,Agribusiness,1.0042037482864736,0.9006006827498417,0.5540744602802353,0.5037544768799812
2023-01-27,US Infrastructure,Critical Minerals,1.3271176023206726,0.9880792306058196,0.49246110118360387,0.2621030699655518
2023-01-27,US Infrastructure,Water,0.9096581934587961,0.7853004927450484,0.5829377954942342,0.5267321031377438
2023-01-27,US Infrastructure,Timber & Forestry,1.246341599561642,0.9235910631923168,0.3621492851606321,0.24554700622210407
2023-01-27,Agribusiness,Critical Minerals,1.3404932023438791,1.1587131102295058,0.8671270129814755,0.43905033257675663
2023-01-27,Agribusiness,Water,1.1585570355774186,1.0185978987724347,0.3297350119188103,0.28672165390304
2023-01-27,Agribusiness,Timber & Forestry,1.220367412965277,1.1142841124559666,0.36686061263836656,0.19986552923035192
2023-01-27,Critical Minerals,Water,1.8294787661360288,1.2176400445733524,0.26592982815560856,0.1327814733417991
2023-01-27,Critical Minerals,Timber & Forestry,1.4709865956216592,0.8584654221827748,0.422888341117375,0.27574926430790847
2023-01-27,Water,Timber & Forestry,1.0614298180016617,0.9127561176622065,0.5537601939715897,0.33975374892280713
2023-02-24,Robotics & AI,AI Infrastructure,1.0867654130058964,0.9026665762515054,0.6860560251374584,0.4853564448932911
2023-02-24,Robotics & AI,Clean Energy,1.1141936698234216,1.0425771006487272,0.22210354424072504,0.1503946008945575
2023-02-24,Robotics & AI,Cybersecurity,1.410732858496836,1.3458921218883966,0.12012158984595767,0.014085404961302674
2023-02-24,Robotics & AI,Defense,1.5885084934532503,1.2890346433676796,0.11957826824513669,-0.18441837342723216
2023-02-24,Robotics & AI,Fintech,1.205946197123165,1.1675359010215243,0.22179852821998639,0.19236601550880184
2023-02-24,Robotics & AI,US Infrastructure,1.3327423253029458,1.0143225746142315,0.4611806133744502,0.11644281865167434
2023-02-24,Robotics & AI,Agribusiness,1.3852001745716844,1.2251409158387876,0.1434493007455428,0.0
2023-02-24,Robotics & AI,Critical Minerals,1.4977529814035093,0.8468871942153211,0.5657522624660638,0.21235245744647283
2023-02-24,Robotics & AI,Water,1.275041462244614,0.8142632323379362,0.795273480758143,0.3335597296848902
2023-02-24,Robotics & AI,Timber & Forestry,0.8525702030604831,0.524984346749745,0.6334212097412278,0.5440481332108928
2023-02-24,AI Infrastructure,Clean Energy,1.1929980153135191,0.789502796351527,0.5059247895441863,0.17709580247028403
2023-02-24,AI Infrastructure,Cybersecurity,1.3222812995778574,0.8452149459184181,0.6624720745293701,0.17450497400046613
2023-02-24,AI Infrastructure,Defense,1.4687582941683321,1.1532798296450688,0.21935928496202828,0.0
2023-02-24,AI Infrastructure,Fintech,1.261338015415362,0.907411141786151,0.5495255728582765,0.20212174163525354
2023-02-24,AI Infrastructure,US Infrastructure,1.5455337316609652,1.4061777010457737,0.030458950637642954,-0.13361963370018173
2023-02-24,AI Infrastructure,Agribusiness,1.4432050699063323,1.2527914970640983,0.037448127662714124,0.0
2023-02-24,AI Infrastructure,Critical Minerals,1.5596558349412557,1.0216465361518856,0.28927288862776535,0.058671391147967884
2023-02-24,AI Infrastructure,Water,1.6022097314086912,1.2394802669604243,0.4336719875043848,0.05787762543141393
2023-02-24,AI Infrastructure,Timber & Forestry,1.3458108037158338,1.1472811418094049,0.4946910792494225,0.08416754913403061
2023-02-24,Clean Energy,Cybersecurity,1.341986614873702,1.270868746920126,0.0,-0.16096181763381712
2023-02-24,Clean Energy,Defense,1.4416479940257168,1.028462500678437,0.0,-0.18025591928157875
2023-02-24,Clean Energy,Fintech,1.3780880531193078,1.2456254788093641,0.0,-0.16503619659053265
2023-02-24,Clean Energy,US Infrastructure,1.314531695398641,0.893561375748176,0.16859635964736894,0.0
2023-02-24,Clean Energy,Agribusiness,1.451534034330473,1.3735469447537763,0.10533132058213769,0.0
2023-02-24,Clean Energy,Critical Minerals,1.6598446345677034,1.028384525417666,0.6110596696946116,0.05340988245641305
2023-02-24,Clean Energy,Water,1.4598006827417047,1.106751803147393,0.4197342134004832,0.18706860047730717
2023-02-24,Clean Energy,Timber & Forestry,1.3417021770543718,1.2118273410443259,-0.24213602113639937,-0.4436232944098472
2023-02-24,Cybersecurity,Defense,1.3553654791451473,1.2408533376223894,0.41809162641402087,0.26663222728779856
2023-02-24,Cybersecurity,Fintech,1.444995716966518,1.3332476320096365,0.2391009751854141,0.1514337494125986
2023-02-24,Cybersecurity,US Infrastructure,1.378751504712975,1.2404537029264902,0.1323321079848817,0.06971101641630201
2023-02-24,Cybersecurity,Agribusiness,1.2832571770678083,1.0250266381797322,0.41386699232551327,0.23841691575114263
2023-02-24,Cybersecurity,Critical Minerals,1.4908748059346117,1.2493216863159697,0.22864490297624185,-0.11239992980021496
2023-02-24,Cybersecurity,Water,1.4924736557921978,1.4328756418575141,0.0,-0.08657457348582885
2023-02-24,Cybersecurity,Timber & Forestry,1.4348734947657273,1.3358808672510938,0.08859079996606453,-0.0133300874643962
2023-02-24,Defense,Fintech,1.1975112870810287,0.9578304347157455,0.34676078555912193,0.11587795569908804
2023-02-24,Defense,US Infrastructure,1.2318259180008257,0.9366785776056827,0.4486819825958711,0.2601629457683615
2023-02-24,Defense,Agribusiness,1.473864032270833,1.2069387869626824,0.16038213094572742,0.01547297844848665
2023-02-24,Defense,Critical Minerals,1.846087800153716,1.2045828006127437,-0.02898165465734163,-0.2076406673468066
2023-02-24,Defense,Water,1.4294663457031058,0.9079915118442872,0.35659285226605164,0.0016358148223577951
2023-02-24,Defense,Timber & Forestry,1.5370822962064064,1.1972414573567691,0.1663253048729078,-0.12556405304859888
2023-02-24,Fintech,US Infrastructure,1.4301410156821075,1.363244147493806,0.040868011755798815,-0.16327814939381624
2023-02-24,Fintech,Agribusiness,1.6540123095729002,1.319988640464414,0.009544228133549297,-0.20717583701502532
2023-02-24,Fintech,Critical Minerals,1.9028499361125928,1.3496207039673263,0.20934528276476122,-0.006399259091677181
2023-02-24,Fintech,Water,1.5365470212904997,1.102925409644992,0.19105372701460027,-0.1492613052714349
2023-02-24,Fintech,Timber & Forestry,1.273969220084611,1.0959269483989982,0.41667493370321534,0.1501295514494962
2023-02-24,US Infrastructure,Agribusiness,1.0512777899774677,0.9715794100630831,0.5178360510299178,0.39742552297601064
2023-02-24,US Infrastructure,Critical Minerals,1.402380349710056,0.9116476939938833,0.4064841423351673,0.15669785068659206
2023-02-24,US Infrastructure,Water,0.9361968153212363,0.9192842464404909,0.55682454325024,0.49851180271173523
2023-02-24,US Infrastructure,Timber & Forestry,1.266700813183207,1.0194534842287073,0.2533387313594414,0.23043858247019733
2023-02-24,Agribusiness,Critical Minerals,1.3710878781074223,1.2234505941483584,0.7331142340361366,0.3466880235723404
2023-02-24,Agribusiness,Water,1.1967296942624923,1.0505934506672059,0.29284722586713297,0.2202928669032167
2023-02-24,Agribusiness,Timber & Forestry,1.3408631877678896,1.120233018196263,0.3701439636490535,0.0
2023-02-24,Critical Minerals,Water,1.819660362754106,1.0362361320799383,0.4646205622470696,0.16678304685205594
2023-02-24,Critical Minerals,Timber & Forestry,1.4931783070312297,0.9710644217104504,0.19824490505928205,0.18316189958416734
2023-02-24,Water,Timber & Forestry,1.0717614886243383,0.794750598847621,0.5880543723142639,0.3943046526219741
2023-03-31,Robotics & AI,AI Infrastructure,1.147070066204065,0.9590750297430981,0.6760721262956776,0.41467497253939933
2023-03-31,Robotics & AI,Clean Energy,1.1733019134935383,0.9909299407229671,0.3072689357220711,0.14375478592543542
2023-03-31,Robotics & AI,Cybersecurity,1.3082638690278758,1.2614267146396518,0.22900266604511166,0.17409623859089413
2023-03-31,Robotics & AI,Defense,1.408483538219636,1.3071351028823746,0.3051873145387067,0.1866902276028365
2023-03-31,Robotics & AI,Fintech,1.2134341509913789,1.1667232920138122,0.3578712420003864,0.2140777669248154
2023-03-31,Robotics & AI,US Infrastructure,1.265496550856287,1.0954700036268896,0.3659538313506542,0.23119354084841395
2023-03-31,Robotics & AI,Agribusiness,1.3885116532286725,1.235758101242707,0.11947598951614218,0.012589949751319884
2023-03-31,Robotics & AI,Critical Minerals,1.4894786654723344,0.9630061471811803,0.29544688006207226,0.20288361249952513
2023-03-31,Robotics & AI,Water,1.299756066323851,0.890718005672273,0.6978838061915235,0.29344859559879233
2023-03-31,Robotics & AI,Timber & Forestry,0.6929204452441615,0.5638471745326431,0.7193853608672175,0.6887278081762862
2023-03-31,AI Infrastructure,Clean Energy,1.173778393314877,0.797124279704687,0.5162242639449114,0.16083187298511198
2023-03-31,AI Infrastructure,Cybersecurity,1.389267494500031,0.5977234641056485,0.8226336841557266,0.11971983624282506
2023-03-31,AI Infrastructure,Defense,1.3980019922057527,1.0216251784712456,0.4423331585409813,0.16534042611884697
2023-03-31,AI Infrastructure,Fintech,1.2354015956903779,0.8410834720770975,0.6325991626305979,0.0706451586558776
2023-03-31,AI Infrastructure,US Infrastructure,1.5299514034599515,1.2525450996876961,0.10849506805939828,-0.024058369040271546
2023-03-31,AI Infrastructure,Agribusiness,1.5413836571686346,1.281234524418316,0.0,-0.1749305193649626
2023-03-31,AI Infrastructure,Critical Minerals,1.5873483020243457,0.9490819721279972,0.4104648817738605,-0.05793332306072873
2023-03-31,AI Infrastructure,Water,1.5650842641560831,1.3394406119479523,0.42146476539012234,-0.041133718535688216
2023-03-31,AI Infrastructure,Timber & Forestry,1.3340396247703152,1.1792109078729578,0.49815909924671026,0.07919849611830257
2023-03-31,Clean Energy,Cybersecurity,1.3965760100757583,1.2175791521569328,0.0,-0.09058117417069608
2023-03-31,Clean Energy,Defense,1.5161253489972448,1.244047606138907,0.0,-0.13633866121524457
2023-03-31,Clean Energy,Fintech,1.4385449299713744,1.3247469257733069,0.1101406141145493,-0.17119647652280656
2023-03-31,Clean Energy,US Infrastructure,1.3079903352057405,0.9023332020357636,0.3556110557976574,-0.021968801743041368
2023-03-31,Clean Energy,Agribusiness,1.45641410942734,1.3306384620478513,0.11819997080901008,0.0
2023-03-31,Clean Energy,Critical Minerals,1.6141524611535547,0.9338862546567135,0.5827470616110665,0.10586650191904391
2023-03-31,Clean Energy,Water,1.3939917296750624,1.074560468810356,0.6075415459498396,0.31478241938490953
2023-03-31,Clean Energy,Timber & Forestry,1.290757064124911,1.1642275154302935,-0.19805667585393766,-0.2844212270640586
2023-03-31,Cybersecurity,Defense,1.2564132875920588,1.0453821343084284,0.5842337997589009,0.3481496210289491
2023-03-31,Cybersecurity,Fintech,1.2847051639285305,1.1584688318593548,0.4253909746744169,0.3361592643194621
2023-03-31,Cybersecurity,US Infrastructure,1.3562328168483553,1.3044074994686057,0.10805906818171886,0.09770334413113148
2023-03-31,Cybersecurity,Agribusiness,1.4246682196797096,1.3035915946503762,0.013513301517112917,-0.02134019115324489
2023-03-31,Cybersecurity,Critical Minerals,1.5733949236251987,1.2353240532394714,0.10450212125159121,-0.2201464611212596
2023-03-31,Cybersecurity,Water,1.5330934432995118,1.5034763126710524,-0.2094476771665007,-0.24264683096891687
2023-03-31,Cybersecurity,Timber & Forestry,1.3655645952770898,1.3247198491383387,0.1037979719135154,0.04985428411194575
2023-03-31,Defense,Fintech,1.1190474834409905,0.8895923585324559,0.4469298400492872,0.07910839768379631
2023-03-31,Defense,US Infrastructure,1.1213648710240998,1.0226124472447002,0.4404741033682349,0.27550323860483267
2023-03-31,Defense,Agribusiness,1.4648250928987558,1.2268272372901547,0.2421834739697432,0.0
2023-03-31,Defense,Critical Minerals,1.8655997983696977,1.3450579810629113,0.20215484253280522,-0.24696195117810907
2023-03-31,Defense,Water,1.2966900667112717,1.1329401347685328,0.1517088332328646,0.058171162509703236
2023-03-31,Defense,Timber & Forestry,1.5165915888594996,1.2197750507476763,0.14055454917218063,0.0
2023-03-31,Fintech,US Infrastructure,1.4192505013209638,1.3606795716586408,0.10556654805449464,-0.015950129589351224
2023-03-31,Fintech,Agribusiness,1.695327380947932,1.3248505149298218,0.0,-0.24521997096849985
2023-03-31,Fintech,Critical Minerals,1.9629492904956325,1.3330741794902174,0.1313540204692875,0.0
2023-03-31,Fintech,Water,1.5842053613493303,1.1867921370037917,0.19068583535352301,-0.2217782406566589
2023-03-31,Fintech,Timber & Forestry,1.266115887053508,1.1079027877323426,0.4610338280715747,0.21808174067636368
2023-03-31,US Infrastructure,Agribusiness,0.965086922340927,0.8671570078836545,0.6377856152682728,0.5002729273223143
2023-03-31,US Infrastructure,Critical Minerals,1.363403200332166,1.042981164708771,0.5481477235686519,0.21100592412413532
2023-03-31,US Infrastructure,Water,0.9218061340099556,0.8197599831285359,0.5792082042615649,0.53146210195731
2023-03-31,US Infrastructure,Timber & Forestry,1.1845971337877474,0.8493742600795643,0.4554390601575322,0.3141412591646069
2023-03-31,Agribusiness,Critical Minerals,1.372927568125464,1.30337631554683,0.7878208313395318,0.291213619925068
2023-03-31,Agribusiness,Water,1.1456546015636058,1.0482493840026652,0.35757964734394054,0.291236007976264
2023-03-31,Agribusiness,Timber & Forestry,1.2423633374796474,1.0659932364926594,0.23264616199670007,0.19800090974525775
2023-03-31,Critical Minerals,Water,1.7587225199084782,1.096467058834934,0.402374000224543,0.24277077636682368
2023-03-31,Critical Minerals,Timber & Forestry,1.446324642165735,0.9559542845272272,0.3172678640684005,0.2749940897231949
2023-03-31,Water,Timber & Forestry,1.088925467053814,0.787490735591136,0.6395032958022109,0.2658002537829102
2023-04-28,Robotics & AI,AI Infrastructure,1.0766343157566978,0.9279252928203338,0.6944167242324342,0.3980031975684736
2023-04-28,Robotics & AI,Clean Energy,1.2990873556139129,1.0822204473375598,0.21282503074007547,0.16110916117641993
2023-04-28,Robotics & AI,Cybersecurity,1.299974997139711,1.2540252212221688,0.27366450833271017,0.1976757908454092
2023-04-28,Robotics & AI,Defense,1.4450680728525707,1.3138002394738402,0.19411972422225504,0.11384554612274123
2023-04-28,Robotics & AI,Fintech,1.075057891939339,1.0315075625249603,0.3988995304233135,0.34452114170241394
2023-04-28,Robotics & AI,US Infrastructure,1.2710420569904102,1.0304305205011546,0.4618302488048191,0.18956876383803087
2023-04-28,Robotics & AI,Agribusiness,1.302034600790649,1.05495692684233,0.34896709410280835,0.036077200423848835
2023-04-28,Robotics & AI,Critical Minerals,1.4409228840999229,0.8356631546126454,0.4012855734337442,0.17069407429173922
2023-04-28,Robotics & AI,Water,1.292829706080917,0.9118917696021926,0.6611629442233944,0.2793215998062476
2023-04-28,Robotics & AI,Timber & Forestry,0.6837910690964681,0.4869188144487076,0.85030680978673,0.7326861606305709
2023-04-28,AI Infrastructure,Clean Energy,1.1807734895848179,0.8805637537145256,0.5053233837156174,0.1936369033132223
2023-04-28,AI Infrastructure,Cybersecurity,1.499659230227071,0.7989034574931535,0.7124120201365695,0.035975475355769095
2023-04-28,AI Infrastructure,Defense,1.4682295886965033,1.1347354653817785,0.28536746553957254,0.0
2023-04-28,AI Infrastructure,Fintech,1.099922900520036,0.6497053727639015,0.8236487799996106,0.24031402060512844
2023-04-28,AI Infrastructure,US Infrastructure,1.5217445549394795,1.2505870394334142,0.23870213747207794,-0.17304396433051278
2023-04-28,AI Infrastructure,Agribusiness,1.6961859824745373,1.2562413602182525,0.18820507603264414,-0.12997951492820797
2023-04-28,AI Infrastructure,Critical Minerals,1.5024830009323298,0.8446987174971957,0.5279381281135659,0.0
2023-04-28,AI Infrastructure,Water,1.6228493440233425,1.2791759621599328,0.23004807346261225,-0.07320078282337997
2023-04-28,AI Infrastructure,Timber & Forestry,1.294737716268257,1.1527853570218116,0.4397530940602677,0.1879361438028727
2023-04-28,Clean Energy,Cybersecurity,1.4161183710351235,1.3045447955134957,0.0,-0.21133578733710334
2023-04-28,Clean Energy,Defense,1.4088417041681385,1.258656579810364,0.2040454275380852,-0.15652174936186383
2023-04-28,Clean Energy,Fintech,1.4051394982472722,1.241427276518418,0.22974592920491996,-0.02235783893015827
2023-04-28,Clean Energy,US Infrastructure,1.2556286570458903,0.8729567535709865,0.40995943325267975,0.09137519340750534
2023-04-28,Clean Energy,Agribusiness,1.3203645061306062,1.1873489802279533,0.3874776963494249,0.1668696812390474
2023-04-28,Clean Energy,Critical Minerals,1.5028578798414751,0.9023752569585722,0.5808465046160523,0.12127247562695939
2023-04-28,Clean Energy,Water,1.2841350757763506,0.9879430795409451,0.5889898363587999,0.3649340380061812
2023-04-28,Clean Energy,Timber & Forestry,1.2603496061606136,1.0644506927197261,0.1817363301770469,0.014316080870938011
2023-04-28,Cybersecurity,Defense,1.2960793883829724,1.1763374320244573,0.2723786057020178,0.21615050623709026
2023-04-28,Cybersecurity,Fintech,1.155130263197364,1.1228189061041343,0.6339185751572722,0.4729184062742357
2023-04-28,Cybersecurity,US Infrastructure,1.4465117740249163,1.3589773343239304,-0.020744987438301582,-0.11498076258078183
2023-04-28,Cybersecurity,Agribusiness,1.30718031253463,1.166529787943615,0.12038927690136819,0.07254607600716359
2023-04-28,Cybersecurity,Critical Minerals,1.3468581655720182,1.2768941053126903,0.15303816917580887,-0.03659727849080957
2023-04-28,Cybersecurity,Water,1.5132221757084143,1.4926012912724833,-0.20041001839884637,-0.23053328579093119
2023-04-28,Cybersecurity,Timber & Forestry,1.4334576346235905,1.4203155058393455,0.0,0.0
2023-04-28,Defense,Fintech,1.187716072445306,0.9788427947877977,0.4217517064006653,0.10325071782282626
2023-04-28,Defense,US Infrastructure,1.3241135744087391,0.9127329911470409,0.362254267066202,0.16135101769748939
2023-04-28,Defense,Agribusiness,1.3205918723354184,1.1515963432320386,0.32468513365420437,0.13334125660108778
2023-04-28,Defense,Critical Minerals,1.5341250924376462,1.3283016141973334,0.2671998045598859,0.0
2023-04-28,Defense,Water,1.4218262872838006,1.2138862979438745,0.03872830327848124,0.0
2023-04-28,Defense,Timber & Forestry,1.656239171447691,1.5551130977621799,-0.16775213056520558,-0.20028465981054172
2023-04-28,Fintech,US Infrastructure,1.4182831720909765,1.3853236444236567,0.005911826341020146,-0.1881112902834183
2023-04-28,Fintech,Agribusiness,1.5873711030684745,1.3641447795845172,-0.08044892477810246,-0.14375723615595792
2023-04-28,Fintech,Critical Minerals,1.9065736909022628,1.263868628443709,0.10406981302296096,-0.15316496762972787
2023-04-28,Fintech,Water,1.5828747131955745,1.2164555793226717,0.03752689340044904,-0.3472194488218685
2023-04-28,Fintech,Timber & Forestry,1.308182346081957,1.168282265401435,0.2201279515925898,0.16456328099265627
2023-04-28,US Infrastructure,Agribusiness,0.9729457050489537,0.720421176985096,0.6454214184056732,0.5598610631596272
2023-04-28,US Infrastructure,Critical Minerals,1.2639270511319667,1.0703715317045919,0.4932576306168289,0.33483621481406634
2023-04-28,US Infrastructure,Water,0.7437432558032346,0.707162553912193,0.758642741010144,0.6875345754142483
2023-04-28,US Infrastructure,Timber & Forestry,1.2711001508221718,1.0192368060856194,0.48058452030195725,0.25309891168240367
2023-04-28,Agribusiness,Critical Minerals,1.4563165275563514,1.1638168353711251,0.8012712636572819,0.39429470100524183
2023-04-28,Agribusiness,Water,0.9638177223881882,0.8991249823364029,0.5420033240365519,0.35757057579970086
2023-04-28,Agribusiness,Timber & Forestry,1.2378832713791745,1.0262092890457457,0.48424210277292107,0.27285051207619987
2023-04-28,Critical Minerals,Water,1.7078980157079164,1.1092540114046854,0.44816192462472115,0.276107831574418
2023-04-28,Critical Minerals,Timber & Forestry,1.4063739961120874,0.811719948778114,0.49633388773620335,0.40377092924200575
2023-04-28,Water,Timber & Forestry,1.102656813105857,0.9372446495234048,0.7398065724051722,0.40154148694196745
2023-05-26,Robotics & AI,AI Infrastructure,1.112233183788869,0.9540944615218675,0.4854862432525079,0.44227152756997073
2023-05-26,Robotics & AI,Clean Energy,1.2701505960283412,1.1735856059121925,0.1896864847751613,0.0
2023-05-26,Robotics & AI,Cybersecurity,1.2656084907830296,1.166595804469578,0.3177789075476652,0.26738463420885994
2023-05-26,Robotics & AI,Defense,1.5333790167092436,1.399102434227541,0.024436404500531077,-0.11807025309777058
2023-05-26,Robotics & AI,Fintech,0.9831906339055833,0.8606943560618692,0.3987761367462969,0.3620747154991571
2023-05-26,Robotics & AI,US Infrastructure,1.369959774812488,1.1040047991146154,0.34624015750071974,0.08999574674123789
2023-05-26,Robotics & AI,Agribusiness,1.3653740299038222,1.299360410407988,0.17784480473861866,0.04815863005628375
2023-05-26,Robotics & AI,Critical Minerals,1.5712509284224792,1.0773326251405053,0.13577330344472163,0.08614867945482059
2023-05-26,Robotics & AI,Water,1.2553324163050117,1.0233649864512187,0.4647088863231138,0.2680888833332912
2023-05-26,Robotics & AI,Timber & Forestry,0.973098074184195,0.7527385635598067,0.6314908021276691,0.49336006947748495
2023-05-26,AI Infrastructure,Clean Energy,1.1765962625115238,0.9053558874356318,0.4739314449585886,0.2057659892153961
2023-05-26,AI Infrastructure,Cybersecurity,1.4688668129356737,0.6978107626013187,0.7533071758406347,-0.06260302628208961
2023-05-26,AI Infrastructure,Defense,1.4996565945402103,1.1659502696182826,0.1574886499383243,0.0
2023-05-26,AI Infrastructure,Fintech,1.110774039766373,0.72186409765706,0.7994634057950434,0.25396242457137386
2023-05-26,AI Infrastructure,US Infrastructure,1.5285768137753841,1.3258416605572712,-0.1039343454380314,-0.16313929079920125
2023-05-26,AI Infrastructure,Agribusiness,1.605424309977708,1.2049327412885782,0.12530907555263193,-0.26049517102970876
2023-05-26,AI Infrastructure,Critical Minerals,1.6311970687483393,0.9431723672888193,0.40933896369714134,-0.12628130489557965
2023-05-26,AI Infrastructure,Water,1.5563203647653125,1.3727329194791549,0.0,-0.1798487728824893
2023-05-26,AI Infrastructure,Timber & Forestry,1.4114843999823872,1.2288386407116918,0.17441214966020632,0.022626543907285974
2023-05-26,Clean Energy,Cybersecurity,1.31999477821385,1.2298349939863265,0.0,-0.18892135399805526
2023-05-26,Clean Energy,Defense,1.5056363411012639,1.3185396013314634,-0.17857546485818146,-0.23847277233765024
2023-05-26,Clean Energy,Fintech,1.4968384588219366,1.1831910505450929,0.2798607919555648,-0.11527098334497271
2023-05-26,Clean Energy,US Infrastructure,1.3460083176420388,0.9367375123298374,0.2807436494128687,-0.03861081512157371
2023-05-26,Clean Energy,Agribusiness,1.3961019796452685,0.9191849682485934,0.48621967044022013,0.0
2023-05-26,Clean Energy,Critical Minerals,1.6341539746695437,1.0151199804382103,0.6407844448112869,0.0
2023-05-26,Clean Energy,Water,1.5130569476572397,1.0600641391447652,0.45999809301970457,0.04813361848406656
2023-05-26,Clean Energy,Timber & Forestry,1.1703966416831322,1.1077443747965743,0.008877714363866227,0.0
2023-05-26,Cybersecurity,Defense,1.317566685871814,1.2457308093469073,0.37329289671982424,0.18477249168643767
2023-05-26,Cybersecurity,Fintech,1.058774835910637,1.0225916501016192,0.5678261263300333,0.4681557867031463
2023-05-26,Cybersecurity,US Infrastructure,1.4235194761290908,1.3607333039006613,0.05191516296019146,0.0
2023-05-26,Cybersecurity,Agribusiness,1.3989143488430005,1.2521671629662778,0.14426564297210692,0.0
2023-05-26,Cybersecurity,Critical Minerals,1.6259866333395474,1.3186676963207244,0.06123923775601407,-0.08083562639221382
2023-05-26,Cybersecurity,Water,1.5018830701270898,1.4551286952014326,-0.21487405934273074,-0.24224031114877176
2023-05-26,Cybersecurity,Timber & Forestry,1.4204067919911605,1.3764739493092382,0.0,0.0
2023-05-26,Defense,Fintech,1.1345395416115382,0.9893582298455424,0.4621910082689536,0.1767124507473514
2023-05-26,Defense,US Infrastructure,1.1880569175511924,0.948336969697549,0.4071913618321729,0.26069835990532264
2023-05-26,Defense,Agribusiness,1.413544817896126,1.2428627002478345,0.3327447621221346,0.02277052470480405
2023-05-26,Defense,Critical Minerals,2.0249638289432785,1.2882641353672908,-0.017146166298449908,-0.23888003926306858
2023-05-26,Defense,Water,1.4029685128679157,1.2271144251319481,0.18640444272042436,-0.03773767105608133
2023-05-26,Defense,Timber & Forestry,1.7366718495124709,1.4994523806874145,-0.16249366951960195,-0.24388340267362424
2023-05-26,Fintech,US Infrastructure,1.3653249317903904,1.307069614517358,0.008223752233652078,-0.12608666750722475
2023-05-26,Fintech,Agribusiness,1.5313626482642857,1.4050963495693505,0.03912910277978533,-0.12764563946708427
2023-05-26,Fintech,Critical Minerals,2.046462697457318,1.2153676496810681,0.15685360158522987,-0.01642852696841738
2023-05-26,Fintech,Water,1.5631635810414062,1.2025743394806412,0.0776521430913259,-0.35311918841204043
2023-05-26,Fintech,Timber & Forestry,1.210712621108255,0.9416807476273172,0.372040504657028,0.1618357937402272
2023-05-26,US Infrastructure,Agribusiness,1.0375439905770183,0.704729342753875,0.6489136223326639,0.4054845510130293
2023-05-26,US Infrastructure,Critical Minerals,1.6711720426359935,1.1220379182985503,0.0630785319353973,0.0006272199981980348
2023-05-26,US Infrastructure,Water,0.8749612225083778,0.6040260509959616,0.7128583006802226,0.5769357189692073
2023-05-26,US Infrastructure,Timber & Forestry,1.2813985014290408,1.1226445601249453,0.37278592954331946,0.21551515649758263
2023-05-26,Agribusiness,Critical Minerals,1.455479997388918,1.282399365992047,0.7272677183486324,0.13133940911102915
2023-05-26,Agribusiness,Water,1.040412093227815,0.8852168781878423,0.4505212488396289,0.3738050960414457
2023-05-26,Agribusiness,Timber & Forestry,1.0080729920847489,0.8789475317748193,0.5339678022838137,0.37308223662995055
2023-05-26,Critical Minerals,Water,1.9494666963178333,1.1259612035469109,0.3394588819709691,0.1204683261084849
2023-05-26,Critical Minerals,Timber & Forestry,1.3191114272656872,0.9470572492390331,0.5118076466537828,0.3110015550142684
2023-05-26,Water,Timber & Forestry,0.9588418821198742,0.7852619217528417,0.7590103052768956,0.6059950628917515
2023-06-30,Robotics & AI,AI Infrastructure,1.049495364572071,0.9653573567471017,0.6537075147134772,0.4651598662511234
2023-06-30,Robotics & AI,Clean Energy,1.1207411445011535,1.060360147777465,0.29720742268065237,0.18525533777112047
2023-06-30,Robotics & AI,Cybersecurity,1.2685066109936989,1.193435412323484,0.37324426533256577,0.25905682551510867
2023-06-30,Robotics & AI,Defense,1.339443587443295,1.245858318094612,0.22945488699214803,0.1670268840600344
2023-06-30,Robotics & AI,Fintech,1.085344852707461,1.033742483565748,0.22407397908388066,0.21100007853561903
2023-06-30,Robotics & AI,US Infrastructure,1.3371352985336866,1.1280982104908144,0.3399565861451934,0.133797827188781
2023-06-30,Robotics & AI,Agribusiness,1.3413027074916015,1.0592760052114991,0.36871224682933157,0.10300671021385971
2023-06-30,Robotics & AI,Critical Minerals,1.4724914602128543,0.9288699751999818,0.37248023517667245,0.23093245514230332
2023-06-30,Robotics & AI,Water,1.3016583484037971,1.2506742601481888,0.30769014367351993,0.21601743897561837
2023-06-30,Robotics & AI,Timber & Forestry,0.9793020892975228,0.7402984022925002,0.5689362866251337,0.4465009134102283
2023-06-30,AI Infrastructure,Clean Energy,1.212277721918632,0.9951587299407824,0.44568133066210225,0.25301628873392773
2023-06-30,AI Infrastructure,Cybersecurity,1.7196452514417435,0.7830332120960298,0.6989443709296691,-0.023034236269079557
2023-06-30,AI Infrastructure,Defense,1.5027467346240673,1.1706306436580818,0.12927056470091308,-0.10471172958294354
2023-06-30,AI Infrastructure,Fintech,1.1660830904395114,0.8135009559830454,0.6475807615740548,0.27166511641686625
2023-06-30,AI Infrastructure,US Infrastructure,1.5105250119754512,1.266493987287472,0.10244187862058482,-0.16318609896032865
2023-06-30,AI Infrastructure,Agribusiness,1.6034931975316786,1.1187059659369725,0.19639374549124913,-0.139544055636018
2023-06-30,AI Infrastructure,Critical Minerals,1.6063362059551272,0.8975215822960787,0.45947991104524805,0.0
2023-06-30,AI Infrastructure,Water,1.6416594965579046,1.4085518516573596,0.0993939955677569,-0.1783078554295756
2023-06-30,AI Infrastructure,Timber & Forestry,1.457574855091516,1.3360173451819273,0.43051375851840273,0.08458795591545776
2023-06-30,Clean Energy,Cybersecurity,1.279944594585119,1.1196814108547073,0.1332309955857511,-0.21785624165566048
2023-06-30,Clean Energy,Defense,1.576999644264252,1.3703985960828942,-0.11725773992399133,-0.30302513252012164
2023-06-30,Clean Energy,Fintech,1.4411766690746899,1.1896737224036085,0.30481784877005014,-0.08798850715548828
2023-06-30,Clean Energy,US Infrastructure,1.26049687136152,0.9302646375396754,0.2715997915117168,0.060229837717396886
2023-06-30,Clean Energy,Agribusiness,1.351560534427688,1.2264738705557774,0.26755152009540734,0.1119367940402149
2023-06-30,Clean Energy,Critical Minerals,1.5902151048535158,0.7057384308022296,0.7399465337851178,0.12990862534089553
2023-06-30,Clean Energy,Water,1.3241628672237924,1.2115729048427326,0.24186942863412342,0.20559048704689356
2023-06-30,Clean Energy,Timber & Forestry,1.0992732059163421,0.9737206312269302,0.25318258317682457,0.09568887730860852
2023-06-30,Cybersecurity,Defense,1.1621792075239086,1.1557226039446602,0.40455897043129047,0.2846153996121289
2023-06-30,Cybersecurity,Fintech,1.0940286442953688,1.0556643500978826,0.45955229782585943,0.403656783937811
2023-06-30,Cybersecurity,US Infrastructure,1.4758820899468372,1.4698412293963186,0.09177133605688594,-0.09380609057168954
2023-06-30,Cybersecurity,Agribusiness,1.4533714890639382,1.2903107302382326,0.1515498271605856,0.0010438134504707158
2023-06-30,Cybersecurity,Critical Minerals,1.5801548993687737,1.246092936446999,0.07073882337814015,-0.1943236806337868
2023-06-30,Cybersecurity,Water,1.4476750298054102,1.3991392434262915,-0.12579394007916003,-0.2600242753994651
2023-06-30,Cybersecurity,Timber & Forestry,1.4943191316672646,1.3888958775415234,0.0,-0.15733568901445388
2023-06-30,Defense,Fintech,1.3139121856749774,1.0948289767054662,0.14635817162319614,0.058558081037814375
2023-06-30,Defense,US Infrastructure,1.0614896534301992,0.9755239349619551,0.4264539857848963,0.16220815254635254
2023-06-30,Defense,Agribusiness,1.2846391690882193,1.192670171719436,0.3245494524875143,0.19421352719445478
2023-06-30,Defense,Critical Minerals,1.9125345430451073,1.3571690156070488,0.09472955816983027,-0.2437491060169815
2023-06-30,Defense,Water,1.2022041894056565,1.0807154120065585,0.2090263540321855,0.1607012881358718
2023-06-30,Defense,Timber & Forestry,1.4947749719649446,1.2907811070081439,0.11366016098848537,-0.13800301358939282
2023-06-30,Fintech,US Infrastructure,1.4322552313910908,1.357483884624735,-0.062187814397047396,-0.2540223598406276
2023-06-30,Fintech,Agribusiness,1.4315671428039463,1.2606134076107838,0.29114236439384894,0.0
2023-06-30,Fintech,Critical Minerals,1.9166380205099536,1.195558034103945,0.2330922278382266,0.11790736482095421
2023-06-30,Fintech,Water,1.5434577285541702,1.3163631086466279,-0.0389128356999434,-0.2810572007190602
2023-06-30,Fintech,Timber & Forestry,1.2362150484885839,1.0431429433881794,0.2689095231553338,0.16416411573654358
2023-06-30,US Infrastructure,Agribusiness,1.114146256099201,0.8774512182925716,0.6057819317147453,0.3083048759987535
2023-06-30,US Infrastructure,Critical Minerals,1.5285125909741821,1.050039188390834,0.3166728525783059,0.16704500067043745
2023-06-30,US Infrastructure,Water,0.7967823245460497,0.6840820354840881,0.7079106376590218,0.6729087575607584
2023-06-30,US Infrastructure,Timber & Forestry,1.1222557350501667,1.088874123705546,0.4112106425909713,0.37067299819037725
2023-06-30,Agribusiness,Critical Minerals,1.4468789162344884,1.2392358080104462,0.8450728987347307,0.2846848340210117
2023-06-30,Agribusiness,Water,1.0601328317544112,0.9414883389972718,0.38842452859618637,0.31915675458805465
2023-06-30,Agribusiness,Timber & Forestry,0.9490680421607374,0.8478860053163598,0.6025925509637765,0.44331446200827107
2023-06-30,Critical Minerals,Water,1.8007036695778633,1.1008355497198858,0.38006525569800376,0.27381091502315247
2023-06-30,Critical Minerals,Timber & Forestry,1.271892814418317,0.8325874470170839,0.6640947892524122,0.47767930645763124
2023-06-30,Water,Timber & Forestry,0.8788769235736379,0.6185802105371595,0.8185249243630806,0.6039289558235932
2023-07-28,Robotics & AI,AI Infrastructure,1.0704018844196006,0.9528541570171519,0.5143741771217097,0.47032489663923427
2023-07-28,Robotics & AI,Clean Energy,1.2968975379306913,1.054882153801068,0.38244607087295857,0.15979949699867108
2023-07-28,Robotics & AI,Cybersecurity,1.2309995145688324,1.1504130285657854,0.42943528506538675,0.3320802670481043
2023-07-28,Robotics & AI,Defense,1.5538794047459334,1.4360615223561046,0.04043855988952166,-0.05211897453115601
2023-07-28,Robotics & AI,Fintech,1.113158547790051,1.0332269929899773,0.3058423136859728,0.24700788526557166
2023-07-28,Robotics & AI,US Infrastructure,1.5244330374232946,1.189114329574993,0.3071687243196484,-0.05756711264717735
2023-07-28,Robotics & AI,Agribusiness,1.4422244275851601,1.232349628377138,0.172393527891061,-0.054332782466402635
2023-07-28,Robotics & AI,Critical Minerals,1.623386198242641,0.9540698329161693,0.36943014783288475,0.0827282503949384
2023-07-28,Robotics & AI,Water,1.3008413066282085,1.0386770455470906,0.5735717305299549,0.15542045977590932
2023-07-28,Robotics & AI,Timber & Forestry,0.9947415752680969,0.8508008139636689,0.5598362901453584,0.4619297864218588
2023-07-28,AI Infrastructure,Clean Energy,1.2223418131306598,0.7850128543109443,0.5875957866597457,0.15367626814035532
2023-07-28,AI Infrastructure,Cybersecurity,1.7718594042962517,0.8265491814446027,0.6670316360933694,0.025288881245852057
2023-07-28,AI Infrastructure,Defense,1.522125231061918,1.113146065407771,0.16404757857850738,0.0
2023-07-28,AI Infrastructure,Fintech,1.095978158611569,0.703693129986473,0.7337368342954544,0.25412248943324783
2023-07-28,AI Infrastructure,US Infrastructure,1.5405685488090186,1.1870923158118614,-0.09071665743352232,-0.17539995932593622
2023-07-28,AI Infrastructure,Agribusiness,1.5893576100572944,1.1733699806215392,0.017496661635456663,-0.15720426253260159
2023-07-28,AI Infrastructure,Critical Minerals,1.5923458662013332,0.8106250214463484,0.6007342394524829,-0.12363869589870108
2023-07-28,AI Infrastructure,Water,1.6114483513805025,1.2848206541601894,0.13967844434370552,-0.19562045445905096
2023-07-28,AI Infrastructure,Timber & Forestry,1.4388790649909171,1.3324573025547608,0.23025050212026682,0.05067762252426443
2023-07-28,Clean Energy,Cybersecurity,1.4363593042180858,1.3050010654896285,0.17175822906808946,-0.16872544532148376
2023-07-28,Clean Energy,Defense,1.5603069954483533,1.3544401278898774,-0.10968941013029923,-0.20659585572041037
2023-07-28,Clean Energy,Fintech,1.5014888363934693,1.273006101210885,0.16041055297640952,-0.016692993413474713
2023-07-28,Clean Energy,US Infrastructure,1.4146326171562702,1.0454331254977332,0.46245636562587666,0.1756472383808007
2023-07-28,Clean Energy,Agribusiness,1.3868135697367987,1.211715299305321,0.3662551819508592,0.05705332940531832
2023-07-28,Clean Energy,Critical Minerals,1.6070038184871251,0.810924270612102,0.544378237057838,0.06601905281431479
2023-07-28,Clean Energy,Water,1.401242173681364,1.2533004023145702,0.465018431718352,0.12934526447214853
2023-07-28,Clean Energy,Timber & Forestry,1.23436692466994,1.078320366897551,0.2521060218999058,0.0
2023-07-28,Cybersecurity,Defense,1.1621827670532907,1.121969248330888,0.4707441642997301,0.30942398397877047
2023-07-28,Cybersecurity,Fintech,1.1447633658088106,1.0662518511945371,0.4110363637048501,0.343883648125242
2023-07-28,Cybersecurity,US Infrastructure,1.4577095315415407,1.4386950101985831,0.14268826685139913,-0.04777138726185559
2023-07-28,Cybersecurity,Agribusiness,1.4210648183958783,1.36234834070179,0.002271239923736304,-0.032924701794201906
2023-07-28,Cybersecurity,Critical Minerals,1.6458944749773619,1.2713055968663884,0.046387325730416935,-0.11302466344312206
2023-07-28,Cybersecurity,Water,1.4342707710228453,1.3251833689233645,0.10638311734392433,-0.13543599264795392
2023-07-28,Cybersecurity,Timber & Forestry,1.4697714627031284,1.339700445085502,0.10799327334887197,-0.15998704685444132
2023-07-28,Defense,Fintech,1.2090343336012213,1.109733253383171,0.1998599840397252,0.10205041228532588
2023-07-28,Defense,US Infrastructure,1.2462190347725297,0.9503768927300104,0.21064029186354696,0.08811171006275023
2023-07-28,Defense,Agribusiness,1.4004386039354215,1.235827342431202,0.32760203863269005,0.05280348433364427
2023-07-28,Defense,Critical Minerals,2.0268818354948084,1.3012827083801004,0.011303016285384014,-0.2286316806328355
2023-07-28,Defense,Water,1.377440382815844,1.1920140134501083,0.0,-0.07256039735766782
2023-07-28,Defense,Timber & Forestry,1.6863954342544119,1.431149014852346,-0.17611534191736497,-0.34386066242520696
2023-07-28,Fintech,US Infrastructure,1.429426265856801,1.3504102221078107,-0.08600252906172173,-0.2260233331485024
2023-07-28,Fintech,Agribusiness,1.6084562946358831,1.3418970031683979,0.014050436184862838,-0.2338720021780806
2023-07-28,Fintech,Critical Minerals,1.9657036376311652,1.1391564439032669,0.21491054519321642,0.09984666846800039
2023-07-28,Fintech,Water,1.4806036511132814,1.1361798876452442,0.23053457263831564,-0.3191018753619382
2023-07-28,Fintech,Timber & Forestry,1.3194777029426918,1.1799189557385743,0.1912945363884793,0.04594424834549127
2023-07-28,US Infrastructure,Agribusiness,1.0804222247321187,0.824030681819983,0.680540899389831,0.44330431183882035
2023-07-28,US Infrastructure,Critical Minerals,1.6256851046101062,1.081684053127405,0.2833564381514775,0.04553680064286974
2023-07-28,US Infrastructure,Water,0.8748205229832523,0.6243770317934051,0.7792309163382204,0.6306435094645346
2023-07-28,US Infrastructure,Timber & Forestry,1.288035990833438,1.1437800242605858,0.38419872616664785,0.22246625390592756
2023-07-28,Agribusiness,Critical Minerals,1.447073919877114,1.2472390833491271,0.7765535498047151,0.1891640778946168
2023-07-28,Agribusiness,Water,1.028577102985349,0.9477076204186616,0.4781484937103506,0.2840858629843935
2023-07-28,Agribusiness,Timber & Forestry,1.016297865834446,0.9238389900802065,0.552354200316084,0.38827538205257833
2023-07-28,Critical Minerals,Water,1.8769677733160222,1.1410293960975515,0.31336732911254955,0.2138186734873867
2023-07-28,Critical Minerals,Timber & Forestry,1.2643249788276534,1.0093984873005706,0.6796787827771233,0.3116790025485112
2023-07-28,Water,Timber & Forestry,1.0606735830956546,0.7880003685513197,0.7821219345677607,0.49398058080256846
2023-08-25,Robotics & AI,AI Infrastructure,1.1514936665643891,0.9146910847150196,0.5473216277053752,0.4785718288792806
2023-08-25,Robotics & AI,Clean Energy,1.1531967279751498,1.1302603802840565,0.2594521180597471,0.16781249755096822
2023-08-25,Robotics & AI,Cybersecurity,1.2403678666781002,1.1754592829953536,0.3794913035598996,0.3054684098584904
2023-08-25,Robotics & AI,Defense,1.5172198680075493,1.4384555477476684,0.06853246740815629,-0.029640438859096313
2023-08-25,Robotics & AI,Fintech,1.1267557116671467,1.0248736298816947,0.33647781799162785,0.17425603185196947
2023-08-25,Robotics & AI,US Infrastructure,1.3167170606914553,1.0568384554352748,0.3981047037371091,0.13615248599633706
2023-08-25,Robotics & AI,Agribusiness,1.3936271015103772,1.32455244175612,0.11864363989047252,0.05679230309463648
2023-08-25,Robotics & AI,Critical Minerals,1.7077999136527011,0.9255315093018139,0.40511630103677704,-0.1362135270009012
2023-08-25,Robotics & AI,Water,1.282237030760307,1.049728255359124,0.5603965303922821,0.20139164830911224
2023-08-25,Robotics & AI,Timber & Forestry,1.0833341495982562,1.0504736068642906,0.4008927295452851,0.32426462770511577
2023-08-25,AI Infrastructure,Clean Energy,1.330063003141571,0.8838140681417598,0.5832253626552019,0.15728732927310374
2023-08-25,AI Infrastructure,Cybersecurity,1.6901702411600918,0.7307798990655252,0.7307757315297798,-0.006079707811185221
2023-08-25,AI Infrastructure,Defense,1.505729363428642,1.0977472603872458,0.16662961060437265,0.0
2023-08-25,AI Infrastructure,Fintech,1.1831234198873752,0.866382843219487,0.5844197249232065,0.2596890225796897
2023-08-25,AI Infrastructure,US Infrastructure,1.5614645222860108,1.2382106015164935,-0.10476220207183054,-0.18398995620186887
2023-08-25,AI Infrastructure,Agribusiness,1.7507633689180158,1.1029759623901192,0.23663373375346128,-0.3496287970952587
2023-08-25,AI Infrastructure,Critical Minerals,1.5537451830493898,0.8497136033649718,0.5377814877491542,0.0
2023-08-25,AI Infrastructure,Water,1.5918960843634953,1.309421497949581,0.1339421523056103,-0.1798969979189664
2023-08-25,AI Infrastructure,Timber & Forestry,1.5507281488488391,1.2885157866967543,0.0,-0.10714057648891229
2023-08-25,Clean Energy,Cybersecurity,1.4443111215451299,1.3106636436927237,0.12189324160021565,-0.184107691711054
2023-08-25,Clean Energy,Defense,1.614298826765787,1.5599160075606213,-0.22907561107454902,-0.32310963299787243
2023-08-25,Clean Energy,Fintech,1.4871917832137083,1.1552390431027193,0.26591894079840545,0.039784120826533126
2023-08-25,Clean Energy,US Infrastructure,1.3512943698082533,1.004220203811708,0.44904907929914134,0.10623879768205843
2023-08-25,Clean Energy,Agribusiness,1.3906211092499103,1.259771222455577,0.5964584849528977,0.1509543428440957
2023-08-25,Clean Energy,Critical Minerals,1.520332453836138,0.8114892570298977,0.7151319390699789,0.20487899612454027
2023-08-25,Clean Energy,Water,1.371232194350595,1.30091973225087,0.44149730005668697,0.10467460350292845
2023-08-25,Clean Energy,Timber & Forestry,1.2268686029020812,1.0937821866308888,0.18924580916909406,0.12966639848283068
2023-08-25,Cybersecurity,Defense,1.1319485887778324,1.1029988545303493,0.4530995093547343,0.38600759291687503
2023-08-25,Cybersecurity,Fintech,1.0720843823763895,1.0365032584129454,0.44152346048880015,0.3327126446598513
2023-08-25,Cybersecurity,US Infrastructure,1.4363030274864443,1.3832531789028628,0.13923780332061408,-0.0504929826821224
2023-08-25,Cybersecurity,Agribusiness,1.416313423775742,1.2932668294129983,0.17027302215809892,0.017004027321766563
2023-08-25,Cybersecurity,Critical Minerals,1.5610759140840709,1.2736202858750847,0.1524876754416843,-0.08332286053186289
2023-08-25,Cybersecurity,Water,1.4616049202304606,1.3446156605317188,0.08164943993405703,-0.12501269928663028
2023-08-25,Cybersecurity,Timber & Forestry,1.4652546251348475,1.4453178348872469,0.0,-0.16294811067011436
2023-08-25,Defense,Fintech,1.1741022424867191,0.9548436453922527,0.43987863713003267,0.12073130749472763
2023-08-25,Defense,US Infrastructure,1.3264684960349524,1.0939392773803467,0.1520304444748906,0.047618291819372494
2023-08-25,Defense,Agribusiness,1.4195948272414818,1.2241533277937906,0.322579441344093,0.05750999316299497
2023-08-25,Defense,Critical Minerals,1.9257005187258422,1.3714108237977598,0.18368369905899093,-0.2329433447520254
2023-08-25,Defense,Water,1.3547982037177067,1.1937075377831157,0.0745041513780631,-0.02308137580129968
2023-08-25,Defense,Timber & Forestry,1.5795596731674328,1.4014813205971268,-0.2063360329347843,-0.2463984798721616
2023-08-25,Fintech,US Infrastructure,1.382101504830118,1.3245838912761436,-0.07026329475615617,-0.18078942532760964
2023-08-25,Fintech,Agribusiness,1.624792491137559,1.3590396866667176,0.1958030281835272,-0.18104391073628914
2023-08-25,Fintech,Critical Minerals,1.9650596536918021,1.1539602522093808,0.3480243701676318,0.011149614338477378
2023-08-25,Fintech,Water,1.4721355920200228,1.1014021117566946,0.2092656388568986,-0.2799247696293223
2023-08-25,Fintech,Timber & Forestry,1.275828673357456,1.1810743692623473,0.15702021972244323,0.13468533303444907
2023-08-25,US Infrastructure,Agribusiness,1.0152254041812858,0.844969273160863,0.6833085087591254,0.5256727116639658
2023-08-25,US Infrastructure,Critical Minerals,1.4697681485328586,1.0616434555497454,0.33575448411423847,0.09521193148469881
2023-08-25,US Infrastructure,Water,0.804900884215423,0.621810567699918,0.7961930385964266,0.6454069707708331
2023-08-25,US Infrastructure,Timber & Forestry,1.0691098939880024,0.902108301045793,0.4846513932344255,0.38681554118381123
2023-08-25,Agribusiness,Critical Minerals,1.4739140601226832,1.2318761961922398,0.8242778323610442,0.2632011115967863
2023-08-25,Agribusiness,Water,1.0177787680394585,0.8264148694873572,0.5981973314358874,0.341422495129548
2023-08-25,Agribusiness,Timber & Forestry,0.9046515377956776,0.7331938708605217,0.5808281653879018,0.49202489812640976
2023-08-25,Critical Minerals,Water,1.7072872931442755,1.1245623161320535,0.3293301178114532,0.10437247617638651
2023-08-25,Critical Minerals,Timber & Forestry,1.267119715180113,0.9492502615918079,0.5887676491753013,0.3625809026093366
2023-08-25,Water,Timber & Forestry,0.9088350423156438,0.866051362676093,0.6692772837299248,0.5264330750852184
2023-09-29,Robotics & AI,AI Infrastructure,1.1512974677484684,0.8616402992738581,0.6248407694836057,0.48761199838961955
2023-09-29,Robotics & AI,Clean Energy,1.3037335755285877,0.9180428462977415,0.4322056127995119,0.19920176283998692
2023-09-29,Robotics & AI,Cybersecurity,1.236415230984087,1.127512099416883,0.42070781061277335,0.31616609899648845
2023-09-29,Robotics & AI,Defense,1.4621234813906465,1.3456268685321346,0.25425436734209744,0.10523254369338744
2023-09-29,Robotics & AI,Fintech,1.2026313863090585,1.1112014898443345,0.32707436791991307,0.1784432321543179
2023-09-29,Robotics & AI,US Infrastructure,1.3402259074486813,1.1006413394866394,0.35995399237690445,0.15249165370225
2023-09-29,Robotics & AI,Agribusiness,1.3914378115377586,1.1153321630096256,0.3175826328206317,0.03316919995851323
2023-09-29,Robotics & AI,Critical Minerals,1.5974284575461042,0.9329786340903088,0.3977315910997165,0.18381839515463524
2023-09-29,Robotics & AI,Water,1.2859426669359457,1.2388515657954913,0.2931221457396558,0.19145360588011762
2023-09-29,Robotics & AI,Timber & Forestry,1.0454802696746803,0.9434324799863625,0.45363356361752627,0.3487386073122658
2023-09-29,AI Infrastructure,Clean Energy,1.3831591026268064,0.976266545853011,0.3323762681920829,0.11616044841720138
2023-09-29,AI Infrastructure,Cybersecurity,1.6482390754261291,0.7658884773517061,0.7254084738358555,-0.09650646346292069
2023-09-29,AI Infrastructure,Defense,1.5253001241501345,1.093368416426525,0.4489375019741621,0.0
2023-09-29,AI Infrastructure,Fintech,1.3191705782467584,1.0401960840101667,0.5118402895394489,0.20949525064026628
2023-09-29,AI Infrastructure,US Infrastructure,1.5919557475735837,1.3256093623179819,-0.030391431631815135,-0.1189319612085497
2023-09-29,AI Infrastructure,Agribusiness,1.5979084554339182,1.0920447501520654,0.17247414141782605,-0.2361494559832126
2023-09-29,AI Infrastructure,Critical Minerals,1.5737623777060659,0.8932696462314123,0.45993204586001724,0.026761686834102513
2023-09-29,AI Infrastructure,Water,1.633626501699285,1.282533860007344,0.02183272742667254,-0.14883232132911794
2023-09-29,AI Infrastructure,Timber & Forestry,1.4335559470299246,1.2522115032070402,0.24148256325202525,0.0
2023-09-29,Clean Energy,Cybersecurity,1.505816706676485,1.2835539629269372,0.14907518588779328,-0.040237333980602405
2023-09-29,Clean Energy,Defense,1.6827444938753409,1.5713925901673376,-0.08836021147651875,-0.3519057630003635
2023-09-29,Clean Energy,Fintech,1.421625317840983,1.1229039177027949,0.377625697338524,0.049024616968397154
2023-09-29,Clean Energy,US Infrastructure,1.3836540075109396,1.1246260617685748,0.49923725879066067,0.18901504658295554
2023-09-29,Clean Energy,Agribusiness,1.304870496907023,1.078714599483834,0.574451023708826,0.23681694347812365
2023-09-29,Clean Energy,Critical Minerals,1.5326968565070902,0.7160756540845898,0.8168562841866756,0.400569815695556
2023-09-29,Clean Energy,Water,1.4354386744245946,1.2917523235988009,0.3963764144905527,0.10292228228858176
2023-09-29,Clean Energy,Timber & Forestry,1.2361180576843445,1.06641237141961,0.14721864216289485,0.09648558634501155
2023-09-29,Cybersecurity,Defense,1.0783181901390837,0.9783167226595006,0.688402552638159,0.46869551787604524
2023-09-29,Cybersecurity,Fintech,1.1853061983942998,1.0510914231484116,0.4706534739259578,0.3107786090758943
2023-09-29,Cybersecurity,US Infrastructure,1.4133984569053377,1.3194619040516686,0.11304608294268843,0.02671774265131765
2023-09-29,Cybersecurity,Agribusiness,1.3148017850862699,1.2352074850578834,0.26199992157410734,0.21029856801976693
2023-09-29,Cybersecurity,Critical Minerals,1.5917963916390743,1.2290206466112157,0.14345902453938914,-0.16284703551689436
2023-09-29,Cybersecurity,Water,1.3957539676845352,1.2726276305954138,0.09968976266842056,-0.11326040245777982
2023-09-29,Cybersecurity,Timber & Forestry,1.4321223453870822,1.3851400270738548,0.0,-0.1476583864132008
2023-09-29,Defense,Fintech,1.130590168546849,0.9673823241556461,0.4726655601057096,0.22569554121819554
2023-09-29,Defense,US Infrastructure,1.2401984714027938,1.0817934225107726,0.197385860503801,0.14774188127711324
2023-09-29,Defense,Agribusiness,1.5310362768404768,1.334342540640933,0.2134967254819613,0.0
2023-09-29,Defense,Critical Minerals,1.9530082049571977,1.3929897008502135,0.15480769058201932,-0.20109954715999168
2023-09-29,Defense,Water,1.2217092959169416,1.0366821477465393,0.2224205812614976,0.08768121562121783
2023-09-29,Defense,Timber & Forestry,1.5619179782385106,1.387117287401994,-0.1554826037831341,-0.18963160360323633
2023-09-29,Fintech,US Infrastructure,1.4640696427345405,1.3397841785434643,-0.013570905016654112,-0.17952544150537136
2023-09-29,Fintech,Agribusiness,1.674931068284538,1.3608553700308221,0.18617384794700972,-0.1821417531501947
2023-09-29,Fintech,Critical Minerals,2.0480395975959818,1.1258127955091701,0.36713936693676785,0.0
2023-09-29,Fintech,Water,1.3810144409880316,1.2296021399069648,0.08955701037697426,-0.1329111906343851
2023-09-29,Fintech,Timber & Forestry,1.3726053494213704,1.233720089828694,0.1659023200769499,0.125652312409512
2023-09-29,US Infrastructure,Agribusiness,1.082702366151037,0.9670441489769798,0.6039667001443787,0.365092997405722
2023-09-29,US Infrastructure,Critical Minerals,1.5962527876416681,1.0250718783913635,0.25631901619418085,0.1332660431596355
2023-09-29,US Infrastructure,Water,0.6970549412660652,0.6323593424105193,0.7940917509266395,0.664103568693404
2023-09-29,US Infrastructure,Timber & Forestry,1.112812798571933,0.9987454882195124,0.36048582927367606,0.32809408021377806
2023-09-29,Agribusiness,Critical Minerals,1.549703231129836,1.2290092234721612,0.7224721158109685,0.21110616692096318
2023-09-29,Agribusiness,Water,1.1557444606808653,0.9411532047172844,0.46086811424798396,0.3757955878543918
2023-09-29,Agribusiness,Timber & Forestry,0.8794223648335442,0.6942817374909499,0.5828384889730222,0.5012691377008816
2023-09-29,Critical Minerals,Water,1.9108199076504566,1.147056674698477,0.30314341075990264,0.1813190200138091
2023-09-29,Critical Minerals,Timber & Forestry,1.3138301523916458,0.9615399714943474,0.6360881291141524,0.46249197252348917
2023-09-29,Water,Timber & Forestry,0.9964398874347367,0.8715015062673258,0.498797876009149,0.4729795966437669
2023-10-27,Robotics & AI,AI Infrastructure,1.1587307041294188,0.9248460051920468,0.5531107173397354,0.45190861125915577
2023-10-27,Robotics & AI,Clean Energy,1.252505486179878,1.1319366482538793,0.18289885094453617,0.1364503646468885
2023-10-27,Robotics & AI,Cybersecurity,1.179670382308067,1.1240667827127595,0.4246695281379648,0.35764430388613777
2023-10-27,Robotics & AI,Defense,1.4294923568450788,1.3323302242113,0.21270023635890797,0.15098819768330543
2023-10-27,Robotics & AI,Fintech,1.183392363123814,1.1038273327316988,0.2368445857768356,0.22169811824066266
2023-10-27,Robotics & AI,US Infrastructure,1.3403113423760689,1.1882423394028714,0.3070007443563256,0.14919598373874146
2023-10-27,Robotics & AI,Agribusiness,1.2033174213247888,1.0682176445687401,0.3448965846621874,0.20338696942330953
2023-10-27,Robotics & AI,Critical Minerals,1.4824218213809386,0.9369664900589031,0.3461464038590921,0.19251237125976525
2023-10-27,Robotics & AI,Water,1.3392136283989613,1.3161384541752121,0.2478959658730259,0.19529926036121031
2023-10-27,Robotics & AI,Timber & Forestry,1.033733054435172,0.9275937560260543,0.5102854377800163,0.39903038732012
2023-10-27,AI Infrastructure,Clean Energy,1.3398450940389002,0.9678880306008129,0.3494360550401328,0.1679072622738078
2023-10-27,AI Infrastructure,Cybersecurity,1.5958513739596198,0.8381876629174554,0.6920651467254272,-0.03725983009371894
2023-10-27,AI Infrastructure,Defense,1.4975420585650838,1.0686519078469314,0.45000253641622057,0.0
2023-10-27,AI Infrastructure,Fintech,1.2171055626440588,1.0346659915034877,0.5738736137420651,0.26348413577079977
2023-10-27,AI Infrastructure,US Infrastructure,1.5651422729809623,1.2347510728831408,-0.0881684687051927,-0.15880861168768212
2023-10-27,AI Infrastructure,Agribusiness,1.7958186803396754,1.121838442672701,0.16065102850376112,-0.35410139918344696
2023-10-27,AI Infrastructure,Critical Minerals,1.5377824108805984,0.8841156366420015,0.4896626128901355,0.0
2023-10-27,AI Infrastructure,Water,1.6224520640051956,1.2942313821845939,0.02342455720749966,-0.15944067183751123
2023-10-27,AI Infrastructure,Timber & Forestry,1.6383255802357752,1.262583135237069,0.006141287165049143,-0.10479259117803208
2023-10-27,Clean Energy,Cybersecurity,1.4267588160259856,1.2573155402672034,0.1587839986091704,-0.0927726109077249
2023-10-27,Clean Energy,Defense,1.5366234447175255,1.4180379013029332,0.0,-0.17705578685123455
2023-10-27,Clean Energy,Fintech,1.4195472881109845,1.1997233268897187,0.3208113023507767,0.07255051624132318
2023-10-27,Clean Energy,US Infrastructure,1.2771116025485294,0.8386327308882574,0.4714406463883757,0.2563664906436143
2023-10-27,Clean Energy,Agribusiness,1.2252445191177408,1.0987479033225178,0.5174912808798766,0.2918016278858802
2023-10-27,Clean Energy,Critical Minerals,1.5389937886124934,0.7206858414192616,0.6632558604262063,0.3002139283902719
2023-10-27,Clean Energy,Water,1.4524644026055984,1.029221417422192,0.4892862284094767,0.09642479952470705
2023-10-27,Clean Energy,Timber & Forestry,1.225229436096164,1.176910841316602,0.1898815357317033,0.10680931298076166
2023-10-27,Cybersecurity,Defense,1.0827413992437616,1.0226983790852902,0.7017338942851555,0.4876456724867966
2023-10-27,Cybersecurity,Fintech,1.08017958705201,1.013269694377343,0.5262021583614656,0.40868524060300354
2023-10-27,Cybersecurity,US Infrastructure,1.4415325359610993,1.3803979597297207,0.0,-0.0006705661633046859
2023-10-27,Cybersecurity,Agribusiness,1.3591061896296328,1.2779706914764224,0.19547942831070117,0.04773098255537196
2023-10-27,Cybersecurity,Critical Minerals,1.5303394604032456,1.1548057612978326,0.09657721365505349,-0.01805218960487657
2023-10-27,Cybersecurity,Water,1.3619750585691766,1.282800970391059,0.10056407567569826,-0.018271995681289184
2023-10-27,Cybersecurity,Timber & Forestry,1.4279947176448502,1.290036686563071,0.1175817205306671,-0.059971458830807046
2023-10-27,Defense,Fintech,1.2642116293147605,0.9622505267391833,0.5397340220593889,0.23906838705528116
2023-10-27,Defense,US Infrastructure,1.21426824741377,1.1191888985513656,0.1749171405363288,0.12529076950457932
2023-10-27,Defense,Agribusiness,1.4281317268183407,1.378860213199879,0.20520884846447413,0.0
2023-10-27,Defense,Critical Minerals,1.862649153662992,1.4258808827133327,0.17148649703750063,-0.17393031538998277
2023-10-27,Defense,Water,1.1907722951641575,1.0881223148747414,0.2038790379736181,0.10056914045825166
2023-10-27,Defense,Timber & Forestry,1.3721577120396835,1.2571261116891896,0.12112688317012807,0.09908598101727525
2023-10-27,Fintech,US Infrastructure,1.47095674374761,1.3213276047135976,-0.03078758231469511,-0.15074500936124213
2023-10-27,Fintech,Agribusiness,1.5916956704456025,1.3675318618348389,0.18312556741659344,-0.24643395039183058
2023-10-27,Fintech,Critical Minerals,1.9413074872029268,1.1875564050614442,0.37896393297254233,0.01930946406358561
2023-10-27,Fintech,Water,1.345698855287736,1.2509672245726728,0.1292254218276302,-0.01600013940264219
2023-10-27,Fintech,Timber & Forestry,1.183637844672343,1.147070665769181,0.2616508040689,0.1338186640486218
2023-10-27,US Infrastructure,Agribusiness,1.0067270518794869,0.8692106295425558,0.6194176274541383,0.5082817550639376
2023-10-27,US Infrastructure,Critical Minerals,1.459569674601537,1.096939258917553,0.4248693747642842,0.08128599187593549
2023-10-27,US Infrastructure,Water,0.771820374762277,0.6052265180895755,0.6985634621667803,0.6239053259939817
2023-10-27,US Infrastructure,Timber & Forestry,1.0820962467220938,0.968975558074899,0.4957109955669474,0.33463263413883326
2023-10-27,Agribusiness,Critical Minerals,1.5648548708823453,1.165799237089851,0.784599687552132,0.2804241823653108
2023-10-27,Agribusiness,Water,1.0493130299761024,0.9911017814912638,0.5136982851357896,0.4019166768738187
2023-10-27,Agribusiness,Timber & Forestry,0.9108836208303647,0.7671544041812026,0.614165831634424,0.5198247749727811
2023-10-27,Critical Minerals,Water,1.857920455037583,1.3577948217455957,0.32174741763592507,0.07718105485711048
2023-10-27,Critical Minerals,Timber & Forestry,1.2662877588852939,0.9953164019335449,0.5671295825306442,0.38409688126031366
2023-10-27,Water,Timber & Forestry,0.8191701371251199,0.6562271919763293,0.812385620385824,0.609421157948624
2023-11-24,Robotics & AI,AI Infrastructure,1.0948883684976611,0.9723644519984967,0.49646385164547147,0.4280222586505271
2023-11-24,Robotics & AI,Clean Energy,1.2747948056271603,0.9911716836833989,0.3671176519415441,0.20158115154579376
2023-11-24,Robotics & AI,Cybersecurity,1.3381700261173046,1.3039366629919165,0.22405732649163268,0.2041006750207466
2023-11-24,Robotics & AI,Defense,1.5340202474817433,1.5004876973547845,-0.018139325071589173,-0.26325583524728724
2023-11-24,Robotics & AI,Fintech,1.174651471118284,1.1086489673574158,0.3592268947070876,0.19764852881820705
2023-11-24,Robotics & AI,US Infrastructure,1.3967529766454276,1.2213297617861094,0.299820717356323,0.07794704854018293
2023-11-24,Robotics & AI,Agribusiness,1.3520015158460337,1.2435199376330732,0.13479110422592577,0.048369277114035464
2023-11-24,Robotics & AI,Critical Minerals,1.5774062587169742,0.8552367716312123,0.48846798133466124,0.06382411493116658
2023-11-24,Robotics & AI,Water,1.3377629087851077,1.2329683684523094,0.2657973210292737,0.13384389856169035
2023-11-24,Robotics & AI,Timber & Forestry,1.0667890462440754,0.9846006168936202,0.4264139608470648,0.37242938387873603
2023-11-24,AI Infrastructure,Clean Energy,1.3042197039259662,1.0373016288196721,0.3039670033553674,-0.01788590315686746
2023-11-24,AI Infrastructure,Cybersecurity,1.829008449845284,0.8716143007570211,0.6329108282842195,-0.16951519572013196
2023-11-24,AI Infrastructure,Defense,1.5305163327983393,0.913411963691975,0.47420825391132854,-0.15026185425564298
2023-11-24,AI Infrastructure,Fintech,1.2565022431374835,0.7685798108556059,0.5460568653039128,0.2206658965077509
2023-11-24,AI Infrastructure,US Infrastructure,1.551599379647959,1.043671559032507,0.0,-0.18753334755649187
2023-11-24,AI Infrastructure,Agribusiness,1.6469404350998724,1.1893061043313533,-0.1722102194622199,-0.2038528656278964
2023-11-24,AI Infrastructure,Critical Minerals,1.601128191551416,0.8705278754787887,0.42158281094637295,0.09441392425034169
2023-11-24,AI Infrastructure,Water,1.6516195504184157,1.1710235833818774,0.0,-0.16156181366945974
2023-11-24,AI Infrastructure,Timber & Forestry,1.6853360374090165,1.0947741484905547,0.10035888113476091,-0.10993070368120803
2023-11-24,Clean Energy,Cybersecurity,1.6340871484439512,1.4110482116371204,-0.40472547489765553,-0.49136599066295056
2023-11-24,Clean Energy,Defense,1.6832412884754357,1.3888782160512552,-0.12427398336296341,-0.3746563691778874
2023-11-24,Clean Energy,Fintech,1.4296466580600649,1.1553494730815081,0.2947201162429828,-0.04627882311100031
2023-11-24,Clean Energy,US Infrastructure,1.2751227554555944,0.9327192792227847,0.45754147556592045,0.1583093537998474
2023-11-24,Clean Energy,Agribusiness,1.3992814108377338,1.1769823932949666,0.4548702202454568,0.22916882428245522
2023-11-24,Clean Energy,Critical Minerals,1.6670091838415724,0.7256360618348507,0.6640328396499762,0.2439970652891469
2023-11-24,Clean Energy,Water,1.3565968248725946,1.0492978612044395,0.5471041280272443,0.1364631052206639
2023-11-24,Clean Energy,Timber & Forestry,1.2273688907080849,1.0737660631255102,0.18845007720155585,0.14579284112115865
2023-11-24,Cybersecurity,Defense,1.1078892928579978,0.968967284681056,0.6796492417096555,0.42131559620727865
2023-11-24,Cybersecurity,Fintech,1.244914996362758,1.1203396241446366,0.41107240485709595,0.27681970679557255
2023-11-24,Cybersecurity,US Infrastructure,1.4848593583110186,1.4158597368695656,0.0,-0.005917206792228406
2023-11-24,Cybersecurity,Agribusiness,1.4904504646167236,1.458693759945707,-0.034264518373215244,-0.15909513605050662
2023-11-24,Cybersecurity,Critical Minerals,1.5149553125966408,1.2958352213807562,0.25695447697227536,-0.09521062760559007
2023-11-24,Cybersecurity,Water,1.3257945811432805,1.2935858940816731,0.0,-0.12613003431992423
2023-11-24,Cybersecurity,Timber & Forestry,1.445603424807347,1.4084686075789252,0.0,0.0
2023-11-24,Defense,Fintech,1.3587378542706028,0.9247999137054168,0.5591672688773861,0.2348407269650873
2023-11-24,Defense,US Infrastructure,1.3171997676424319,0.9993592702938403,0.3126579060112579,0.13396812524327256
2023-11-24,Defense,Agribusiness,1.3646010759000358,1.0620706865428315,0.28791758979791704,0.19348052336486182
2023-11-24,Defense,Critical Minerals,1.7261760546108424,1.3857863200643674,0.3128187713809212,-0.06733126397667293
2023-11-24,Defense,Water,1.4617132849558068,1.1703874869591304,0.02459490205046454,-0.09206437609888106
2023-11-24,Defense,Timber & Forestry,1.4718491729559975,1.2885129575036656,0.09106603146727144,-0.036710846738865925
2023-11-24,Fintech,US Infrastructure,1.4383360374235858,1.2975597788616957,-0.06408795746294148,-0.17125430804400493
2023-11-24,Fintech,Agribusiness,1.7544895173782995,1.3675435930635993,0.017341198625198513,-0.28418558117560105
2023-11-24,Fintech,Critical Minerals,1.9596871178829167,1.077672998171968,0.4784214931926498,0.1082286876825198
2023-11-24,Fintech,Water,1.4263744822865598,1.2091690469715417,0.10300416564217954,-0.1710913569844454
2023-11-24,Fintech,Timber & Forestry,1.4340109562415382,1.2279997861222332,0.2490167499004829,0.07303845134532767
2023-11-24,US Infrastructure,Agribusiness,1.0639263138961703,0.7681490023289191,0.7689714555806177,0.39394995537619404
2023-11-24,US Infrastructure,Critical Minerals,1.4861327796060992,1.086723867598372,0.30198838326151967,0.15318140447560763
2023-11-24,US Infrastructure,Water,0.7154359823028092,0.48822702051213335,0.8248715904358497,0.7732622526064368
2023-11-24,US Infrastructure,Timber & Forestry,1.0136983326820463,0.9213389430182651,0.5165754617509479,0.48051556073019264
2023-11-24,Agribusiness,Critical Minerals,1.5533599954603305,1.2912680262377616,0.6455458227779611,0.11867707792670647
2023-11-24,Agribusiness,Water,1.1742413078275842,1.1452463804246085,0.41801751155894545,0.2681855306963261
2023-11-24,Agribusiness,Timber & Forestry,0.9333411443665809,0.8441853560852659,0.5255117248797652,0.44131042584704383
2023-11-24,Critical Minerals,Water,2.0319678895525812,1.1707853445477503,0.25704709052658703,0.1249896908998186
2023-11-24,Critical Minerals,Timber & Forestry,1.2512109619865712,0.8920847584450938,0.6229016031311082,0.4447082784566195
2023-11-24,Water,Timber & Forestry,0.9980122795766245,0.8008755978005966,0.6429531004980984,0.4303313894769633
2023-12-29,Robotics & AI,AI Infrastructure,1.1103737501370474,0.9495654766282136,0.5492759832507378,0.41382069347350825
2023-12-29,Robotics & AI,Clean Energy,1.0658329154538762,0.8742597143527702,0.5068680956393903,0.42957828720639524
2023-12-29,Robotics & AI,Cybersecurity,1.314417718684501,1.303457982539131,0.17644647143088024,0.1484247756797932
2023-12-29,Robotics & AI,Defense,1.63717610592971,1.5447744231347986,-0.22636302971119912,-0.26658079387777267
2023-12-29,Robotics & AI,Fintech,1.2994132432159824,1.1930970686301197,0.19261361971776192,0.15783076458086553
2023-12-29,Robotics & AI,US Infrastructure,1.5229835800765419,1.276831702463022,0.2424302682463971,-0.07271421184886111
2023-12-29,Robotics & AI,Agribusiness,1.262653874489579,1.0542687068790935,0.3184001128950553,0.14259197051263375
2023-12-29,Robotics & AI,Critical Minerals,1.5815475943827697,0.889071108671618,0.42286159560815934,0.2613602854037754
2023-12-29,Robotics & AI,Water,1.4050088330637898,1.268021781708219,0.2874882906525805,0.11067838156432572
2023-12-29,Robotics & AI,Timber & Forestry,1.1184256740755225,0.9608490156218039,0.5052998376337147,0.3376047609538487
2023-12-29,AI Infrastructure,Clean Energy,1.2600296805734403,1.0612932227192813,0.3451136290236284,0.12359628912132435
2023-12-29,AI Infrastructure,Cybersecurity,1.8018223871097627,0.9875736987093433,0.48068717530611055,-0.12564616683067245
2023-12-29,AI Infrastructure,Defense,1.5730164000180231,0.915051121828629,0.31023873300413607,0.0
2023-12-29,AI Infrastructure,Fintech,1.3446335182114848,0.7144753845824839,0.5907543028582549,0.03608653099468016
2023-12-29,AI Infrastructure,US Infrastructure,1.5543306211551748,1.019911133116355,0.0,-0.24348956774880515
2023-12-29,AI Infrastructure,Agribusiness,1.6333334287758776,1.1989386663951667,-0.16493274102966907,-0.21554540507202763
2023-12-29,AI Infrastructure,Critical Minerals,1.6312585499722578,0.7651543192062026,0.49397153665142235,0.0
2023-12-29,AI Infrastructure,Water,1.6892642817323316,1.1542155042717899,0.0,-0.16881769733689195
2023-12-29,AI Infrastructure,Timber & Forestry,1.76695446739495,1.1470009711023494,0.0,-0.14710515104365876
2023-12-29,Clean Energy,Cybersecurity,1.388121267409214,1.343872239134742,-0.04497961217578458,-0.4810243175084036
2023-12-29,Clean Energy,Defense,1.6244520667337154,1.457368460464197,-0.16279190548855477,-0.36186977074629445
2023-12-29,Clean Energy,Fintech,1.4264116147609631,1.2090138860466562,0.17273944607124075,0.00013900876165202173
2023-12-29,Clean Energy,US Infrastructure,1.3084329067962606,1.0910725152138365,0.30117651444294485,0.08283568716135604
2023-12-29,Clean Energy,Agribusiness,1.382547363562863,1.1218350055635278,0.3718978603695258,0.29663301184173846
2023-12-29,Clean Energy,Critical Minerals,1.4301272239707858,0.8218177694936698,0.6531081020492018,0.4716040345729058
2023-12-29,Clean Energy,Water,1.381167793493231,1.2656369463562123,0.3076592349209721,0.18277622111777078
2023-12-29,Clean Energy,Timber & Forestry,1.122086307227679,0.9531968945711851,0.2829509400384762,0.24528145602883353
2023-12-29,Cybersecurity,Defense,1.1417670141216536,1.112982580474038,0.5262070870929698,0.3704221191400603
2023-12-29,Cybersecurity,Fintech,1.124563198005374,1.06101086538533,0.5978619931981157,0.3972077175678963
2023-12-29,Cybersecurity,US Infrastructure,1.521925859132023,1.4024846769414943,0.0,-0.06436856874176197
2023-12-29,Cybersecurity,Agribusiness,1.4403522404617166,1.3221084453472114,0.005797767322390171,-0.021077105444488466
2023-12-29,Cybersecurity,Critical Minerals,1.5834917170451246,1.2446237796776276,0.13865093885276802,-0.31708118797376783
2023-12-29,Cybersecurity,Water,1.3185325612917995,1.2696681002522405,0.0,-0.06925858290748055
2023-12-29,Cybersecurity,Timber & Forestry,1.4088475541325585,1.384785760261159,0.0,0.0
2023-12-29,Defense,Fintech,1.3360343370780725,0.9320026404842219,0.6009398720943452,0.17913282167837175
2023-12-29,Defense,US Infrastructure,1.333089972040776,0.9056636099953848,0.3793203314798779,0.1925835522086171
2023-12-29,Defense,Agribusiness,1.3457045934996743,1.2569835522947428,0.1751722665650725,0.09128558064990464
2023-12-29,Defense,Critical Minerals,1.7704731712959392,1.3701461954651926,0.3290096646360058,-0.28728908709836787
2023-12-29,Defense,Water,1.2235338816021148,1.049904837500544,0.15107570634604325,0.1103434716177137
2023-12-29,Defense,Timber & Forestry,1.4669021917679363,1.3521969197443346,0.07595242810745773,0.07362214281819285
2023-12-29,Fintech,US Infrastructure,1.3723034135615295,1.237408882383839,0.0,-0.09375751205303265
2023-12-29,Fintech,Agribusiness,1.7070068830229304,1.405852580011971,-0.08473965750852785,-0.23203522228216852
2023-12-29,Fintech,Critical Minerals,1.974792879459898,1.1595742637836597,0.35301818159990483,0.006719020898933244
2023-12-29,Fintech,Water,1.3934878822971442,1.2549030929894807,0.07665496540761271,-0.07650873138092153
2023-12-29,Fintech,Timber & Forestry,1.2936967510612363,1.2320797198376143,0.31628006192597696,0.12625233719392395
2023-12-29,US Infrastructure,Agribusiness,1.0564038633268014,0.9318838490428045,0.687275254243491,0.42567398741318213
2023-12-29,US Infrastructure,Critical Minerals,1.6101327208502778,1.166899811758955,0.2661087859222775,0.0669746052855839
2023-12-29,US Infrastructure,Water,0.7338524745362784,0.46040502897422053,0.8413727657840123,0.7353684938352787
2023-12-29,US Infrastructure,Timber & Forestry,1.105316002510787,0.9917033786188899,0.4594025859551518,0.3743103788330575
2023-12-29,Agribusiness,Critical Minerals,1.4770831429523534,1.3638602804662583,0.7236647724378944,0.2830943648553039
2023-12-29,Agribusiness,Water,1.213790255340626,1.1467738057308299,0.35964727445385014,0.2738003621652981
2023-12-29,Agribusiness,Timber & Forestry,1.1240376903802047,0.8112641357953987,0.6068427552008782,0.3693932939352583
2023-12-29,Critical Minerals,Water,2.0486978343195186,1.2890832321763601,0.2043514618116669,0.0
2023-12-29,Critical Minerals,Timber & Forestry,1.3452333781229484,0.9562612934009381,0.6264649629125854,0.4721020941987428
2023-12-29,Water,Timber & Forestry,0.9335039319723973,0.7599257320997289,0.6722702933630116,0.3804024478293911
2024-01-26,Robotics & AI,AI Infrastructure,1.0425086032298263,0.8464727117298885,0.5593011336777749,0.4470419874737591
2024-01-26,Robotics & AI,Clean Energy,1.0817908581668476,0.9121052559558751,0.3716722865550399,0.33118860592846205
2024-01-26,Robotics & AI,Cybersecurity,1.3382373435873498,1.2895200694333036,0.23517654735769797,0.09241153549801928
2024-01-26,Robotics & AI,Defense,1.7303561880742018,1.5363300028812685,-0.10024412710536053,-0.28267119830758825
2024-01-26,Robotics & AI,Fintech,1.2534872394603156,1.1468885326611353,0.22303788371087066,0.18742986995812896
2024-01-26,Robotics & AI,US Infrastructure,1.4848834462430172,1.3170400273728886,0.20383448407964969,-0.07619862059882096
2024-01-26,Robotics & AI,Agribusiness,1.588928457309914,1.398138689548105,0.019015654231358634,-0.05982065446761342
2024-01-26,Robotics & AI,Critical Minerals,1.4377720994094738,0.9041167296673864,0.4703834471557215,0.33098311960488247
2024-01-26,Robotics & AI,Water,1.412655853731212,1.2512404679692504,0.2210012647934238,0.08538494422904604
2024-01-26,Robotics & AI,Timber & Forestry,0.9989944086486254,0.9144894456634493,0.5306855938494811,0.4229923421356727
2024-01-26,AI Infrastructure,Clean Energy,1.2883889088987581,1.0667335420311554,0.1526227293487279,0.0
2024-01-26,AI Infrastructure,Cybersecurity,1.5837402297585528,0.9243886110672007,0.4057648801934031,-0.15020509559479622
2024-01-26,AI Infrastructure,Defense,1.609680359370414,1.2617681789472575,0.2980704929085854,-0.19966178333637083
2024-01-26,AI Infrastructure,Fintech,1.2846341989446741,1.078498791848748,0.3237880951863812,0.20609270645671937
2024-01-26,AI Infrastructure,US Infrastructure,1.6256671255614374,1.2926948123962974,-0.08745646481523679,-0.22848108747971455
2024-01-26,AI Infrastructure,Agribusiness,1.6205554656667223,1.18419975849735,-0.19167558419185923,-0.391080420755673
2024-01-26,AI Infrastructure,Critical Minerals,1.5875914576364898,0.9077406007931746,0.49344654670181154,0.16059450613551324
2024-01-26,AI Infrastructure,Water,1.609286436452522,1.2575928493948096,0.0,-0.13331263292929535
2024-01-26,AI Infrastructure,Timber & Forestry,1.312655710811524,1.1390076784776113,0.19159007696782815,0.0
2024-01-26,Clean Energy,Cybersecurity,1.3173234772558102,1.2161334029523014,-0.08351367788687035,-0.4316440587891257
2024-01-26,Clean Energy,Defense,1.501199833309934,1.3196397717501454,-0.018315567408976628,-0.06363488171363943
2024-01-26,Clean Energy,Fintech,1.4100330443767148,1.1163743840009588,0.340302003435853,0.05380625440701294
2024-01-26,Clean Energy,US Infrastructure,1.1795326576050569,0.9440017653280387,0.40824714448518135,0.19833781898611483
2024-01-26,Clean Energy,Agribusiness,1.2909792661614432,1.126271574487579,0.4845441771674726,0.3277855340807716
2024-01-26,Clean Energy,Critical Minerals,1.402242018345766,0.7846450719133196,0.6440908681937321,0.4203966047923374
2024-01-26,Clean Energy,Water,1.4163539549555857,1.238373090526833,0.27538352074656663,0.14966011025179124
2024-01-26,Clean Energy,Timber & Forestry,1.0312053731791078,0.9643604214720618,0.24370829463765045,0.22177216350347673
2024-01-26,Cybersecurity,Defense,1.4725564125528967,1.253544987257221,0.0976587960092062,-0.08648575185385048
2024-01-26,Cybersecurity,Fintech,1.2487553442441897,1.0963945303486518,0.5421278459128875,0.17976304524480952
2024-01-26,Cybersecurity,US Infrastructure,1.437607983766236,1.4015415878475843,0.1304664002414533,-0.05829563912397128
2024-01-26,Cybersecurity,Agribusiness,1.331641385809019,1.2318431082120913,0.2531504795477997,0.12496048373827454
2024-01-26,Cybersecurity,Critical Minerals,1.4106879702713395,1.250526061084786,0.2997662027206818,0.11730290356140968
2024-01-26,Cybersecurity,Water,1.4217735052417007,1.3797977094675873,-0.10054780246122443,-0.12741477155859954
2024-01-26,Cybersecurity,Timber & Forestry,1.517024276331599,1.4599101741820755,-0.12184775914531568,-0.16383119055793188
2024-01-26,Defense,Fintech,1.283368938063111,0.9226765324680569,0.38359011146272015,0.02135188476427481
2024-01-26,Defense,US Infrastructure,1.2572517803971774,0.8526231003359054,0.4756210421653055,0.1743018043416717
2024-01-26,Defense,Agribusiness,1.3824583669964459,1.1866120337220631,0.29919438633813294,0.16279417844360267
2024-01-26,Defense,Critical Minerals,1.7980397659762268,1.3779417053367324,0.002701817031781279,-0.22965476242700392
2024-01-26,Defense,Water,1.2344162372790208,1.0433338917246517,0.3062421124572589,0.11106577220379919
2024-01-26,Defense,Timber & Forestry,1.5150529417838539,1.4799034795265744,-0.11635549507398889,-0.1388076709985084
2024-01-26,Fintech,US Infrastructure,1.4455308271748326,1.3002388404959317,0.0,-0.20543052964072822
2024-01-26,Fintech,Agribusiness,1.6866544775741064,1.5564278091343886,-0.1975131348668918,-0.26898441856448974
2024-01-26,Fintech,Critical Minerals,1.8862016126720176,1.0402074887733934,0.4891170839967194,0.15804454170734467
2024-01-26,Fintech,Water,1.3525490668736553,1.1914620494768438,0.12723908499663072,0.028671729054338436
2024-01-26,Fintech,Timber & Forestry,1.300920395214315,1.206298495568229,0.3698828127840214,0.15221107176338777
2024-01-26,US Infrastructure,Agribusiness,0.9342102753273456,0.7967554201130924,0.6623584206839924,0.5782420185317781
2024-01-26,US Infrastructure,Critical Minerals,1.3740795559938415,1.152410478644268,0.39876809115293504,0.0
2024-01-26,US Infrastructure,Water,0.8141401174384993,0.5053436449844241,0.7978413279539388,0.5990748566400904
2024-01-26,US Infrastructure,Timber & Forestry,1.1872210677675952,1.0620229772900462,0.2936812512468495,0.2563772978949577
2024-01-26,Agribusiness,Critical Minerals,1.5515544307255287,1.276244379676929,0.6744518158063636,0.34078567377052416
2024-01-26,Agribusiness,Water,1.1499679344934306,1.0069185244255314,0.47587230812854187,0.3612532526930642
2024-01-26,Agribusiness,Timber & Forestry,1.2242390026883676,1.0949590186918847,0.308941730117253,0.2466127284910334
2024-01-26,Critical Minerals,Water,1.7086889083886823,1.3015936758294804,0.3979019404280497,0.12876683375929682
2024-01-26,Critical Minerals,Timber & Forestry,1.24615756022372,0.9618523385070128,0.58003303456616,0.4758714863894641
2024-01-26,Water,Timber & Forestry,0.933305756620005,0.7551216304614654,0.7903619554575727,0.557044510568909
2024-02-23,Robotics & AI,AI Infrastructure,1.1657605400678126,0.9966380607263611,0.5476106099146312,0.3109432599005757
2024-02-23,Robotics & AI,Clean Energy,1.0121543937672186,0.9196502848356967,0.3591294862022075,0.3396877955009949
2024-02-23,Robotics & AI,Cybersecurity,1.3237733542002073,1.2863913140723464,0.23804913314916387,0.1800878980612255
2024-02-23,Robotics & AI,Defense,1.6121020217862225,1.4499505275941762,-0.08245110917367098,-0.13479008732095302
2024-02-23,Robotics & AI,Fintech,1.3078399066903426,1.16923204302261,0.2400335529610643,0.12430518382594198
2024-02-23,Robotics & AI,US Infrastructure,1.2318208093406116,1.103896385939159,0.43583723360842214,0.32756150506473825
2024-02-23,Robotics & AI,Agribusiness,1.4349208895312315,0.9913044014444159,0.36630858966351454,0.003963004966258052
2024-02-23,Robotics & AI,Critical Minerals,1.2848731086002696,0.9215341094986044,0.4668648195091315,0.22416911653193755
2024-02-23,Robotics & AI,Water,1.2456938913438413,0.9997931998523609,0.4627950540985444,0.3180699797032026
2024-02-23,Robotics & AI,Timber & Forestry,0.9416069915886124,0.6880783216585556,0.6684677857789011,0.47220315152041237
2024-02-23,AI Infrastructure,Clean Energy,1.325683757637633,1.075238524217389,0.0,-0.015752206401612668
2024-02-23,AI Infrastructure,Cybersecurity,1.6727683212162419,0.8282361436756325,0.62780342889048,-0.1452415272995501
2024-02-23,AI Infrastructure,Defense,1.6557669623716686,1.1903367750524818,0.16539896943158974,-0.2311439960843808
2024-02-23,AI Infrastructure,Fintech,1.262999548339192,1.005382516867435,0.28023637278821856,0.2185151160871901
2024-02-23,AI Infrastructure,US Infrastructure,1.555219318762532,1.1418848811203164,0.11999971113274993,-0.11341449314207756
2024-02-23,AI Infrastructure,Agribusiness,1.6251140818793866,1.1589918325207558,-0.1865447597705914,-0.279068547913369
2024-02-23,AI Infrastructure,Critical Minerals,1.4575356762093064,0.8812693546557228,0.3281117287383333,0.0
2024-02-23,AI Infrastructure,Water,1.6116174316397522,1.158988386404853,0.074739322604158,-0.13942413969541492
2024-02-23,AI Infrastructure,Timber & Forestry,1.4979469172663085,1.2331675666841535,0.16972363437550506,0.1181872589289037
2024-02-23,Clean Energy,Cybersecurity,1.3036734252108626,1.2156053693296054,-0.24486374720986426,-0.41651835953745797
2024-02-23,Clean Energy,Defense,1.4024810844716122,1.270155743264375,0.12179000346434904,-0.06083859844811852
2024-02-23,Clean Energy,Fintech,1.3955749584885808,1.0661988005863785,0.37110139322415026,0.07797534492503483
2024-02-23,Clean Energy,US Infrastructure,1.1647746612338263,0.8961822124217528,0.38253279247965416,0.24164064029666005
2024-02-23,Clean Energy,Agribusiness,1.2931285530711576,1.1364557102678503,0.3878612914738906,0.2813885423408066
2024-02-23,Clean Energy,Critical Minerals,1.3426170556911854,0.8624642630272354,0.5833120237969112,0.5305390408281131
2024-02-23,Clean Energy,Water,1.4000767794356124,1.1943925790666294,0.2839839509302613,0.10782414135073431
2024-02-23,Clean Energy,Timber & Forestry,1.0115869362628713,0.9882507276445295,0.18513204980007805,0.1630964045790741
2024-02-23,Cybersecurity,Defense,1.3493660203753282,1.254333510285076,0.13326234264716857,0.06533816445201977
2024-02-23,Cybersecurity,Fintech,1.1505401510306474,1.0135402596398222,0.5257501238829778,0.3558382110218078
2024-02-23,Cybersecurity,US Infrastructure,1.4782900725464112,1.376407098226878,0.037185801695812905,0.0
2024-02-23,Cybersecurity,Agribusiness,1.3827450120967215,1.2794281600090822,0.1406560223196119,-0.03715812985980125
2024-02-23,Cybersecurity,Critical Minerals,1.3042027719595282,1.1976118666627704,0.30058634951179775,-0.24806042212549145
2024-02-23,Cybersecurity,Water,1.4125653956215067,1.3457520436096582,0.0,-0.06544355187075478
2024-02-23,Cybersecurity,Timber & Forestry,1.4202352767472577,1.370842183614446,0.0,-0.06522509545244096
2024-02-23,Defense,Fintech,1.3020679888612718,0.9559028310640738,0.37336554585097925,0.1641579450894066
2024-02-23,Defense,US Infrastructure,1.2394774416163614,1.1292198191633518,0.29786173864649623,0.1446836866086941
2024-02-23,Defense,Agribusiness,1.40485466893481,1.2203951049728456,0.17790949403311393,0.0
2024-02-23,Defense,Critical Minerals,1.5986680293034186,1.416187885479675,0.15359947566485788,-0.18215212628447636
2024-02-23,Defense,Water,1.2963257024885826,1.121025268481271,0.196571853102983,0.09661944509195018
2024-02-23,Defense,Timber & Forestry,1.4237064969415998,1.4108887170182018,-0.07416715269851325,-0.11537431769237076
2024-02-23,Fintech,US Infrastructure,1.3879137501173502,1.235388964499586,0.0027821664599455022,-0.11401771463460632
2024-02-23,Fintech,Agribusiness,1.702128905051903,1.5344240657346082,-0.12470761901882615,-0.21615407496441655
2024-02-23,Fintech,Critical Minerals,1.8178495790656617,1.0657827600754513,0.4701909606550127,0.06196187245567039
2024-02-23,Fintech,Water,1.439597546075836,1.223040147455266,0.05773842675870762,-0.20614336687867543
2024-02-23,Fintech,Timber & Forestry,1.3191193904848124,1.1838420296463406,0.17929273960500638,0.16286253584416138
2024-02-23,US Infrastructure,Agribusiness,1.0908505686688483,0.9894132789698262,0.6200734519716151,0.33648991588564003
2024-02-23,US Infrastructure,Critical Minerals,1.3422739564180168,1.160363448440545,0.23739297417790858,0.07080999945425373
2024-02-23,US Infrastructure,Water,0.7120802470320239,0.58712613676619,0.7662222252794986,0.7078373058405767
2024-02-23,US Infrastructure,Timber & Forestry,1.134190635808293,1.0198555640040379,0.37371184165558263,0.3070385579162956
2024-02-23,Agribusiness,Critical Minerals,1.5442652613263992,1.2166300517069526,0.6970931722808127,0.2574811114165225
2024-02-23,Agribusiness,Water,1.1129843421135497,0.9404954027797762,0.3759844502840106,0.3360555718086959
2024-02-23,Agribusiness,Timber & Forestry,1.0929928373875482,0.9735653939082971,0.46459662905002785,0.3991014732120034
2024-02-23,Critical Minerals,Water,1.7379198094282655,1.4201327708639249,0.15821678246346582,0.0
2024-02-23,Critical Minerals,Timber & Forestry,1.1510164447422564,0.9287018611168303,0.5487312188860282,0.4572720705978829
2024-02-23,Water,Timber & Forestry,0.8817963362801449,0.8381366904123789,0.6407219902040591,0.5576039979238111
2024-03-29,Robotics & AI,AI Infrastructure,1.1871506211510978,0.9953811600100028,0.6226539092277741,0.3091238583997363
2024-03-29,Robotics & AI,Clean Energy,1.1049861350769343,0.9785611869040666,0.3331795499913139,0.15176537059129813
2024-03-29,Robotics & AI,Cybersecurity,1.4680717618111603,1.34854584012522,0.0,-0.18638145309391313
2024-03-29,Robotics & AI,Defense,1.625150770975358,1.4863671232475573,-0.019885821037209223,-0.27192603718005665
2024-03-29,Robotics & AI,Fintech,1.0303690252639235,0.8382119462039234,0.42338961941069675,0.35251318608917287
2024-03-29,Robotics & AI,US Infrastructure,1.2558996560105713,1.2125259747522121,0.2917982740336514,0.18321576325653482
2024-03-29,Robotics & AI,Agribusiness,1.3160545075059444,1.2185915705471715,0.14034563620709853,0.044963709187258685
2024-03-29,Robotics & AI,Critical Minerals,1.1719603497010864,0.8177399009546349,0.5574133080256009,0.3089062312506351
2024-03-29,Robotics & AI,Water,1.1863608902094365,1.052396348787499,0.5570800106387483,0.33430078626409454
2024-03-29,Robotics & AI,Timber & Forestry,0.629775089338886,0.42251099654407615,0.8711651677590709,0.7289675759903679
2024-03-29,AI Infrastructure,Clean Energy,1.188767943656638,1.0678948712936538,0.11966163197183025,0.03069754316375075
2024-03-29,AI Infrastructure,Cybersecurity,1.6406703379088814,0.5383567540016876,0.7861249871696676,0.0
2024-03-29,AI Infrastructure,Defense,1.4643701824829072,0.9940448139935429,0.3337587915616813,0.1595611280942
2024-03-29,AI Infrastructure,Fintech,1.3631715075445197,0.7318197227261325,0.5360149978472011,0.18637778293401808
2024-03-29,AI Infrastructure,US Infrastructure,1.4698021724326742,1.0128339577635455,-0.0630021290330909,-0.11853021419076594
2024-03-29,AI Infrastructure,Agribusiness,1.7309598731638631,1.16821146977311,-0.19456102953344914,-0.26299317878999906
2024-03-29,AI Infrastructure,Critical Minerals,1.3648327609296185,0.8213862891327846,0.5262349988723578,0.1542529348125574
2024-03-29,AI Infrastructure,Water,1.640692162159368,1.1757663820374005,0.018693072421822818,-0.13167333246645965
2024-03-29,AI Infrastructure,Timber & Forestry,1.4676366348499852,1.2003746623891993,0.25889026057685,0.07114376452193942
2024-03-29,Clean Energy,Cybersecurity,1.2725991266636623,1.1663082588465625,0.0,-0.3233395107395746
2024-03-29,Clean Energy,Defense,1.5523889519284022,1.461536050876555,-0.052499437412049425,-0.2607102858615595
2024-03-29,Clean Energy,Fintech,1.4596789991818377,1.0799745193299384,0.4001432570176809,-0.159286962341729
2024-03-29,Clean Energy,US Infrastructure,1.1409187084272032,1.0178935411796495,0.23675133257474254,0.08806840479437009
2024-03-29,Clean Energy,Agribusiness,1.1649059823993015,1.0505713919646658,0.5196174888658017,0.400675080923131
2024-03-29,Clean Energy,Critical Minerals,1.355172990878604,1.0555054173880198,0.39461812435260224,0.3157645433985153
2024-03-29,Clean Energy,Water,1.3932540371491935,1.2833075677635475,0.266365590991281,0.14263862808779496
2024-03-29,Clean Energy,Timber & Forestry,1.1287277200907493,1.0423140817808167,0.23911241586472134,0.0827169978495004
2024-03-29,Cybersecurity,Defense,1.172615708495494,1.0881572401413802,0.3512809100205146,0.28258027136730574
2024-03-29,Cybersecurity,Fintech,1.2854048480611107,1.0424702839791946,0.4034805505883493,0.33521514198767793
2024-03-29,Cybersecurity,US Infrastructure,1.4550034890221009,1.2833831630053183,0.16659704164446362,0.051379642251784395
2024-03-29,Cybersecurity,Agribusiness,1.475232644335038,1.2573587609497998,0.18172568717095322,-0.14510380244921633
2024-03-29,Cybersecurity,Critical Minerals,1.1690443942967632,0.9786058744141146,0.29369717427125697,-0.011761911346262869
2024-03-29,Cybersecurity,Water,1.4367956061565796,1.3641296180258595,0.07930893264844334,-0.15713093348627283
2024-03-29,Cybersecurity,Timber & Forestry,1.4061293094187826,1.3064107066968358,0.0,-0.05793417173754542
2024-03-29,Defense,Fintech,1.4898340681368636,1.368406199851861,0.2163307741096683,-0.09499416841979343
2024-03-29,Defense,US Infrastructure,1.2368384974345024,0.8696908772353552,0.3889311169800852,0.1695785811148654
2024-03-29,Defense,Agribusiness,1.3100381528253922,1.0664709095033837,0.4535909395404525,0.10210175540434406
2024-03-29,Defense,Critical Minerals,1.44372084477417,1.2383916066603267,0.4288705101788874,0.2012207306729944
2024-03-29,Defense,Water,1.3644999594616543,1.1831531298444198,0.2070495486389661,0.004169755688799435
2024-03-29,Defense,Timber & Forestry,1.5444574029848326,1.455882790207763,-0.10800724421387385,-0.21711532086684415
2024-03-29,Fintech,US Infrastructure,1.4515300029622082,1.218984286020824,0.0,-0.07262902596335274
2024-03-29,Fintech,Agribusiness,1.4216893515698903,1.3414691327550796,0.18719519058675957,0.0
2024-03-29,Fintech,Critical Minerals,1.4455066622874129,1.1204629002503042,0.5395793071104844,0.13381897856904543
2024-03-29,Fintech,Water,1.3196326587320604,1.0198579126900562,0.32135624099205456,0.01076398858193383
2024-03-29,Fintech,Timber & Forestry,0.9271801410679583,0.7749226478615505,0.6442288956295511,0.47691256176884855
2024-03-29,US Infrastructure,Agribusiness,1.2895659759639357,0.9243340851453866,0.4949915907072824,0.33710510388354675
2024-03-29,US Infrastructure,Critical Minerals,1.1615269561916508,0.900053793042775,0.3985755498323566,0.22112598295881686
2024-03-29,US Infrastructure,Water,0.7885512170400498,0.6272662255996072,0.8089472240154367,0.6644807830147932
2024-03-29,US Infrastructure,Timber & Forestry,1.3096526867783018,1.1537477623874075,0.38980334675007383,0.2349615793698902
2024-03-29,Agribusiness,Critical Minerals,1.3336262307250566,1.0774854157467015,0.6299310959887082,0.42080765920320296
2024-03-29,Agribusiness,Water,1.2255751190827355,1.1436586711395778,0.2761116497913279,0.11339029430353076
2024-03-29,Agribusiness,Timber & Forestry,1.331927186952953,1.2147663813578646,0.20833344299283918,0.17002747143151992
2024-03-29,Critical Minerals,Water,1.4744861369663764,1.3747982751621783,0.2755954626406405,0.0
2024-03-29,Critical Minerals,Timber & Forestry,1.158625577238678,0.8822194719085865,0.4751188908868984,0.22743652797732988
2024-03-29,Water,Timber & Forestry,1.0500612986670834,0.9674997287209924,0.5728781322477212,0.41329003061492164
2024-04-26,Robotics & AI,AI Infrastructure,1.177440359386079,1.1003373515561714,0.6244404086613942,0.3037893700361558
2024-04-26,Robotics & AI,Clean Energy,1.14427866090706,0.9158066560078963,0.38759124029866937,0.19179478939444827
2024-04-26,Robotics & AI,Cybersecurity,1.3942720823458334,1.3367046084560592,0.15837825924498944,0.07669447535514323
2024-04-26,Robotics & AI,Defense,1.5841364305910475,1.5244595669503762,-0.10087075143255288,-0.19220236081810693
2024-04-26,Robotics & AI,Fintech,1.3120290511611021,0.998489660488801,0.44032377102966724,0.32733927623985176
2024-04-26,Robotics & AI,US Infrastructure,1.382184711233018,1.325529016957607,0.22190845532345158,0.0038112470457698075
2024-04-26,Robotics & AI,Agribusiness,1.488677044757586,1.3660285683656284,0.0109839416440493,-0.07043003006319322
2024-04-26,Robotics & AI,Critical Minerals,1.1881574006720148,0.7641241629317818,0.6201803701264317,0.4304710355497555
2024-04-26,Robotics & AI,Water,1.1966364767121669,1.051356353894688,0.4167475967894277,0.25362589876636116
2024-04-26,Robotics & AI,Timber & Forestry,0.858043707214772,0.7186953070183517,0.5667895784852569,0.5167333316796019
2024-04-26,AI Infrastructure,Clean Energy,1.2351782806249412,0.9302639078720232,0.27567292562750034,0.0
2024-04-26,AI Infrastructure,Cybersecurity,1.4470090253580494,0.620723654924444,0.7363172192224692,0.0
2024-04-26,AI Infrastructure,Defense,1.6896241299599362,1.0772473050993898,0.24954250759156574,-0.11720596473240218
2024-04-26,AI Infrastructure,Fintech,1.5701255205319067,0.6821555265319332,0.5675312679767299,0.01397777674002948
2024-04-26,AI Infrastructure,US Infrastructure,1.4872744463863465,1.197457980391724,0.08563640822297512,-0.09828869341062763
2024-04-26,AI Infrastructure,Agribusiness,1.9585119958425072,1.2343067929475147,0.06342411592966424,-0.32978673272548314
2024-04-26,AI Infrastructure,Critical Minerals,1.3768371492182998,0.7452057376717587,0.6114281904396002,0.18899672781596208
2024-04-26,AI Infrastructure,Water,1.5979521327954325,1.1972937156571883,0.07207577775547114,-0.03608047703256093
2024-04-26,AI Infrastructure,Timber & Forestry,1.330638772803568,1.1745529551475482,0.3078177002814939,0.08133942315805168
2024-04-26,Clean Energy,Cybersecurity,1.3197194410378656,1.114344940317963,0.15617978187511533,-0.07648992711560604
2024-04-26,Clean Energy,Defense,1.6224816424787594,1.3681281644098549,0.016866766578103928,-0.15141244274085497
2024-04-26,Clean Energy,Fintech,1.4964930459533254,1.201357847758193,0.24218342571881707,0.0
2024-04-26,Clean Energy,US Infrastructure,1.204839819370493,0.9189329792941243,0.25946955871337324,0.13088478284404564
2024-04-26,Clean Energy,Agribusiness,1.4527180559509516,1.2322488041261304,0.29083876377978307,0.17975442867723826
2024-04-26,Clean Energy,Critical Minerals,1.3322417466210945,1.0528506656963317,0.35851902648180656,0.18443838322610956
2024-04-26,Clean Energy,Water,1.6470756138383835,1.0713259619435593,0.4608143205932651,-0.06878282405222229
2024-04-26,Clean Energy,Timber & Forestry,1.191976628558509,1.0402342466924355,0.1258034322917778,0.03421454904145707
2024-04-26,Cybersecurity,Defense,1.2065046741409882,1.1209587166484591,0.5195588463319459,0.4081426822521373
2024-04-26,Cybersecurity,Fintech,1.2052386187629085,1.0209120290459675,0.4055937483927084,0.3342280797547116
2024-04-26,Cybersecurity,US Infrastructure,1.5389542318574112,1.4521150678990524,-0.19461651957357934,-0.25789745995662305
2024-04-26,Cybersecurity,Agribusiness,1.415015008124394,1.1321574025700774,0.4770181942043225,0.0659456837401375
2024-04-26,Cybersecurity,Critical Minerals,1.328518112574976,1.1057198864160425,0.13132515448911486,0.07283271555194878
2024-04-26,Cybersecurity,Water,1.4697868225186228,1.3873281162616047,0.0,-0.16390268896546506
2024-04-26,Cybersecurity,Timber & Forestry,1.4920144596284868,1.4157178691785155,-0.12164252322996957,-0.16550037765837133
2024-04-26,Defense,Fintech,1.4752763931677082,1.3337739112656157,0.0,-0.08774809174050474
2024-04-26,Defense,US Infrastructure,1.112203031772379,0.8513924536735419,0.392574225997818,0.206847483906678
2024-04-26,Defense,Agribusiness,1.0247483544141769,0.8411840148815855,0.6808920749896651,0.3751333227307935
2024-04-26,Defense,Critical Minerals,1.4069119413650901,1.3507503424764666,0.29533705878402183,0.17852686144414387
2024-04-26,Defense,Water,1.3593541209079427,1.0039240645199181,0.2820188373143152,0.006028503675586276
2024-04-26,Defense,Timber & Forestry,1.5054001882814927,1.3923295230944372,-0.10688137466290021,-0.24158585786655
2024-04-26,Fintech,US Infrastructure,1.7069174883268992,1.472298779693732,-0.27973777144221823,-0.444663523322373
2024-04-26,Fintech,Agribusiness,1.5710028690948474,1.2484963862224339,0.11530608412379995,-0.15545031191008482
2024-04-26,Fintech,Critical Minerals,1.506018894450828,1.0963373955948488,0.5177099659986272,0.09360373023853988
2024-04-26,Fintech,Water,1.3717882369709187,1.1318615311562232,0.2654674146536049,-0.16217251319612858
2024-04-26,Fintech,Timber & Forestry,1.3153218822372716,0.9695570301567972,0.4571115169142448,0.14237513277080502
2024-04-26,US Infrastructure,Agribusiness,1.144204578886314,0.8340297836016243,0.5222402922102922,0.3548129518925658
2024-04-26,US Infrastructure,Critical Minerals,1.1057028471801953,1.0102863170522576,0.4132285969827713,0.1550961504137793
2024-04-26,US Infrastructure,Water,0.7708751063314031,0.5711261668461279,0.7339242384086402,0.6675519874314149
2024-04-26,US Infrastructure,Timber & Forestry,1.2562391984382586,1.2332841284588223,0.25028790571764,0.18449959517440334
2024-04-26,Agribusiness,Critical Minerals,1.5217574979627035,1.297751346703344,0.5398425182073039,0.06837127166900911
2024-04-26,Agribusiness,Water,1.1826576747307787,1.0308139996896446,0.2607545751562829,0.1499318278188678
2024-04-26,Agribusiness,Timber & Forestry,1.341043104107474,1.1419829121697191,0.28325113312232325,0.1660916377503309
2024-04-26,Critical Minerals,Water,1.537668176609786,1.4473420479430432,0.18828346896842332,0.0
2024-04-26,Critical Minerals,Timber & Forestry,1.1523344632195862,0.942786336601824,0.539583812634292,0.23513326508472338
2024-04-26,Water,Timber & Forestry,1.101665533804349,1.0655003914334302,0.38476019442902,0.31167710685190186
2024-05-31,Robotics & AI,AI Infrastructure,1.0559986145148237,1.0047453044596555,0.5342606669758959,0.33884018537709265
2024-05-31,Robotics & AI,Clean Energy,1.2957183931126328,0.9991935117968137,0.2991242819138432,0.15214421385521248
2024-05-31,Robotics & AI,Cybersecurity,1.4275806385094554,1.4183324526754661,0.0,-0.04454152161176213
2024-05-31,Robotics & AI,Defense,1.569179942327416,1.504577501462582,-0.10743024087227661,-0.15829651784119775
2024-05-31,Robotics & AI,Fintech,1.0842173985692019,0.8594724570535452,0.4998789128854664,0.14394875756977638
2024-05-31,Robotics & AI,US Infrastructure,1.284525546909384,1.2544915199351032,0.30921309024010873,0.13579089431671115
2024-05-31,Robotics & AI,Agribusiness,1.451097295377621,1.3509087587750455,0.0,0.0
2024-05-31,Robotics & AI,Critical Minerals,1.2378526401802128,1.0018620041708337,0.5407679591773826,0.26484767929487896
2024-05-31,Robotics & AI,Water,1.0394253695747808,0.951328417391246,0.6273921617197755,0.43512850629418487
2024-05-31,Robotics & AI,Timber & Forestry,0.9193185119798974,0.8751022422175813,0.5684037041500093,0.48693413165568666
2024-05-31,AI Infrastructure,Clean Energy,1.2766491836075844,1.0267711553219434,0.12685063826173903,0.0
2024-05-31,AI Infrastructure,Cybersecurity,1.3167944249125911,0.6805757399306142,0.7557623020828342,0.3207625981377029
2024-05-31,AI Infrastructure,Defense,1.6409902088870563,1.1871694726022903,0.18448748027816397,0.04930209500934455
2024-05-31,AI Infrastructure,Fintech,1.3380186614439187,0.7185399745312938,0.3929263654859535,0.1494090268432261
2024-05-31,AI Infrastructure,US Infrastructure,1.6160233822736865,1.2767640219348748,0.07672853010791703,-0.200586278698953
2024-05-31,AI Infrastructure,Agribusiness,1.9092359233306024,1.3082239022386593,-0.03757043963775661,-0.2671355294793798
2024-05-31,AI Infrastructure,Critical Minerals,1.398070217799772,0.8877166241589807,0.4609956009263249,0.04889167576924151
2024-05-31,AI Infrastructure,Water,1.6739078079575347,1.243992232554304,0.03528609778697733,-0.07913161446014794
2024-05-31,AI Infrastructure,Timber & Forestry,1.2369651150699714,1.1623484559475286,0.4129238141482665,0.14406577539189752
2024-05-31,Clean Energy,Cybersecurity,1.343301622642502,1.233726715759388,0.12806715634365268,-0.07935524813581848
2024-05-31,Clean Energy,Defense,1.6979049006699618,1.614837946051323,-0.14626791485210153,-0.18314074608131184
2024-05-31,Clean Energy,Fintech,1.5664923949900942,1.2370012407791406,0.10199003899369087,-0.07412905705781937
2024-05-31,Clean Energy,US Infrastructure,1.2685137155443311,1.1244596809650338,0.14042401996281323,0.08269724931616586
2024-05-31,Clean Energy,Agribusiness,1.4162695071189126,1.3030927309007454,0.36600512416771946,0.1545679150968454
2024-05-31,Clean Energy,Critical Minerals,1.4294116838405004,1.1155686217924967,0.31665598603637807,0.14481106046360948
2024-05-31,Clean Energy,Water,1.6853710908806179,1.1776249667985297,0.34351180594591013,-0.07788415746233815
2024-05-31,Clean Energy,Timber & Forestry,1.444460783406973,1.1785487926655596,-0.1418456036846654,-0.25773880300757085
2024-05-31,Cybersecurity,Defense,1.229774100517861,1.192096992143783,0.3450631639466773,0.3232308795801138
2024-05-31,Cybersecurity,Fintech,1.205662852708939,1.0372104907422859,0.2839149983765849,0.11264228223647957
2024-05-31,Cybersecurity,US Infrastructure,1.4606977153380274,1.4018444567749522,0.0,-0.13580553677968954
2024-05-31,Cybersecurity,Agribusiness,1.2499588092685476,1.186918918379331,0.3087536293852388,0.2636150453418605
2024-05-31,Cybersecurity,Critical Minerals,1.2378847473749433,1.215939867489942,0.24520627176122908,0.07055470336303633
2024-05-31,Cybersecurity,Water,1.4701704951140886,1.423138274953345,0.0,-0.10558660586626359
2024-05-31,Cybersecurity,Timber & Forestry,1.4889568274919787,1.4518893764724066,-0.1100211076086713,-0.12929726612371262
2024-05-31,Defense,Fintech,1.4232986484570482,1.3565541353430175,0.0,-0.1564515934479029
2024-05-31,Defense,US Infrastructure,1.0451367109110963,0.8104057931839154,0.4826371860233824,0.3296621254209279
2024-05-31,Defense,Agribusiness,1.067582785500051,0.932348578804568,0.48655124333072824,0.24716568951266432
2024-05-31,Defense,Critical Minerals,1.5237026361400272,1.2130527348776792,0.3239949036378832,0.0
2024-05-31,Defense,Water,1.2709696586957786,1.0482660505377164,0.31422175319707973,0.10100725455541745
2024-05-31,Defense,Timber & Forestry,1.4451595283306193,1.405517623746034,0.0,-0.14585910537413882
2024-05-31,Fintech,US Infrastructure,1.7174400644284238,1.4626106026206034,-0.36689308595522757,-0.5017242935897269
2024-05-31,Fintech,Agribusiness,1.5824869395428203,1.3537620877546983,-0.05405122746349165,-0.21682217222012276
2024-05-31,Fintech,Critical Minerals,1.4932241074973107,1.256409681402777,0.34210656539463186,-0.10056574012070803
2024-05-31,Fintech,Water,1.2885246186823995,1.0722993376420829,0.16576262773083233,-0.1255121330651117
2024-05-31,Fintech,Timber & Forestry,0.9734384308165434,0.9365512581034875,0.3547754477888403,0.23092842939650565
2024-05-31,US Infrastructure,Agribusiness,1.0762460638135405,0.7875676071805753,0.5683570688831708,0.40240844542409504
2024-05-31,US Infrastructure,Critical Minerals,1.1597344819779067,0.9308921194305705,0.40727458436294717,0.06614053616027972
2024-05-31,US Infrastructure,Water,0.8426636626283079,0.7199421308952975,0.691104894202868,0.5485777999967969
2024-05-31,US Infrastructure,Timber & Forestry,1.4198540721119342,1.356913783382845,0.1578626148760806,0.078011948938056
2024-05-31,Agribusiness,Critical Minerals,1.4856714777111018,1.1723957957833901,0.4953788408944514,0.24119126857572737
2024-05-31,Agribusiness,Water,1.126868749414557,1.0289034834910318,0.26208138726618885,0.2033921516155573
2024-05-31,Agribusiness,Timber & Forestry,1.5098090885106985,1.4114775650122013,0.0,0.0
2024-05-31,Critical Minerals,Water,1.5362680110885931,1.368836749147303,0.25622101452911056,0.08130967006829211
2024-05-31,Critical Minerals,Timber & Forestry,1.22131355119541,0.9440586606283317,0.5406459268790258,0.33935316807286586
2024-05-31,Water,Timber & Forestry,1.1877006253139268,1.0785402138023488,0.46833795817258544,0.22422640052444917
2024-06-28,Robotics & AI,AI Infrastructure,1.0271184064582932,0.6687872954949899,0.7588289361672166,0.5698166904103527
2024-06-28,Robotics & AI,Clean Energy,1.3271996582839283,1.1340012090911407,0.1719577076232111,0.07249488712817993
2024-06-28,Robotics & AI,Cybersecurity,1.3899539593675878,1.3427856343897395,0.0,-0.03776334560548691
2024-06-28,Robotics & AI,Defense,1.4744719411480711,1.2876484375817578,0.14084093405892603,-0.01198057287097099
2024-06-28,Robotics & AI,Fintech,1.1413104537403695,0.8971377845472956,0.5346088920006896,0.22797917567975923
2024-06-28,Robotics & AI,US Infrastructure,1.4031108199486224,1.276621282847169,0.3787929901862512,0.036523640889936954
2024-06-28,Robotics & AI,Agribusiness,1.5020120418753509,1.3960729091204847,0.0,-0.06501711861989101
2024-06-28,Robotics & AI,Critical Minerals,1.2825739288937044,0.7902502730913644,0.6073616652704946,0.227407917093488
2024-06-28,Robotics & AI,Water,1.1606217973871866,0.9408497830659538,0.5608872819113649,0.3244242163755283
2024-06-28,Robotics & AI,Timber & Forestry,0.889634683152715,0.8702599957448489,0.6297323298175149,0.602185490035108
2024-06-28,AI Infrastructure,Clean Energy,1.3352720250971,1.0597152313021088,0.0,-0.08295360374402098
2024-06-28,AI Infrastructure,Cybersecurity,1.3690422273639054,0.7840840744588795,0.6410539436261384,0.3063066430406458
2024-06-28,AI Infrastructure,Defense,1.5185766781559025,0.9417188480683559,0.43723233831981967,0.27014379004459577
2024-06-28,AI Infrastructure,Fintech,1.3914448617663298,0.8464677360030779,0.23076852734622685,0.11553290779922655
2024-06-28,AI Infrastructure,US Infrastructure,1.3710907241496304,1.1023926722728423,0.2587185008317439,0.06094740197751687
2024-06-28,AI Infrastructure,Agribusiness,1.6849602790698457,1.0607980094887328,0.09801560923697761,-0.13392952036393346
2024-06-28,AI Infrastructure,Critical Minerals,1.3202147107429278,0.7697559620127422,0.5597684287892876,0.052828061107183556
2024-06-28,AI Infrastructure,Water,1.5316682913257171,1.2573335386468116,0.3717429318360807,0.14828335283472638
2024-06-28,AI Infrastructure,Timber & Forestry,1.2634447562036568,1.0982727587668346,0.399835232961908,0.20768114831877094
2024-06-28,Clean Energy,Cybersecurity,1.4110348106096327,1.3643172533648658,-0.11025525644425042,-0.13938165114004414
2024-06-28,Clean Energy,Defense,1.7229990536262554,1.6022589025441683,-0.1499809115647393,-0.209555559873882
2024-06-28,Clean Energy,Fintech,1.572758888721805,1.2499050605266622,0.24993688541270237,-0.023859368719236437
2024-06-28,Clean Energy,US Infrastructure,1.3282717881333714,1.126939536480486,0.0,-0.12990215301061908
2024-06-28,Clean Energy,Agribusiness,1.4484418055550217,1.176626791887172,0.4268451509605743,0.23336801183146144
2024-06-28,Clean Energy,Critical Minerals,1.6330223952425367,1.2051013765863292,0.17527818601425244,0.0
2024-06-28,Clean Energy,Water,1.6547586711830005,1.230931019934733,0.23050791712976182,-0.04244718107061439
2024-06-28,Clean Energy,Timber & Forestry,1.4248725338508486,1.101660767423588,0.13343706895314286,-0.06886909930666593
2024-06-28,Cybersecurity,Defense,1.2558121115357295,1.1000481891075724,0.5374326915485791,0.3675949727644553
2024-06-28,Cybersecurity,Fintech,1.1608707573417587,1.023393798626583,0.25330629581181535,0.15493189811372884
2024-06-28,Cybersecurity,US Infrastructure,1.4403742956166414,1.3790438411720785,0.0,-0.09065115334402926
2024-06-28,Cybersecurity,Agribusiness,1.392960616851045,1.1734590899182815,0.30868516435841886,-0.023762523077262804
2024-06-28,Cybersecurity,Critical Minerals,1.3293184408386487,1.124331954349213,0.11294336754493392,0.0
2024-06-28,Cybersecurity,Water,1.5690424177239788,1.4273701540926784,0.0,-0.1476797499887436
2024-06-28,Cybersecurity,Timber & Forestry,1.502095223020444,1.3626433070485158,0.0,-0.1365390414266986
2024-06-28,Defense,Fintech,1.4800354750414964,1.1519825231216403,0.2812059441724495,0.15674133546123634
2024-06-28,Defense,US Infrastructure,1.1075236670071642,0.836034219001212,0.4825523896094382,0.24956799215986208
2024-06-28,Defense,Agribusiness,1.2006510650800826,1.0430432796373899,0.3458694852273117,0.15174669643675479
2024-06-28,Defense,Critical Minerals,1.5109628712152627,1.3809557249676585,0.3442517454671498,0.17703404600804215
2024-06-28,Defense,Water,1.3389441034718816,1.106680304755798,0.24784783536894534,0.015693046942334133
2024-06-28,Defense,Timber & Forestry,1.1942297991192936,1.0957992099511566,0.23681892855669756,0.19149908650039477
2024-06-28,Fintech,US Infrastructure,1.6037622143392811,1.5279560302987951,-0.21656820523617606,-0.38580107024349763
2024-06-28,Fintech,Agribusiness,1.5712538706650852,1.410343952533841,0.08154464964181246,-0.06374681974979315
2024-06-28,Fintech,Critical Minerals,1.680835476350794,1.1203403022280485,0.390031208557879,-0.05336258371519434
2024-06-28,Fintech,Water,1.3498320645517994,1.1010035773508307,0.21041938812039732,-0.15106754167081943
2024-06-28,Fintech,Timber & Forestry,1.1046652292493517,0.9800631446357161,0.40920459531992376,0.28308958641688076
2024-06-28,US Infrastructure,Agribusiness,1.062891887108988,0.8732902816975355,0.5199396558283992,0.41146910094044464
2024-06-28,US Infrastructure,Critical Minerals,1.124746991509596,1.023063520359871,0.485388869048887,0.3702655539959659
2024-06-28,US Infrastructure,Water,0.9294327089095168,0.7549077397594379,0.6921272472487178,0.5980384085991719
2024-06-28,US Infrastructure,Timber & Forestry,1.166302227037183,1.0576511556660058,0.4160477243572251,0.28654229978024603
2024-06-28,Agribusiness,Critical Minerals,1.5293477716843416,1.1686015714052909,0.8186616371890468,0.31319461019470346
2024-06-28,Agribusiness,Water,1.18811275942506,1.0907787977671493,0.3520712055228838,0.23649186757083246
2024-06-28,Agribusiness,Timber & Forestry,1.2278843222738254,1.1470439188770687,0.2671621726992824,0.22281126591470213
2024-06-28,Critical Minerals,Water,1.6097749479431196,1.4860152420416208,0.25757385196984156,0.17817671722786
2024-06-28,Critical Minerals,Timber & Forestry,1.0649829636274404,0.8760368493669892,0.5667672905933978,0.4041601282680459
2024-06-28,Water,Timber & Forestry,0.9356654296779129,0.6870453701625273,0.7103176963104789,0.4788587129828752
2024-07-26,Robotics & AI,AI Infrastructure,0.9944240955715682,0.6214523426095446,0.7351816514212374,0.5395568805714472
2024-07-26,Robotics & AI,Clean Energy,1.1290684779222575,1.0557303912469405,0.4707792855713825,0.08852523652944794
2024-07-26,Robotics & AI,Cybersecurity,1.4725078622462677,1.2790526272464975,0.0,-0.07309544263339263
2024-07-26,Robotics & AI,Defense,1.4086746667970818,1.2198675920843325,0.04942815299519681,-0.011881736024302822
2024-07-26,Robotics & AI,Fintech,1.2535847680215544,0.9253243979325538,0.5488793079387505,0.063247935280309
2024-07-26,Robotics & AI,US Infrastructure,1.272256841920037,1.1728097523582919,0.27038026161473666,0.2202319564814284
2024-07-26,Robotics & AI,Agribusiness,1.3195330328331474,1.1845841072699939,0.1707462580123772,0.0737625220087729
2024-07-26,Robotics & AI,Critical Minerals,1.1990647041130422,0.8048613561162749,0.6055233259602006,0.35568538157740354
2024-07-26,Robotics & AI,Water,1.1277786384686657,0.9223951568862346,0.6118703072340316,0.3727632020706899
2024-07-26,Robotics & AI,Timber & Forestry,0.8303850920107974,0.777818443235276,0.5931926745912645,0.543470783084563
2024-07-26,AI Infrastructure,Clean Energy,1.2731117487960142,1.0725341341273231,0.0,-0.11959535770754826
2024-07-26,AI Infrastructure,Cybersecurity,1.404114212565654,0.7772004688469272,0.5972266727314722,0.3301984502778274
2024-07-26,AI Infrastructure,Defense,1.1920196650510428,0.8961819972073733,0.5400357871659798,0.4405462618080343
2024-07-26,AI Infrastructure,Fintech,1.4217403322508986,0.8776795455797177,0.19497084595887695,0.017727184704468577
2024-07-26,AI Infrastructure,US Infrastructure,1.3960020113815468,1.088362835190328,0.24963641173197199,-0.003153463503527798
2024-07-26,AI Infrastructure,Agribusiness,1.4528343912779087,0.9867937163173693,0.18909023671668485,-0.03618110404273489
2024-07-26,AI Infrastructure,Critical Minerals,1.2252490599245918,0.7580123129951141,0.5296718256399885,0.16155786661420482
2024-07-26,AI Infrastructure,Water,1.4848881015644317,1.2147415155518064,0.16317282160848762,0.07550623313481063
2024-07-26,AI Infrastructure,Timber & Forestry,1.226522591232284,1.0637571269755144,0.3372451694730907,0.17628769750146156
2024-07-26,Clean Energy,Cybersecurity,1.2761216517524299,1.1455259951195573,0.11040889604853098,-0.28505407616724776
2024-07-26,Clean Energy,Defense,1.6945033978424588,1.5656753456469825,-0.11452752706302176,-0.3886292714480915
2024-07-26,Clean Energy,Fintech,1.5434784321776165,1.2649453660407297,0.40964801328171796,0.0
2024-07-26,Clean Energy,US Infrastructure,1.1660839455753291,1.0112987726195342,0.22029679193629376,0.09715632870354013
2024-07-26,Clean Energy,Agribusiness,1.3841398065294892,1.2052330554950197,0.49120045682979163,0.4121300784194065
2024-07-26,Clean Energy,Critical Minerals,1.4551755654793448,1.2282233392011037,0.20772987708954596,0.16492724687585447
2024-07-26,Clean Energy,Water,1.5334359133401863,1.2353086098675021,0.14607376152090906,-0.11837703031757252
2024-07-26,Clean Energy,Timber & Forestry,1.186151893443251,1.068535398766126,0.14021233610526232,-0.0012578051824233712
2024-07-26,Cybersecurity,Defense,1.1439816691516722,1.0931004500920274,0.5165145027325697,0.4732172259495524
2024-07-26,Cybersecurity,Fintech,1.2666910847123825,1.0956806450284406,0.2849643048764031,0.07859037632173455
2024-07-26,Cybersecurity,US Infrastructure,1.4182852198962381,1.3886712566162598,0.11411829901585309,-0.0910633107725825
2024-07-26,Cybersecurity,Agribusiness,1.3528335155878008,1.1859440652540072,0.29783516500112145,0.13634484503968444
2024-07-26,Cybersecurity,Critical Minerals,1.2466107694926394,1.0566853394963027,0.1467492597161568,0.11994546858478902
2024-07-26,Cybersecurity,Water,1.4483455149971627,1.419835807007721,0.0,0.0
2024-07-26,Cybersecurity,Timber & Forestry,1.425248458927758,1.326116109480538,0.12671604469951114,0.001513982548791272
2024-07-26,Defense,Fintech,1.5551591654275965,1.1907571917835371,0.08338707696047477,-0.18594498122196537
2024-07-26,Defense,US Infrastructure,1.187534473076941,0.7372312554956145,0.5091522663736419,0.20274917191189545
2024-07-26,Defense,Agribusiness,1.0917772291319305,0.9559014403382485,0.48641737041854277,0.23827183684912692
2024-07-26,Defense,Critical Minerals,1.4468183999205844,1.3208578492816643,0.4398058987062976,0.0
2024-07-26,Defense,Water,1.381637979688455,1.2051964389152259,0.24647785177549125,0.09664520696074644
2024-07-26,Defense,Timber & Forestry,1.493969100814672,1.396283176553834,0.0,-0.054161328444964685
2024-07-26,Fintech,US Infrastructure,1.5410754310047385,1.4201200916987622,-0.12452094108257028,-0.2736512786916195
2024-07-26,Fintech,Agribusiness,1.4948262996121984,1.2704217613663633,0.26157107060336643,-0.15017432408311754
2024-07-26,Fintech,Critical Minerals,1.6818748051193873,1.2799833141822707,0.47108114732995715,0.20137470025378043
2024-07-26,Fintech,Water,1.3110695668426622,1.1446258623321395,0.1692132082355001,-0.25100751975752167
2024-07-26,Fintech,Timber & Forestry,1.1386793453333415,0.9967375338527816,0.26582414448719405,0.17905755409202945
2024-07-26,US Infrastructure,Agribusiness,1.2239473003300252,0.805934216712012,0.5367352473086118,0.2641574962310498
2024-07-26,US Infrastructure,Critical Minerals,1.2143016112917884,0.9626138670617645,0.5626715738717473,-0.06806852889472156
2024-07-26,US Infrastructure,Water,0.9477742506817908,0.8479119340952045,0.6789041353971725,0.5316346980111547
2024-07-26,US Infrastructure,Timber & Forestry,1.2819755121843401,1.1217482583044465,0.4013068226181452,0.24981914386851575
2024-07-26,Agribusiness,Critical Minerals,1.5770636091949415,1.1590067620643152,0.569267099063588,0.30814293942399823
2024-07-26,Agribusiness,Water,1.2142318032143349,1.0672625528395407,0.3563705360721181,0.1582188458953743
2024-07-26,Agribusiness,Timber & Forestry,1.369095091063692,1.2164400443329724,0.26335711641822424,0.1262368767839438
2024-07-26,Critical Minerals,Water,1.5863329292389765,1.4437981012311465,0.23198671767864884,0.0
2024-07-26,Critical Minerals,Timber & Forestry,1.1514850736652014,0.8462448717666633,0.5544748390571507,0.38849822391813954
2024-07-26,Water,Timber & Forestry,1.1424046387627773,0.9462501010352506,0.4894903024165921,0.3568705622110304
2024-08-30,Robotics & AI,AI Infrastructure,1.011612628558455,0.7145528985264039,0.746987053458151,0.6108199457310549
2024-08-30,Robotics & AI,Clean Energy,1.1163859668000145,0.9367845701034984,0.6318508809706438,0.17979141725432132
2024-08-30,Robotics & AI,Cybersecurity,1.464822970653103,1.3946530860527018,0.0,-0.15392543335359604
2024-08-30,Robotics & AI,Defense,1.6700429036245827,1.3856582148391563,0.1525462448306842,-0.3087514537882261
2024-08-30,Robotics & AI,Fintech,1.1736485840182773,0.9718116681749033,0.3366161906843075,0.15652038018476686
2024-08-30,Robotics & AI,US Infrastructure,1.4750387031218128,1.436727439719336,0.0920324766048063,-0.005625710638753709
2024-08-30,Robotics & AI,Agribusiness,1.4883693820760981,1.3559308219950112,0.11566161069615054,0.0
2024-08-30,Robotics & AI,Critical Minerals,1.353988080445327,0.835445694034558,0.560753484595952,0.1292850293346406
2024-08-30,Robotics & AI,Water,1.3950012545208474,1.2908934999663781,0.4363422645213023,0.024564173952734025
2024-08-30,Robotics & AI,Timber & Forestry,1.211105279925825,1.198766194973411,0.36748465960228144,0.3549216561003571
2024-08-30,AI Infrastructure,Clean Energy,1.158500594142547,0.9587812992650758,0.34714945311630907,0.10389956917067669
2024-08-30,AI Infrastructure,Cybersecurity,1.460084600540246,0.7359095263401537,0.6755686076742953,0.20590712818280688
2024-08-30,AI Infrastructure,Defense,1.7593394257815427,0.9771506099793142,0.5337424389492259,0.3148024650485503
2024-08-30,AI Infrastructure,Fintech,1.3408222763911009,0.9579294364764167,0.1578817072012819,0.03863127815751442
2024-08-30,AI Infrastructure,US Infrastructure,1.6157719991246804,1.0641000077548943,0.047801505731725535,-0.03256167408255858
2024-08-30,AI Infrastructure,Agribusiness,1.5948551304254668,0.9972326229302731,0.12126899157667569,0.08464883437750058
2024-08-30,AI Infrastructure,Critical Minerals,1.288264553793778,0.7596021118111701,0.5016303691994649,0.1300507417253003
2024-08-30,AI Infrastructure,Water,1.896584380640507,1.3158352928757602,0.05189687055776811,-0.0645034538232291
2024-08-30,AI Infrastructure,Timber & Forestry,1.6203932480619196,0.9914388687919992,0.33263610090070833,0.07590855034965838
2024-08-30,Clean Energy,Cybersecurity,1.3634022872967122,1.2341544774691815,-0.19869404383719103,-0.28892513683674
2024-08-30,Clean Energy,Defense,1.7846864923765997,1.3297256560307023,-0.014716083636997007,-0.259882434123572
2024-08-30,Clean Energy,Fintech,1.5643437381128438,1.392018839138324,0.1459470182556108,-0.02843077198436621
2024-08-30,Clean Energy,US Infrastructure,1.2888778765675002,0.9225706728191887,0.1500600927881759,-0.09278489418250448
2024-08-30,Clean Energy,Agribusiness,1.605680194104806,1.0160505133729822,0.45203565421519265,0.0
2024-08-30,Clean Energy,Critical Minerals,1.498275572666257,0.9979442230686643,0.481078340670624,-0.1282268506030845
2024-08-30,Clean Energy,Water,1.551919806745203,1.146524085341278,0.1630229320842096,-0.14074617031347433
2024-08-30,Clean Energy,Timber & Forestry,1.306649021336812,0.9045866548951015,0.3081065801865884,-0.010877736840898742
2024-08-30,Cybersecurity,Defense,1.1290674704169632,1.0537831340822066,0.6023668617411158,0.5284618988507028
2024-08-30,Cybersecurity,Fintech,1.281771991937444,1.1822448542828339,0.22302554877165431,0.0533196376716711
2024-08-30,Cybersecurity,US Infrastructure,1.4285963948334186,1.3594140058899842,0.19394742281390637,-0.007156501383594506
2024-08-30,Cybersecurity,Agribusiness,1.2801073316400406,1.2740849147374638,0.31651607069433946,0.2155185779754134
2024-08-30,Cybersecurity,Critical Minerals,1.2514816648568479,1.1356510390087853,0.37993775845274497,-0.047197776497289685
2024-08-30,Cybersecurity,Water,1.5315375748181554,1.4888012950716185,0.0,0.0
2024-08-30,Cybersecurity,Timber & Forestry,1.4611976979398669,1.35621954716472,0.07950102114260611,-0.02516639491944133
2024-08-30,Defense,Fintech,1.5836852890772155,1.2691291888824432,0.14870511261781577,-0.10542480361678892
2024-08-30,Defense,US Infrastructure,1.3225934794606287,0.9446967160949575,0.3752702060043772,0.13644440928965365
2024-08-30,Defense,Agribusiness,1.1754662413213748,0.9798739406499699,0.5734305360408646,0.23208455828124613
2024-08-30,Defense,Critical Minerals,1.582475234102799,1.4250917896920268,0.3386496623281508,0.11975033604187252
2024-08-30,Defense,Water,1.4463747665661046,1.261362124271455,0.16756147556932108,0.0024328862969723738
2024-08-30,Defense,Timber & Forestry,1.3298979887628797,1.172763568680419,0.17071693517322595,0.08563407731103904
2024-08-30,Fintech,US Infrastructure,1.4890357240727807,1.3438447465605923,-0.12194307607636508,-0.21856724842606612
2024-08-30,Fintech,Agribusiness,1.5089756045265832,1.2510455636063231,0.31330872736248705,-0.016262664073346936
2024-08-30,Fintech,Critical Minerals,1.743745150305295,1.0561522601836961,0.474082653218017,-0.11140715929892757
2024-08-30,Fintech,Water,1.3927828937715252,1.2129174324667826,0.0,-0.2756481280462101
2024-08-30,Fintech,Timber & Forestry,1.300624561076658,1.1805450360978658,0.21752237319468049,0.12571266241329634
2024-08-30,US Infrastructure,Agribusiness,1.1110656984774607,1.0394210372276376,0.4899124555455884,0.2124215846208316
2024-08-30,US Infrastructure,Critical Minerals,1.2359792088375903,1.0818650928287945,0.44174417618135386,0.20883006883217559
2024-08-30,US Infrastructure,Water,0.9870583445561001,0.8083159895219593,0.5870210159015734,0.4996380492717027
2024-08-30,US Infrastructure,Timber & Forestry,1.0575434938956418,1.026545478583734,0.44178754965435574,0.4035759747159892
2024-08-30,Agribusiness,Critical Minerals,1.5969156083703127,1.2444050706089405,0.8003635759295403,0.21036313666199005
2024-08-30,Agribusiness,Water,1.2307763127535916,1.1121421128176756,0.20913920024159255,0.14085701534115067
2024-08-30,Agribusiness,Timber & Forestry,1.1652949655995462,1.0047406679588577,0.34660302072641774,0.28270491496103806
2024-08-30,Critical Minerals,Water,1.8397736454885096,1.5884968517227316,0.2088614375475397,-0.04031118794065265
2024-08-30,Critical Minerals,Timber & Forestry,1.1100292095711497,1.019463060999123,0.5778911708287685,0.3491910708591013
2024-08-30,Water,Timber & Forestry,1.0015664174095387,0.7239609181712902,0.553318373851398,0.3638726837904035
2024-09-27,Robotics & AI,AI Infrastructure,1.0613922594999763,0.8373619635670633,0.7153927842765798,0.5835429449959713
2024-09-27,Robotics & AI,Clean Energy,1.0814960367825306,0.8468010423469571,0.6476920881753317,0.2516615431255597
2024-09-27,Robotics & AI,Cybersecurity,1.4216419823033983,1.2982865891702413,0.2476812351333596,0.020041722293043275
2024-09-27,Robotics & AI,Defense,1.5372040168116141,1.184764831549811,0.439184023137141,0.04423158108393764
2024-09-27,Robotics & AI,Fintech,1.322533212300725,1.1254784278311871,0.3550656226929144,0.1012391502078558
2024-09-27,Robotics & AI,US Infrastructure,1.3872036840633517,1.337414704821977,0.20326331386869204,0.1565476061516058
2024-09-27,Robotics & AI,Agribusiness,1.6241907986238842,1.4123595463892746,0.12658307270616473,-0.056609311087544675
2024-09-27,Robotics & AI,Critical Minerals,1.3546053593740717,0.8193451713728535,0.6070360879776995,0.05810847093949478
2024-09-27,Robotics & AI,Water,1.3719509914077275,1.206985071798387,0.24231542600407918,0.17125254120133165
2024-09-27,Robotics & AI,Timber & Forestry,1.1303998861550615,1.1118093726599279,0.4455789620845142,0.36461261581800186
2024-09-27,AI Infrastructure,Clean Energy,1.1839661395147865,0.9669007151589164,0.3671436006818927,0.09899123633732405
2024-09-27,AI Infrastructure,Cybersecurity,1.438218180069104,0.743089126063649,0.6345909555259946,0.27444607225152473
2024-09-27,AI Infrastructure,Defense,1.714074098353549,0.876065490523003,0.5076476343928289,0.3341443701553451
2024-09-27,AI Infrastructure,Fintech,1.6779200323341923,0.9513921890340713,0.2960878071539237,-0.02488657757245178
2024-09-27,AI Infrastructure,US Infrastructure,1.5485758376082892,0.9597904199158925,0.0,-0.14801412934802477
2024-09-27,AI Infrastructure,Agribusiness,1.8285016837294976,1.0216276420335126,0.09469390500474728,-0.10566278112287358
2024-09-27,AI Infrastructure,Critical Minerals,1.3153975923553651,0.8699428928066156,0.3888130726810644,0.007342755550309043
2024-09-27,AI Infrastructure,Water,1.8871590021172844,1.259183585399713,-0.05922670754947799,-0.13852781563182695
2024-09-27,AI Infrastructure,Timber & Forestry,1.7206814197173579,1.0528303688789888,0.09534734220007145,0.0
2024-09-27,Clean Energy,Cybersecurity,1.277598534151276,1.1653849952887263,-0.14004963708698007,-0.1872681128764246
2024-09-27,Clean Energy,Defense,1.758914977965329,1.4798621288616602,-0.15083338085453413,-0.39810242030691295
2024-09-27,Clean Energy,Fintech,1.5458083670390166,1.3799106634188814,0.07598512724504919,-0.033868855425938475
2024-09-27,Clean Energy,US Infrastructure,1.20219211668025,0.8782194943511952,0.13285317237974673,-0.07038427183267111
2024-09-27,Clean Energy,Agribusiness,1.479803094016881,1.0459692492978045,0.5095147880666365,0.18451811425268114
2024-09-27,Clean Energy,Critical Minerals,1.4410783102640485,0.6152818323798563,0.7819579021732797,0.08404541249948295
2024-09-27,Clean Energy,Water,1.3962406186343097,1.1837180740522215,0.2862084194680642,0.08071017835495517
2024-09-27,Clean Energy,Timber & Forestry,1.1069275070796931,0.8890105277515473,0.3564339786208478,0.23966969912787692
2024-09-27,Cybersecurity,Defense,1.1050120947467938,1.0154576840603848,0.5517594486833012,0.5428754800813655
2024-09-27,Cybersecurity,Fintech,1.2868742296955438,1.1609426740273676,0.2738238463639445,0.18508695150087706
2024-09-27,Cybersecurity,US Infrastructure,1.4316505729870554,1.3389867926588903,0.11090468208253096,-0.045178057229260285
2024-09-27,Cybersecurity,Agribusiness,1.3393658826286665,1.2660687071566763,0.32009039821988267,0.1921326163353625
2024-09-27,Cybersecurity,Critical Minerals,1.2777432102651571,1.1679768921936389,0.07098451539136591,-0.048895939410066216
2024-09-27,Cybersecurity,Water,1.4814494743079099,1.4097901677193132,0.06556095097851058,-0.04189091712869575
2024-09-27,Cybersecurity,Timber & Forestry,1.4857611864638618,1.4012840362771575,-0.07928736059490678,-0.15106343412648351
2024-09-27,Defense,Fintech,1.4528617757235853,1.0866169004348547,0.2548302662940585,0.03586160641961988
2024-09-27,Defense,US Infrastructure,1.3502531750902873,1.0691042854139692,0.25518117161017423,0.14550889544557913
2024-09-27,Defense,Agribusiness,1.2648469165774274,0.8390811445132347,0.5621407671941588,0.17654907565361225
2024-09-27,Defense,Critical Minerals,1.6396647443997832,1.5293025298721048,0.27245755827964596,0.1324764579101671
2024-09-27,Defense,Water,1.4331609948831578,1.2722953439649398,0.09184657547389256,0.031026230976352872
2024-09-27,Defense,Timber & Forestry,1.3977077501213229,1.2559509025406754,0.1491092425486948,-0.10340661048768644
2024-09-27,Fintech,US Infrastructure,1.657618504838979,0.9886216943227827,0.1298533888819947,-0.2575309898215757
2024-09-27,Fintech,Agribusiness,1.535081896487953,1.2501482892583762,0.3310229204912752,-0.1003737645019247
2024-09-27,Fintech,Critical Minerals,1.7459545828359593,1.1972096497240012,0.24804851073658551,0.005872143773215002
2024-09-27,Fintech,Water,1.379126081384868,1.053184983477051,0.2599275212256652,-0.14401549139894718
2024-09-27,Fintech,Timber & Forestry,1.0729682301820016,0.9801559881211389,0.40834509633182764,0.3059078447267666
2024-09-27,US Infrastructure,Agribusiness,1.184625390469432,0.9740512556507563,0.44095116828410624,0.1894527495713172
2024-09-27,US Infrastructure,Critical Minerals,1.202353224689471,1.0555347996620181,0.45143164259330176,0.2131464854348501
2024-09-27,US Infrastructure,Water,0.96126776285569,0.683728291743665,0.6802875042714146,0.6226687124527764
2024-09-27,US Infrastructure,Timber & Forestry,1.028548557826599,0.7818774090957415,0.6114907318135054,0.3905636569023083
2024-09-27,Agribusiness,Critical Minerals,1.5994174333384015,1.1662211492046481,0.8172056744670549,0.3268088028408707
2024-09-27,Agribusiness,Water,1.256233795470326,1.0874286134366187,0.22700138002519782,0.12684741368379915
2024-09-27,Agribusiness,Timber & Forestry,1.2737944380421806,0.9657992515426169,0.3926879408444883,0.2478126668423338
2024-09-27,Critical Minerals,Water,1.8017646044772497,1.4769420599703398,0.13542430217153587,-0.04623416888547048
2024-09-27,Critical Minerals,Timber & Forestry,1.1773050312489395,0.9847562920791787,0.4257048367766334,0.3374520673503
2024-09-27,Water,Timber & Forestry,0.9800297900254523,0.6680999376269765,0.6791234747612044,0.3206780093584576
2024-10-25,Robotics & AI,AI Infrastructure,0.8251713831070308,0.734617740727388,0.7981275921668205,0.7111118761978004
2024-10-25,Robotics & AI,Clean Energy,0.9447756881740763,0.7504976285467023,0.667934742773189,0.28102293040555293
2024-10-25,Robotics & AI,Cybersecurity,1.4210130436995307,1.3637323147172653,0.18473459337885945,-0.03268229819563323
2024-10-25,Robotics & AI,Defense,1.5597038739904197,1.2426732019717475,0.37270082232004914,-0.03852345952575634
2024-10-25,Robotics & AI,Fintech,1.3144791207638997,1.1113114394718433,0.2682993046504864,0.13515458874454273
2024-10-25,Robotics & AI,US Infrastructure,1.4217512994977035,1.254734961782897,0.3340239879246781,0.07867657413114434
2024-10-25,Robotics & AI,Agribusiness,1.5598948103810013,1.4176492264957756,0.13332725177636606,0.0
2024-10-25,Robotics & AI,Critical Minerals,1.2407789523816561,0.6837224975231337,0.837951057569754,0.16767512317495403
2024-10-25,Robotics & AI,Water,1.4206665101379077,1.3334974745769061,0.21724451602835362,0.06381409844793513
2024-10-25,Robotics & AI,Timber & Forestry,1.1770621708872506,1.1626794566557488,0.4173180476467482,0.3645908985596723
2024-10-25,AI Infrastructure,Clean Energy,1.0329436934580676,0.8719583021885352,0.4169305991834011,0.25307641626457356
2024-10-25,AI Infrastructure,Cybersecurity,1.458570879537521,0.8451645858810486,0.6172717345614783,0.23138706327574524
2024-10-25,AI Infrastructure,Defense,1.7715553470514038,1.078699982999453,0.4675809890815534,0.16341532009385934
2024-10-25,AI Infrastructure,Fintech,1.682232530176174,0.9100183138335654,0.38138021532649685,0.010149983310355472
2024-10-25,AI Infrastructure,US Infrastructure,1.5439782938211781,1.0812289791210439,0.32621453618066165,-0.059400038264432534
2024-10-25,AI Infrastructure,Agribusiness,1.6956063050944126,1.1434981066912746,0.0,0.0
2024-10-25,AI Infrastructure,Critical Minerals,1.2516003045189146,0.7294687820887669,0.6135685123705463,0.14704417452895735
2024-10-25,AI Infrastructure,Water,1.8656700177144616,1.2556110995318162,0.20978915435499837,-0.08943763896195049
2024-10-25,AI Infrastructure,Timber & Forestry,1.6801037081925072,1.1074977087853577,0.18870960282840574,0.14880167379355402
2024-10-25,Clean Energy,Cybersecurity,1.2286164709372531,1.2142120190623458,-0.24317507437022265,-0.2766093841248995
2024-10-25,Clean Energy,Defense,1.684812768573836,1.5414483272973474,-0.34720461894629473,-0.47980915650554123
2024-10-25,Clean Energy,Fintech,1.4766364960771567,1.3501427091152618,0.05822001695755899,-0.09582552447982325
2024-10-25,Clean Energy,US Infrastructure,1.0510522085495724,0.844224112854035,0.2428994903996416,0.15516292079638525
2024-10-25,Clean Energy,Agribusiness,1.496289017639859,1.0204139884882506,0.5603777306808582,0.1744585696530116
2024-10-25,Clean Energy,Critical Minerals,1.3802065511011439,0.7967575292588099,0.6539097285042785,0.035581988392861225
2024-10-25,Clean Energy,Water,1.4002563674984732,1.0125961701665422,0.34914343843544166,0.06875811294363632
2024-10-25,Clean Energy,Timber & Forestry,1.014702952064143,0.8297199318992267,0.44735465641303435,0.2652781009783082
2024-10-25,Cybersecurity,Defense,1.048476991220756,1.0125614349305632,0.5923361722767875,0.5796276403460368
2024-10-25,Cybersecurity,Fintech,1.251079424082616,1.212351178571678,0.29654376851230074,0.19274775070652567
2024-10-25,Cybersecurity,US Infrastructure,1.5065163590008672,1.4408165712247418,0.0,-0.050248008146246054
2024-10-25,Cybersecurity,Agribusiness,1.3700689753005235,1.3318798342617175,0.26800335493737554,0.0
2024-10-25,Cybersecurity,Critical Minerals,1.1751395513091183,1.098178562909263,0.27476957294340637,0.0
2024-10-25,Cybersecurity,Water,1.4916729835723936,1.483759223258911,-0.06933287539131568,-0.09992579781571231
2024-10-25,Cybersecurity,Timber & Forestry,1.5831484253304167,1.5664275224214332,-0.2441797389730084,-0.2655610876141423
2024-10-25,Defense,Fintech,1.5724641594024278,1.196510775810949,0.15904094560569107,0.04862379425844356
2024-10-25,Defense,US Infrastructure,1.485593727856088,1.1200811754209044,0.19907841201276338,0.11436951867824838
2024-10-25,Defense,Agribusiness,1.3456307197960604,0.8882950994394643,0.49281370042457534,0.12389809539906808
2024-10-25,Defense,Critical Minerals,1.642137524010308,1.552028442421348,0.17413524015813597,0.14065279814470147
2024-10-25,Defense,Water,1.4349397328222115,1.2406619996245107,0.14948795449133775,0.0
2024-10-25,Defense,Timber & Forestry,1.5256407781898396,1.3910599039879221,-0.11179851579501186,-0.16553448003368754
2024-10-25,Fintech,US Infrastructure,1.6437702689925278,1.2879398755625848,0.0,-0.16755674004377902
2024-10-25,Fintech,Agribusiness,1.528989729841225,1.2854048096232156,0.23892579832800057,-0.11434085848969669
2024-10-25,Fintech,Critical Minerals,1.6433575473708388,1.2491075456978114,0.21237969063416473,0.11965216512213454
2024-10-25,Fintech,Water,1.366904933307245,1.1791255396907294,0.25002558098695854,-0.11783058021363328
2024-10-25,Fintech,Timber & Forestry,1.234176480822426,1.0027856821146865,0.3788779972088319,0.22928878154662669
2024-10-25,US Infrastructure,Agribusiness,1.144657443778739,0.8495063837942862,0.4387719900228546,0.3015620578939432
2024-10-25,US Infrastructure,Critical Minerals,1.161935804844439,1.0522629725784574,0.3315654708271975,0.20541912686399416
2024-10-25,US Infrastructure,Water,0.9504299879046171,0.7356958675993456,0.6708907149113564,0.6310975508319334
2024-10-25,US Infrastructure,Timber & Forestry,0.9836424669526478,0.7693775261363188,0.6185218003382272,0.40733362386876415
2024-10-25,Agribusiness,Critical Minerals,1.529858886279005,1.1539730437325262,0.8469236025201956,0.3007361766204572
2024-10-25,Agribusiness,Water,1.18282611146292,0.9318276555772124,0.40338586828764944,0.19323928128514872
2024-10-25,Agribusiness,Timber & Forestry,1.2021104318976368,0.8978780370307966,0.4470791389546285,0.2633357615801174
2024-10-25,Critical Minerals,Water,1.63191965356235,1.4032098435950233,0.3236350822653297,0.08192987877527061
2024-10-25,Critical Minerals,Timber & Forestry,1.0619543420926603,0.9603210621171993,0.47441438831834326,0.3662168670795568
2024-10-25,Water,Timber & Forestry,0.8656155510625578,0.6901486143777195,0.6410303342503354,0.42886729421735736
2024-11-29,Robotics & AI,AI Infrastructure,0.9727235078204276,0.594835665892352,0.8117344167464863,0.5080097972798171
2024-11-29,Robotics & AI,Clean Energy,0.9807569018587774,0.8946107198701234,0.547902070006732,0.32832971352690066
2024-11-29,Robotics & AI,Cybersecurity,1.4595755298472723,1.328000283567178,0.22138793132095094,-0.021611894510146223
2024-11-29,Robotics & AI,Defense,1.355469157604921,1.2307574416670746,0.2830569806108499,0.15424523027805934
2024-11-29,Robotics & AI,Fintech,1.3233848676171385,1.2699288283363204,0.2931490478386224,0.05444102917324462
2024-11-29,Robotics & AI,US Infrastructure,1.1927364808015686,0.9799260665280578,0.5261473068037673,0.28495148504152573
2024-11-29,Robotics & AI,Agribusiness,1.2672862173440074,1.2088897416916293,0.33610756534522496,0.18912925131690705
2024-11-29,Robotics & AI,Critical Minerals,1.3643740537712532,0.7806077000770241,0.5478900156318974,0.3577555216220409
2024-11-29,Robotics & AI,Water,1.1860933149738304,0.9724534181186525,0.49337102274477307,0.41240482427658554
2024-11-29,Robotics & AI,Timber & Forestry,0.8784641179203466,0.8583188843028199,0.7202923003418322,0.5360250422314821
2024-11-29,AI Infrastructure,Clean Energy,0.9661917664491325,0.8302812308041241,0.5451870063219081,0.0
2024-11-29,AI Infrastructure,Cybersecurity,1.5278877430594004,0.800029176664867,0.6461705669688708,0.2261405546931573
2024-11-29,AI Infrastructure,Defense,1.5353943256078322,0.9608354096020935,0.4292499145710069,0.36445506664227145
2024-11-29,AI Infrastructure,Fintech,1.4825341458311396,0.8167950767967159,0.3642431654207115,-0.012612432707926112
2024-11-29,AI Infrastructure,US Infrastructure,1.523785888610847,1.0980166741325275,0.2760296000647985,-0.04196466776448973
2024-11-29,AI Infrastructure,Agribusiness,1.4540558772154,1.0120310879376484,0.26879648640626935,0.12885926307699436
2024-11-29,AI Infrastructure,Critical Minerals,1.3357196018325719,0.6286672374353136,0.46834515220418327,0.1616950223484872
2024-11-29,AI Infrastructure,Water,1.6658167489954476,1.1648859863545664,0.4069337400560295,0.07486031685223848
2024-11-29,AI Infrastructure,Timber & Forestry,1.2687315248903235,0.9498242455414607,0.3898917093437825,0.2744190887633856
2024-11-29,Clean Energy,Cybersecurity,1.3191907508535128,1.2546534431328462,-0.23980302270223494,-0.34533640670116217
2024-11-29,Clean Energy,Defense,1.6953506515917314,1.556283525352223,0.0,-0.3021219459517934
2024-11-29,Clean Energy,Fintech,1.540515949148813,1.3800615955265638,-0.12285260315035605,-0.23437299598145134
2024-11-29,Clean Energy,US Infrastructure,1.129092074483027,0.880772700385384,0.2954589023966992,0.14762466645762876
2024-11-29,Clean Energy,Agribusiness,1.4260518158542104,1.1185104923029519,0.5457192918158049,0.23288230412752142
2024-11-29,Clean Energy,Critical Minerals,1.5170229117276577,0.6586007665484205,0.8520861519340831,0.2739422698189891
2024-11-29,Clean Energy,Water,1.5192375912425853,1.095712047057202,0.36385623343339785,0.25692220679958183
2024-11-29,Clean Energy,Timber & Forestry,1.0355503190073736,0.9319848753563714,0.5150283524475883,0.4544741389497213
2024-11-29,Cybersecurity,Defense,1.034930614686541,0.8889037130821829,0.6754916468531121,0.610531796470613
2024-11-29,Cybersecurity,Fintech,1.1387799524976532,1.0348226808615422,0.4611610045711042,0.40723151818113246
2024-11-29,Cybersecurity,US Infrastructure,1.4910204630483104,1.4299638366149052,0.0,0.0
2024-11-29,Cybersecurity,Agribusiness,1.3590208160620478,1.2690921402404929,0.2784497381670837,0.19117085774877296
2024-11-29,Cybersecurity,Critical Minerals,1.3301375873333101,1.1814140719804755,0.2451878301728239,-0.08897147890416393
2024-11-29,Cybersecurity,Water,1.5303073057140426,1.4828346608367262,0.0,-0.06302253786824985
2024-11-29,Cybersecurity,Timber & Forestry,1.521804290366704,1.4506927925767337,-0.1539353875319523,-0.1958234297180353
2024-11-29,Defense,Fintech,1.4226413373274196,1.247290321248477,0.20894357348434037,0.012924209367085219
2024-11-29,Defense,US Infrastructure,1.1683231720803804,0.8618876101518457,0.4470437115149487,0.15535939981013944
2024-11-29,Defense,Agribusiness,1.129081878532713,0.9350535577987793,0.7112127340681661,0.26525201621385813
2024-11-29,Defense,Critical Minerals,1.5569531843952436,1.4798755206932712,0.28711382607961916,0.15126952481596043
2024-11-29,Defense,Water,1.3035052656293444,1.101860626553518,0.24715187361165036,0.10765732025836354
2024-11-29,Defense,Timber & Forestry,1.239123001035574,1.1817869428343752,0.14582856520430312,0.11377119538921122
2024-11-29,Fintech,US Infrastructure,1.5591186094994003,1.3896385538440181,0.04087991951853421,-0.06136168568225149
2024-11-29,Fintech,Agribusiness,1.5114244670164974,1.2990670078004942,0.0,-0.1402844919926698
2024-11-29,Fintech,Critical Minerals,1.6269415255227109,1.3773205944047067,0.29791317969993514,-0.13702317472962006
2024-11-29,Fintech,Water,1.5315246265780897,1.330523825694455,0.0717020868311094,-0.10599969986309674
2024-11-29,Fintech,Timber & Forestry,1.2812108895478918,1.1478884841487258,0.19554945538152957,0.06021819026881918
2024-11-29,US Infrastructure,Agribusiness,1.002329418949847,0.7255698244141942,0.5261055433075402,0.4373039273256497
2024-11-29,US Infrastructure,Critical Minerals,1.2226867334936296,1.0031869477024917,0.4854310422752881,0.3461619293929851
2024-11-29,US Infrastructure,Water,0.6545693043853512,0.5431185318330211,0.8604334687043488,0.7794029724685514
2024-11-29,US Infrastructure,Timber & Forestry,1.2284611640388954,1.2159549921905504,0.12646673052519553,0.09987160050403422
2024-11-29,Agribusiness,Critical Minerals,1.5920059300688931,1.3450345101359487,0.7598792028753345,0.20749568681893746
2024-11-29,Agribusiness,Water,1.1838806078856794,0.7783133172133296,0.5506974743152495,0.26137122411903424
2024-11-29,Agribusiness,Timber & Forestry,1.1497787243795845,1.0117716569302466,0.4518351455217323,0.27262615423495307
2024-11-29,Critical Minerals,Water,1.6455094492762743,1.2925737256624101,0.426908516079376,0.18083325414967436
2024-11-29,Critical Minerals,Timber & Forestry,1.148198284001102,0.8651534929906499,0.559032299164163,0.48678531381309226
2024-11-29,Water,Timber & Forestry,1.2172744763954824,1.148091386236308,0.23826771465097785,0.05241248336045358
2024-12-27,Robotics & AI,AI Infrastructure,0.7923426561421821,0.6469266386159341,0.779706995221903,0.5976946686244059
2024-12-27,Robotics & AI,Clean Energy,0.9484061143102099,0.8919035683880497,0.49802356681515403,0.25857134496393724
2024-12-27,Robotics & AI,Cybersecurity,1.4570347017183949,1.3547791412961758,0.19179805284605334,0.01608323522221845
2024-12-27,Robotics & AI,Defense,1.368515328093048,1.313170902795335,0.2594782311223141,0.07469609721711805
2024-12-27,Robotics & AI,Fintech,1.2871726214215706,1.2333372106996583,0.3377495685862887,0.13026058161031018
2024-12-27,Robotics & AI,US Infrastructure,1.287921870948152,1.0978865070935484,0.407577483753419,0.15777428706928787
2024-12-27,Robotics & AI,Agribusiness,1.4438406157087167,1.2603480033618304,0.1930791837974336,-0.007634954636620006
2024-12-27,Robotics & AI,Critical Minerals,1.1367939212814069,0.670155229013511,0.6939133488114556,0.43724166576095863
2024-12-27,Robotics & AI,Water,1.0575155375895802,0.9488685408455683,0.6194844627080567,0.4690296199745616
2024-12-27,Robotics & AI,Timber & Forestry,0.7152049171137528,0.646680342046898,0.8173228045100384,0.6229308505819493
2024-12-27,AI Infrastructure,Clean Energy,0.987932193459806,0.8138327590825465,0.452815200396985,0.16301730437769527
2024-12-27,AI Infrastructure,Cybersecurity,1.626199705163226,0.8337020466602554,0.6490401468631798,0.20574010162357764
2024-12-27,AI Infrastructure,Defense,1.621694306815514,1.0146136203141725,0.4056651891832171,0.3444215184688146
2024-12-27,AI Infrastructure,Fintech,1.57033997318742,0.777858434737303,0.4214007917661273,0.03348905234022221
2024-12-27,AI Infrastructure,US Infrastructure,1.5197313537596968,1.1518981677283002,0.2665241949476479,-0.043091923074620495
2024-12-27,AI Infrastructure,Agribusiness,1.5986329376643849,1.0726475225310563,0.27629205884369207,0.003654977863764458
2024-12-27,AI Infrastructure,Critical Minerals,1.1983725260204485,0.5838816887618175,0.6260533764816738,0.3083942605242869
2024-12-27,AI Infrastructure,Water,1.5178912199687642,1.0973911811233394,0.4030534953671737,0.15200494941928466
2024-12-27,AI Infrastructure,Timber & Forestry,1.1244478205318527,0.8603910681490199,0.4781485240108081,0.3831524097198004
2024-12-27,Clean Energy,Cybersecurity,1.2135497915199507,1.1877767508531196,-0.24616656614634752,-0.28174435671818987
2024-12-27,Clean Energy,Defense,1.6077895170106686,1.5316924538107441,0.0,-0.179115531123166
2024-12-27,Clean Energy,Fintech,1.5592321851714863,1.4478724705695398,-0.1604618202911678,-0.408569886134233
2024-12-27,Clean Energy,US Infrastructure,1.0700957233276642,1.0000505564932012,0.20368934174744555,0.058587367037138474
2024-12-27,Clean Energy,Agribusiness,1.4943472283778254,1.2024220239844827,0.5262431593957227,0.11798032887267018
2024-12-27,Clean Energy,Critical Minerals,1.4090395837413456,0.6404324843219195,0.8429484745796861,0.3698797314186189
2024-12-27,Clean Energy,Water,1.4243763750903229,1.219815711213001,0.23660025522153347,0.17326839279479977
2024-12-27,Clean Energy,Timber & Forestry,1.0333144985559943,1.0099261975907519,0.5011870416609778,0.3884519670912542
2024-12-27,Cybersecurity,Defense,1.0940919280663537,0.9518266325594993,0.633408182888973,0.5499979235525306
2024-12-27,Cybersecurity,Fintech,1.2256227597751568,1.036015109179248,0.40778627991354205,0.32884514568401835
2024-12-27,Cybersecurity,US Infrastructure,1.519708294958622,1.4666943030379764,0.0,0.0
2024-12-27,Cybersecurity,Agribusiness,1.480938936073873,1.2942867636455098,0.2516175892069079,0.10069020801314792
2024-12-27,Cybersecurity,Critical Minerals,1.2424622818413968,1.153965940632345,0.2019545860060285,-0.14098097646902572
2024-12-27,Cybersecurity,Water,1.4965321453839406,1.4659630427579295,0.023394596300761197,-0.03734824481245736
2024-12-27,Cybersecurity,Timber & Forestry,1.505488499437552,1.4450459120402568,-0.15847563012890714,-0.20958966482824942
2024-12-27,Defense,Fintech,1.4534142019489913,1.0964926540795412,0.32435729088479454,0.10970784971570224
2024-12-27,Defense,US Infrastructure,1.1226703894283148,0.8381663691257537,0.41818461899589787,0.15304102726046814
2024-12-27,Defense,Agribusiness,1.173593710020804,1.0765081979413387,0.4442694412996554,0.18518167987438972
2024-12-27,Defense,Critical Minerals,1.4847287927734842,1.4438711529025234,0.3257814998917801,0.1554914957684629
2024-12-27,Defense,Water,1.1581061136964044,0.9992760492392017,0.27653624194798593,0.1408037160642226
2024-12-27,Defense,Timber & Forestry,1.2454743729840496,1.0537782327199274,0.23450106370528628,0.11232276223006554
2024-12-27,Fintech,US Infrastructure,1.6205456720595115,1.326399655435619,0.12098279417209887,-0.11276457872780252
2024-12-27,Fintech,Agribusiness,1.475900491895026,1.305096724322402,0.0,-0.11475991649417373
2024-12-27,Fintech,Critical Minerals,1.534026884513227,1.34063055157135,0.32626345876535123,-0.04245158585590394
2024-12-27,Fintech,Water,1.463192190811038,1.2563220063695655,0.1617841180810802,-0.0384526856830044
2024-12-27,Fintech,Timber & Forestry,1.3203991376010524,1.1344130377758634,0.1474672984985796,0.13154765984402805
2024-12-27,US Infrastructure,Agribusiness,1.0617640432899844,0.7538418603089438,0.5358748079830186,0.3507362685572589
2024-12-27,US Infrastructure,Critical Minerals,1.1313449362525902,1.0094481137787468,0.3599783061127996,0.3034013908872807
2024-12-27,US Infrastructure,Water,0.6562449482396099,0.48475293900846916,0.8850190320737004,0.746325789487476
2024-12-27,US Infrastructure,Timber & Forestry,1.3107815051456884,1.2901140114616194,0.0877526329181387,0.047083644756782866
2024-12-27,Agribusiness,Critical Minerals,1.6007398979409486,1.2585773795620152,0.5199843678998164,0.2077522608232745
2024-12-27,Agribusiness,Water,1.161984353783796,0.8855091163831978,0.5048394981724766,0.2886988026739465
2024-12-27,Agribusiness,Timber & Forestry,1.3973931335622598,1.1779405295589462,0.4133610026953549,0.21591637208212117
2024-12-27,Critical Minerals,Water,1.5702159943169705,1.2736041733745465,0.6104644254569004,0.3023480306866818
2024-12-27,Critical Minerals,Timber & Forestry,1.0533308502027776,0.7312806977703072,0.8181474573761524,0.6845105907260929
2024-12-27,Water,Timber & Forestry,1.1716208195244913,0.9516924579007543,0.47652431086516545,0.2661527356145254
2025-01-31,Robotics & AI,AI Infrastructure,0.8670949826676498,0.6418070936365489,0.7198744333774202,0.548290803326603
2025-01-31,Robotics & AI,Clean Energy,1.028908319846926,0.9231846954439936,0.4406873108722999,0.22758780961384534
2025-01-31,Robotics & AI,Cybersecurity,1.4977618829674462,1.4811462031331362,-0.05836139450365265,-0.08424133879180432
2025-01-31,Robotics & AI,Defense,1.652169687694904,1.4988378287791218,0.12135601686968805,-0.0918574234599247
2025-01-31,Robotics & AI,Fintech,1.3354209562185042,1.2953490743983633,0.13453624527847247,0.03007213577716272
2025-01-31,Robotics & AI,US Infrastructure,1.2734636074048913,1.1097111287678483,0.28264738348560037,0.16997598441621828
2025-01-31,Robotics & AI,Agribusiness,1.3229166832036454,1.2433775457955052,0.3547045998784937,0.13404223915745128
2025-01-31,Robotics & AI,Critical Minerals,1.3147008486042295,0.7161854435971401,0.6684961651004484,0.38693047415605053
2025-01-31,Robotics & AI,Water,1.1429320251995563,0.9991257497266095,0.5747199679256937,0.3805706186007037
2025-01-31,Robotics & AI,Timber & Forestry,0.9457675519440252,0.7997216665021998,0.722671025399665,0.49212032732348476
2025-01-31,AI Infrastructure,Clean Energy,1.1143979983923427,0.8825743964739601,0.30346427591869585,0.05541479214470291
2025-01-31,AI Infrastructure,Cybersecurity,1.6624291692209903,0.8276472839814821,0.6157701167572327,0.1593109030906178
2025-01-31,AI Infrastructure,Defense,1.6593579653700528,1.018571188052495,0.4976625435805336,0.3194132048571213
2025-01-31,AI Infrastructure,Fintech,1.47653469536813,0.7730385234681962,0.34125629479904335,0.0
2025-01-31,AI Infrastructure,US Infrastructure,1.5304428663753558,1.0978377401527293,0.24915820188652377,0.07313735890393841
2025-01-31,AI Infrastructure,Agribusiness,1.6219765815281173,1.0266145466890462,0.27771275065831985,-0.09519883205213142
2025-01-31,AI Infrastructure,Critical Minerals,1.2374938471022818,0.7087184923070093,0.4139295375020346,0.11172324527302058
2025-01-31,AI Infrastructure,Water,1.493531599039253,0.9325854744692642,0.41314622599665474,0.2510494968116686
2025-01-31,AI Infrastructure,Timber & Forestry,1.2732740763003918,0.9605863004954132,0.4175879033273922,0.20582628892763688
2025-01-31,Clean Energy,Cybersecurity,1.196846881867313,1.11915028521708,-0.012968646930288132,-0.18685772093191227
2025-01-31,Clean Energy,Defense,1.519323927537811,1.4259550561781644,0.04186188634782095,-0.07901691782818682
2025-01-31,Clean Energy,Fintech,1.6067428832354662,1.4709500622258864,-0.11024455338211032,-0.3508451316534099
2025-01-31,Clean Energy,US Infrastructure,1.171808319889026,0.8135075020017587,0.2582472903123951,-0.14277183722562237
2025-01-31,Clean Energy,Agribusiness,1.3878847969926473,0.9525421391085217,0.6311563160301134,0.33510420800979346
2025-01-31,Clean Energy,Critical Minerals,1.3440406962406,1.0854273060000323,0.3588721271647515,0.08733599328708538
2025-01-31,Clean Energy,Water,1.5595110149340663,1.211751458203189,0.23041530947865255,-0.008457962606976703
2025-01-31,Clean Energy,Timber & Forestry,1.0802651555082108,0.9788454512210949,0.25444109393684056,0.1933166808188102
2025-01-31,Cybersecurity,Defense,1.1814606810583193,1.0242151712476197,0.679094665750327,0.5050107390269936
2025-01-31,Cybersecurity,Fintech,1.1701584616892562,0.8777063054975819,0.5229025323188919,0.37285237857346953
2025-01-31,Cybersecurity,US Infrastructure,1.4599957296180024,1.4067289445132152,0.0,-0.06281483456877937
2025-01-31,Cybersecurity,Agribusiness,1.3735864228043337,1.3045159700916165,0.35455824098672944,0.1706620729233881
2025-01-31,Cybersecurity,Critical Minerals,1.301822667763274,1.161023050316282,0.15607954040959837,0.038355471370777466
2025-01-31,Cybersecurity,Water,1.4016969042651117,1.343767575270201,0.10936864948972276,0.0
2025-01-31,Cybersecurity,Timber & Forestry,1.4266692064573987,1.3763412180227579,0.0,-0.04670007950258108
2025-01-31,Defense,Fintech,1.6002819991246868,1.381320082116972,0.14968362221771436,-0.07794254064376123
2025-01-31,Defense,US Infrastructure,1.4369946888194518,1.1938068000230175,0.3434008299516341,0.14707507050723273
2025-01-31,Defense,Agribusiness,1.1774772477550077,0.9836956937925433,0.63669305874711,0.35660831039610774
2025-01-31,Defense,Critical Minerals,1.5331165584687332,1.441390724045273,0.3540735077390559,0.1445377465850651
2025-01-31,Defense,Water,1.3515968841664967,1.2163287439761468,0.26829723829434327,0.03597874230972909
2025-01-31,Defense,Timber & Forestry,1.4102199938456579,1.345323422672679,0.016651714850286534,-0.09625020093305685
2025-01-31,Fintech,US Infrastructure,1.4528286616477089,1.2028866785987737,0.2117570401929381,0.0
2025-01-31,Fintech,Agribusiness,1.4329205608351039,1.258376194672031,0.14180263099605567,0.0
2025-01-31,Fintech,Critical Minerals,1.6481764177950784,1.1891193758990608,0.35674499254961933,0.15051075883804543
2025-01-31,Fintech,Water,1.3009596932228218,1.1028494579065773,0.33238570481171403,0.13031659962847358
2025-01-31,Fintech,Timber & Forestry,1.2148377634595404,0.9072762659953864,0.3796524748772377,0.2282928520741808
2025-01-31,US Infrastructure,Agribusiness,1.3058187740388743,0.7969447319109809,0.4781554550656485,0.09096478482846887
2025-01-31,US Infrastructure,Critical Minerals,1.202249349645985,1.0415933096468712,0.39319881844425164,0.14428148587167014
2025-01-31,US Infrastructure,Water,0.8996954712396608,0.5356579953845317,0.8207005499843705,0.5472621404808602
2025-01-31,US Infrastructure,Timber & Forestry,1.2627339427775812,1.1108016326665242,0.07879467044207898,0.04164616599692823
2025-01-31,Agribusiness,Critical Minerals,1.627992254861085,1.2008374981062908,0.6674463267285597,0.06824871349622258
2025-01-31,Agribusiness,Water,1.118901408129896,0.8915234878723494,0.5025294990491329,0.26851633225222804
2025-01-31,Agribusiness,Timber & Forestry,1.329280899176208,1.159681772147294,0.38185358428595045,0.17479364474600398
2025-01-31,Critical Minerals,Water,1.5621397180200665,1.2671400606669725,0.38863466425535226,0.14276509343761773
2025-01-31,Critical Minerals,Timber & Forestry,1.2200294620091547,0.7927314298171165,0.6314820432392513,0.3951255996157079
2025-01-31,Water,Timber & Forestry,1.055339342025215,0.8472063159029782,0.6330326278923026,0.3546968582256378
2025-02-28,Robotics & AI,AI Infrastructure,0.7369056665631782,0.5692191338554915,0.803766312107409,0.5911081158903522
2025-02-28,Robotics & AI,Clean Energy,1.0402215697348267,0.9420529521156583,0.3630043312738092,0.16393444064010249
2025-02-28,Robotics & AI,Cybersecurity,1.4880337692619965,1.4509010669877511,-0.09803250168115314,-0.13528043137180537
2025-02-28,Robotics & AI,Defense,1.6525842148651584,1.5637060248605485,-0.11324996725977518,-0.2063009383924428
2025-02-28,Robotics & AI,Fintech,1.3117835078124305,1.1772143595707603,0.1898355574873033,0.09453621541011556
2025-02-28,Robotics & AI,US Infrastructure,1.2286045822752927,1.0117732701843745,0.4083234031030667,0.290273861816765
2025-02-28,Robotics & AI,Agribusiness,1.3124342152985253,1.200574296547362,0.41210171220025266,0.23506579447792295
2025-02-28,Robotics & AI,Critical Minerals,1.5103702295190697,1.040035162533367,0.447678304937132,0.22417111949146906
2025-02-28,Robotics & AI,Water,1.2720614093804754,1.2003414635888208,0.39133565922376,0.2605719806098153
2025-02-28,Robotics & AI,Timber & Forestry,0.9591263021997992,0.7784736694057508,0.7548223189911649,0.5859551103234875
2025-02-28,AI Infrastructure,Clean Energy,1.0806028624147588,0.9911592619864598,0.41355627677276396,0.3013316968857564
2025-02-28,AI Infrastructure,Cybersecurity,1.8079240993207057,0.9981193911250726,0.4213585259336289,0.0
2025-02-28,AI Infrastructure,Defense,1.8366024007306598,1.2215719240275151,0.11887068562238091,0.0
2025-02-28,AI Infrastructure,Fintech,1.4310955730172035,0.7258933712241017,0.5468088591193974,0.0
2025-02-28,AI Infrastructure,US Infrastructure,1.534744461281337,1.0970661106552106,0.3536994048478227,0.1134185235347969
2025-02-28,AI Infrastructure,Agribusiness,1.4878264203332248,1.0049938660861715,0.28029283337555805,-0.002546963110407773
2025-02-28,AI Infrastructure,Critical Minerals,1.4065233437791353,0.8649669805236744,0.6325895641423636,0.03250428638530741
2025-02-28,AI Infrastructure,Water,1.679845644846199,1.1718464018890056,0.1998027495509959,0.08416174599619522
2025-02-28,AI Infrastructure,Timber & Forestry,1.4322885352303154,0.9458155019794783,0.3138610051551539,0.17660680462175288
2025-02-28,Clean Energy,Cybersecurity,1.2165837109357254,1.1944474739714135,-0.18836575513889234,-0.25082276273562437
2025-02-28,Clean Energy,Defense,1.5281400341597295,1.3681133022161553,0.15787016790176098,0.03604305972559089
2025-02-28,Clean Energy,Fintech,1.5323343842301012,1.4147043134881871,-0.05323383264508815,-0.35274460750343484
2025-02-28,Clean Energy,US Infrastructure,1.0559218897424834,0.8113615414995154,0.47388344610122446,0.17286490261874637
2025-02-28,Clean Energy,Agribusiness,1.3257635419453553,0.891635382663885,0.5697937161036348,0.2754545939950483
2025-02-28,Clean Energy,Critical Minerals,1.6008789168066988,0.9325753231743751,0.5505450505514561,0.018977917017615406
2025-02-28,Clean Energy,Water,1.420743928654011,1.171503052355083,0.386545432039198,0.07727794115423871
2025-02-28,Clean Energy,Timber & Forestry,1.093147318547819,0.9282712571593802,0.18084164398938332,0.04524893006035061
2025-02-28,Cybersecurity,Defense,1.0552103190638806,1.0196286957063248,0.626544096991614,0.5911482853035251
2025-02-28,Cybersecurity,Fintech,1.2797159917775298,0.8973724648298104,0.6180226884549908,0.3601672657656988
2025-02-28,Cybersecurity,US Infrastructure,1.5309478193673765,1.5110302758118255,-0.10040468282259729,-0.15044903496005152
2025-02-28,Cybersecurity,Agribusiness,1.4659902560681184,1.2992517495045857,0.1581864871159463,-0.03997241130865102
2025-02-28,Cybersecurity,Critical Minerals,1.4912888971823086,1.2515404389452651,0.351196924341866,0.025407350082273728
2025-02-28,Cybersecurity,Water,1.3882146971594067,1.3355778675280923,0.0,0.0
2025-02-28,Cybersecurity,Timber & Forestry,1.4906804600464016,1.4556826140937245,-0.15304170362122402,-0.19953363616324452
2025-02-28,Defense,Fintech,1.4918113655557326,1.3167180204697533,0.16262673888882778,0.0
2025-02-28,Defense,US Infrastructure,1.3862219016099517,1.1730307484301885,0.2203810571279408,0.10672053957008916
2025-02-28,Defense,Agribusiness,1.251762263321817,1.0714872291667852,0.5158313861956207,0.0595496570899289
2025-02-28,Defense,Critical Minerals,1.6481690119351358,1.4277163936696473,0.2908600910838244,0.13409115650673176
2025-02-28,Defense,Water,1.3440764026524061,1.2197847753679252,0.23774761308081213,0.12839372739910584
2025-02-28,Defense,Timber & Forestry,1.3052637917424201,1.1832417208460997,0.0007712268188263713,-0.05418053338635948
2025-02-28,Fintech,US Infrastructure,1.439770142101267,1.1878112089291448,0.1807151234309221,-0.0759651234711527
2025-02-28,Fintech,Agribusiness,1.4483272812329844,1.2068981458005454,0.14182389599925835,-0.11012856871717515
2025-02-28,Fintech,Critical Minerals,1.7550904340126183,1.3239326864823782,0.40097191770157165,0.04935109854185693
2025-02-28,Fintech,Water,1.209670428070288,1.1544339099023377,0.3262987058593644,0.12720473782658281
2025-02-28,Fintech,Timber & Forestry,1.1327324553409313,0.9915349428881853,0.38244458529513686,0.16035472635396747
2025-02-28,US Infrastructure,Agribusiness,1.17435310024974,0.86465464202197,0.43450213540219385,0.3070992479895866
2025-02-28,US Infrastructure,Critical Minerals,1.3216951910058319,1.080020029268544,0.5209273316167392,0.16496463833481245
2025-02-28,US Infrastructure,Water,0.7678213948296394,0.590118564939433,0.777862074354241,0.6912842443856587
2025-02-28,US Infrastructure,Timber & Forestry,1.1369797268033073,1.0348782433960722,0.34839172568931476,0.3047293206636106
2025-02-28,Agribusiness,Critical Minerals,1.3781887229358494,1.3061645115328737,0.5476547528397928,0.17134790755371876
2025-02-28,Agribusiness,Water,1.0643211043941587,0.9508778152363537,0.35030854931347805,0.23032550559544565
2025-02-28,Agribusiness,Timber & Forestry,1.0771362012630716,0.9581258558079195,0.5750378926955314,0.4822143686481173
2025-02-28,Critical Minerals,Water,1.608793145097917,1.3399076460870176,0.37591656819142644,0.16420517220689115
2025-02-28,Critical Minerals,Timber & Forestry,1.295984223446716,0.9718927037413084,0.5196012803435901,0.401593229687076
2025-02-28,Water,Timber & Forestry,1.0092293142846869,0.7399582665587696,0.5704117641009869,0.3149781807882943
2025-03-28,Robotics & AI,AI Infrastructure,0.6291570120702132,0.5436071235198968,0.873395215920505,0.644546416486455
2025-03-28,Robotics & AI,Clean Energy,1.069899987960293,1.0350400107829398,0.37713418590416087,0.21076689859509967
2025-03-28,Robotics & AI,Cybersecurity,1.4297554470433342,1.4055186520589904,-0.0154805012811562,-0.07040409624213477
2025-03-28,Robotics & AI,Defense,1.6660361323325255,1.5536141077819028,-0.14649801091002437,-0.2225803768317113
2025-03-28,Robotics & AI,Fintech,1.3696185955393316,1.2610238459082141,0.0,0.0
2025-03-28,Robotics & AI,US Infrastructure,1.2285697862847444,0.9916798991743846,0.40759964737649823,0.22808460181281245
2025-03-28,Robotics & AI,Agribusiness,1.4879252650662536,1.3072505927501585,0.34772402674706,0.07415279642648748
2025-03-28,Robotics & AI,Critical Minerals,1.5104410843985836,0.7660078283385049,0.5857648062459999,0.2013892953971823
2025-03-28,Robotics & AI,Water,1.379434264664636,1.3547120749550499,0.3343705053939463,0.17445681731625146
2025-03-28,Robotics & AI,Timber & Forestry,1.1958131428061403,1.123637280246394,0.46531411574833786,0.3430214008388928
2025-03-28,AI Infrastructure,Clean Energy,1.1383417657005521,1.045651636977903,0.2917957069725781,0.15236621925513846
2025-03-28,AI Infrastructure,Cybersecurity,1.7593164442773392,1.097578993686453,0.2628940009615407,0.023654065883149455
2025-03-28,AI Infrastructure,Defense,1.900917922927242,1.1231894582308752,0.1408524224068682,0.0
2025-03-28,AI Infrastructure,Fintech,1.567045603781694,0.8977988801969142,0.17229724250634715,-0.14652745187929797
2025-03-28,AI Infrastructure,US Infrastructure,1.61910115881511,1.1159258852742822,0.22107580134592122,0.028336447236316533
2025-03-28,AI Infrastructure,Agribusiness,1.4297511437658859,1.0124604031681164,0.3046702158736158,0.0
2025-03-28,AI Infrastructure,Critical Minerals,1.365186043664968,0.6174329999893597,0.5957413574206933,0.08213841657926008
2025-03-28,AI Infrastructure,Water,1.6358278694405233,1.1704842728738236,0.19178616838368587,0.11140865991131114
2025-03-28,AI Infrastructure,Timber & Forestry,1.4461622898883135,1.0559928946915662,0.3868447425143717,0.14649923086179018
2025-03-28,Clean Energy,Cybersecurity,1.3131139745915792,1.2971335768437038,-0.2644418581090417,-0.5217583725091168
2025-03-28,Clean Energy,Defense,1.582560049611884,1.4883844318912516,0.05305102378923417,-0.15292522890292345
2025-03-28,Clean Energy,Fintech,1.6293969959348562,1.4952483135760484,-0.1568335469120089,-0.29855176362233143
2025-03-28,Clean Energy,US Infrastructure,1.1072085485615843,0.8909211320371593,0.43643055213087306,0.07242379063912809
2025-03-28,Clean Energy,Agribusiness,1.296112418710509,0.8921196855088827,0.7006888325541923,0.255893979549292
2025-03-28,Clean Energy,Critical Minerals,1.611136178196126,1.06391051958407,0.512883399329862,0.09981347942364789
2025-03-28,Clean Energy,Water,1.4279811586309048,1.1077288548941702,0.4620671029674921,-0.08968582620666103
2025-03-28,Clean Energy,Timber & Forestry,1.1878482275247702,0.942877981530484,0.31523051918891937,0.017511786163422336
2025-03-28,Cybersecurity,Defense,1.1497293884818118,0.970862655688364,0.568453208524713,0.45888255611329265
2025-03-28,Cybersecurity,Fintech,1.2563096703457617,0.8295683906534932,0.4813025032913096,0.1810789346653695
2025-03-28,Cybersecurity,US Infrastructure,1.3356451758384265,1.1557463500976728,0.4276536391194968,0.12389347470981125
2025-03-28,Cybersecurity,Agribusiness,1.4839692219934548,1.370202942116406,0.17909372813595165,0.015706531921727565
2025-03-28,Cybersecurity,Critical Minerals,1.3403009078014163,1.2284733682763083,0.1930483647128161,0.05947634180214674
2025-03-28,Cybersecurity,Water,1.4020910283310535,1.28006879477854,0.14685377204826183,0.0
2025-03-28,Cybersecurity,Timber & Forestry,1.4414928942437475,1.4155577492467042,-0.09066906481791491,-0.10797310727870169
2025-03-28,Defense,Fintech,1.4223676113829404,1.07424915458794,0.21811185652734918,0.14659919993983545
2025-03-28,Defense,US Infrastructure,1.2709982025005682,1.1129260753119015,0.3502686091922665,0.286458526002955
2025-03-28,Defense,Agribusiness,1.2487479221283975,1.127370495660797,0.48484173190563135,0.3483506358275478
2025-03-28,Defense,Critical Minerals,1.588688159696107,1.4430547130921518,0.3226747321754209,-0.08051834227898061
2025-03-28,Defense,Water,1.3190428053549745,1.2780056013219954,0.13113619940240173,0.11437042292868109
2025-03-28,Defense,Timber & Forestry,1.4705134282682246,1.3960961898008486,-0.315443915873783,-0.3660684701440337
2025-03-28,Fintech,US Infrastructure,1.3799494304306206,1.086127348002588,0.2813377083188957,0.10255879760343992
2025-03-28,Fintech,Agribusiness,1.3933810507136917,1.1778230452152665,0.12470493398116797,0.0
2025-03-28,Fintech,Critical Minerals,1.6191795081389613,1.3802677405448949,0.32749492452752393,0.14528384472238978
2025-03-28,Fintech,Water,1.328336083660494,1.1795357481671038,0.23717334027534004,0.10629603929002555
2025-03-28,Fintech,Timber & Forestry,1.3728800039515423,1.1611572262983478,0.09301724591036259,-0.06264312075688575
2025-03-28,US Infrastructure,Agribusiness,1.2887781529678435,1.0541231071203425,0.3291687402172509,0.1631678733066288
2025-03-28,US Infrastructure,Critical Minerals,1.3116167375073169,1.046112811526916,0.5492081311743222,0.13017343458798047
2025-03-28,US Infrastructure,Water,0.835607753073099,0.597110480148637,0.6764823192182923,0.5624069432836262
2025-03-28,US Infrastructure,Timber & Forestry,1.1298532381725193,1.098965032395832,0.23606415709956777,0.19255407588433265
2025-03-28,Agribusiness,Critical Minerals,1.4971509670792678,1.2434655503744267,0.5721514764647484,0.32624641646837926
2025-03-28,Agribusiness,Water,1.0123307365149445,0.8691579873934315,0.3734798510913383,0.32728209598708435
2025-03-28,Agribusiness,Timber & Forestry,1.1617232627503895,0.9165725491835637,0.5329588492578305,0.33618368395214226
2025-03-28,Critical Minerals,Water,1.5473968797102224,1.44697741462858,0.40714226908178763,0.26014317796228037
2025-03-28,Critical Minerals,Timber & Forestry,1.211169316980444,0.9719825791731512,0.45399107361423235,0.3637765007699012
2025-03-28,Water,Timber & Forestry,0.9943288638368963,0.88533029681319,0.4498996982897427,0.2818653189724698
2025-04-25,Robotics & AI,AI Infrastructure,0.6635541963906868,0.49286802292652504,0.950472263093484,0.717228518692484
2025-04-25,Robotics & AI,Clean Energy,1.000450442184025,0.947616246798523,0.44476996085533493,0.36775031995365803
2025-04-25,Robotics & AI,Cybersecurity,1.495795889695179,1.4482841836118618,-0.11294342718506378,-0.18833542436296583
2025-04-25,Robotics & AI,Defense,1.6687243755965224,1.4618312156025846,0.044751180418177675,-0.17032753317125582
2025-04-25,Robotics & AI,Fintech,1.3982355816682277,1.2747192941973549,0.0,-0.11023488730395342
2025-04-25,Robotics & AI,US Infrastructure,1.401468362509835,1.2459482988586215,0.17283034969326938,0.08816995111127862
2025-04-25,Robotics & AI,Agribusiness,1.634988003196611,1.245541406455346,0.3346988405245428,-0.12728219580920294
2025-04-25,Robotics & AI,Critical Minerals,1.8608967003771706,0.8929577283350507,0.5405342430080853,0.4241803403622518
2025-04-25,Robotics & AI,Water,1.3724830837098456,1.3045109967867174,0.3119433387439716,0.24045400666171413
2025-04-25,Robotics & AI,Timber & Forestry,1.1124216665021955,1.029464078415199,0.5322702690949184,0.4232879980913547
2025-04-25,AI Infrastructure,Clean Energy,1.220176222701249,1.012612866790994,0.36847553957604245,0.18130887000212068
2025-04-25,AI Infrastructure,Cybersecurity,1.7018256073942757,1.0960396291765198,0.23435462191542372,-0.10279757823344232
2025-04-25,AI Infrastructure,Defense,1.88350768069071,1.1394923638819057,0.23377313316841142,-0.10252415871308015
2025-04-25,AI Infrastructure,Fintech,1.4258299335409825,0.8444004041582267,0.18758555186901907,-0.13202528795294755
2025-04-25,AI Infrastructure,US Infrastructure,1.765548856958974,1.1713674278411668,0.24681805158620232,-0.038147134373430376
2025-04-25,AI Infrastructure,Agribusiness,1.6058035442253493,1.0133351552485468,0.30658107419747327,-0.12267769690474122
2025-04-25,AI Infrastructure,Critical Minerals,1.4540035972014709,0.7712383886790731,0.5125811826651248,0.10459707193370489
2025-04-25,AI Infrastructure,Water,1.6460829579615817,1.1366864343002108,0.1493636278597204,0.12092972491588494
2025-04-25,AI Infrastructure,Timber & Forestry,1.3752201175310799,1.0209845506931114,0.3687317094222729,0.18473677702861166
2025-04-25,Clean Energy,Cybersecurity,1.3574875816353078,1.275880575521598,-0.08060580736281725,-0.6150673596725427
2025-04-25,Clean Energy,Defense,1.6932668246235298,1.544566937598337,0.11706573354884686,-0.1433634791360732
2025-04-25,Clean Energy,Fintech,1.6254510532080457,1.3817325192067826,0.0,-0.1660409218701719
2025-04-25,Clean Energy,US Infrastructure,1.0628760724075093,0.9182739852708318,0.536743217814452,0.3046799234459054
2025-04-25,Clean Energy,Agribusiness,1.419594048915363,0.8585478581577916,0.683043187437839,-0.080948936185558
2025-04-25,Clean Energy,Critical Minerals,1.2380290247276466,0.9208894846780235,0.5471161591985243,0.32082186876194757
2025-04-25,Clean Energy,Water,1.307327300160952,1.1641216728073842,0.4742087788985189,0.03883758255961658
2025-04-25,Clean Energy,Timber & Forestry,1.070840746688585,0.9334490592471762,0.31819008656023806,0.26596796463226674
2025-04-25,Cybersecurity,Defense,1.13027365468131,1.1048779587470001,0.49823552623029943,0.47358698123862325
2025-04-25,Cybersecurity,Fintech,1.1882452334908342,0.9738164636718858,0.47691309443774366,0.2375320812056278
2025-04-25,Cybersecurity,US Infrastructure,1.5057648949523488,1.4478695453064843,-0.057413463183660876,-0.21168492585422524
2025-04-25,Cybersecurity,Agribusiness,1.33613336355145,1.185663380309131,0.5195891331858912,0.22574971165775976
2025-04-25,Cybersecurity,Critical Minerals,1.8204218946678465,1.333174243121883,0.10401478704746062,-0.016616846875727974
2025-04-25,Cybersecurity,Water,1.4769774945575667,1.4442120944917143,0.0,0.0
2025-04-25,Cybersecurity,Timber & Forestry,1.5079052485564015,1.4500223967563057,-0.14549997899087844,-0.16222597124846205
2025-04-25,Defense,Fintech,1.485797582479346,1.2665328723940728,0.2317711775083447,0.06332711909131336
2025-04-25,Defense,US Infrastructure,1.4796138424954948,1.3364052355565699,0.14775295206479355,0.0
2025-04-25,Defense,Agribusiness,1.4761911932001233,1.2325268474259328,0.3438663712917221,0.2018368516107754
2025-04-25,Defense,Critical Minerals,2.2493262184286573,1.4547325349344007,0.2131156834513531,-0.09384335977873237
2025-04-25,Defense,Water,1.5801906234534469,1.3420882476850347,0.1487813548666594,0.0
2025-04-25,Defense,Timber & Forestry,1.7583143392385294,1.5536552826770103,-0.23174705236565124,-0.4657918539463376
2025-04-25,Fintech,US Infrastructure,1.4102462288959283,1.0348293907885202,0.36711028352951924,0.016997703456744055
2025-04-25,Fintech,Agribusiness,1.4148532074424711,1.2131675850570323,0.2420507619405689,0.11951696425998302
2025-04-25,Fintech,Critical Minerals,1.9964469225695716,1.1590257726551991,0.2904296349047809,0.18617188810459775
2025-04-25,Fintech,Water,1.3128925725786111,1.2176702120218905,0.3018424578032128,0.03169928369002428
2025-04-25,Fintech,Timber & Forestry,1.3730243384313991,1.1148801507571848,0.1250809480691479,-0.10196869757567394
2025-04-25,US Infrastructure,Agribusiness,1.3440860803174342,0.9881087026520875,0.46173820878334393,0.21986895681454643
2025-04-25,US Infrastructure,Critical Minerals,1.6307236654368633,1.0101190805502562,0.5565650108323393,0.24649572238348788
2025-04-25,US Infrastructure,Water,0.9464636131393808,0.8585440202277391,0.6478302663616357,0.5034831417070643
2025-04-25,US Infrastructure,Timber & Forestry,1.121284554766385,1.0780308359707274,0.36228114472409034,0.29174605554901845
2025-04-25,Agribusiness,Critical Minerals,1.54765684613762,1.2597987343403834,0.789542505822253,0.13621661460862503
2025-04-25,Agribusiness,Water,1.247726503068729,0.9435948099213552,0.33521639029213485,0.19045628876724824
2025-04-25,Agribusiness,Timber & Forestry,1.208010979178159,0.8128195965493433,0.5337239139967133,0.2107014386071857
2025-04-25,Critical Minerals,Water,1.998173750819742,1.0767891703514951,0.2902616178054668,0.1586307134684516
2025-04-25,Critical Minerals,Timber & Forestry,1.536472758644224,0.9366139819344552,0.5501327089104217,0.4091046226505295
2025-04-25,Water,Timber & Forestry,1.066555788990309,0.9535784957016018,0.4999985375951856,0.3374939334741882
2025-05-30,Robotics & AI,AI Infrastructure,0.8193657587256046,0.8073661655185207,0.6974045516841547,0.6479450182439015
2025-05-30,Robotics & AI,Clean Energy,1.0574029623838521,1.013493304997814,0.2909078450545254,0.2510272077247586
2025-05-30,Robotics & AI,Cybersecurity,1.4318184348635943,1.3917031339427535,0.0,0.0
2025-05-30,Robotics & AI,Defense,1.6424970947448458,1.5077392735313362,-0.19051585472432747,-0.2662415357047786
2025-05-30,Robotics & AI,Fintech,1.303010008073811,1.1742823550969534,0.22139299628086667,0.10888302941506763
2025-05-30,Robotics & AI,US Infrastructure,1.2009083178743836,0.9632819746526812,0.42186693335794584,0.30132446861384776
2025-05-30,Robotics & AI,Agribusiness,1.4690280158519315,1.2069134825016472,0.2599734680203839,0.0
2025-05-30,Robotics & AI,Critical Minerals,1.5224033134711201,0.7624079420642456,0.6327839358659384,0.4871051363079836
2025-05-30,Robotics & AI,Water,1.2878360385329894,1.2069980259154063,0.44166639995213164,0.36887393560844123
2025-05-30,Robotics & AI,Timber & Forestry,0.9394357456278419,0.869605937532656,0.6724020813489462,0.5892739886112108
2025-05-30,AI Infrastructure,Clean Energy,1.2675133296109218,1.0953406827675847,0.38081987102700765,-0.002165561719819035
2025-05-30,AI Infrastructure,Cybersecurity,1.6358712686790176,1.1093219797362988,0.2974181504567458,0.13760478633959952
2025-05-30,AI Infrastructure,Defense,1.6664155403677614,1.0524521116934593,0.24705441009791446,0.2236995546442
2025-05-30,AI Infrastructure,Fintech,1.3906885718998458,0.9086404394259296,0.105130633806103,0.0
2025-05-30,AI Infrastructure,US Infrastructure,1.6613003362462098,1.161827236285943,0.2508895182847254,0.07510239723553193
2025-05-30,AI Infrastructure,Agribusiness,1.6330853748082133,1.0434710246205015,0.15250349977361063,-0.07067174718954886
2025-05-30,AI Infrastructure,Critical Minerals,1.377038025152108,0.6900775709406141,0.4594410567165136,0.3207964402114016
2025-05-30,AI Infrastructure,Water,1.7053378127914907,1.2424567192004554,0.09755066949751937,0.012153134669963905
2025-05-30,AI Infrastructure,Timber & Forestry,1.5774492658535424,1.1181723133245034,0.01720658705247473,-0.04885425675161237
2025-05-30,Clean Energy,Cybersecurity,1.3380234997948144,1.2659320928461268,-0.20045729435248788,-0.5178551305624244
2025-05-30,Clean Energy,Defense,1.6693514251917096,1.5090795121186118,0.02259469446243118,-0.15741817723563148
2025-05-30,Clean Energy,Fintech,1.5824491040830984,1.3538231511611856,-0.029989866402971983,-0.2769358925365268
2025-05-30,Clean Energy,US Infrastructure,1.0701777107512045,0.9320824847875704,0.3760189032289745,0.17844265084494124
2025-05-30,Clean Energy,Agribusiness,1.2986658850275874,0.9164721822773677,0.66368645379291,0.2122721705198706
2025-05-30,Clean Energy,Critical Minerals,1.2753182634937226,1.0122465018392197,0.3090533106879791,0.12016542998076196
2025-05-30,Clean Energy,Water,1.3373482186221481,1.269579763243211,0.34585424017650807,0.16147371152923568
2025-05-30,Clean Energy,Timber & Forestry,1.1135081939474532,0.9830826360409319,0.21888882153494504,0.12550751767891302
2025-05-30,Cybersecurity,Defense,1.1684730570679125,1.0165621592050282,0.5471224984776104,0.3587901797186653
2025-05-30,Cybersecurity,Fintech,1.1893830976163402,0.9408973428191472,0.43528708679746436,0.3492034426701033
2025-05-30,Cybersecurity,US Infrastructure,1.3169335605036354,1.1772595783468571,0.37019130234390124,0.17366398092617824
2025-05-30,Cybersecurity,Agribusiness,1.4244177196483025,1.2953918131232431,0.2924000936385541,0.028445186722729943
2025-05-30,Cybersecurity,Critical Minerals,1.5407209876584949,1.1116985392334255,0.3789897679737824,0.10923680700628818
2025-05-30,Cybersecurity,Water,1.3815548853316453,1.3214933867418157,0.12207034699157104,0.054914223002389885
2025-05-30,Cybersecurity,Timber & Forestry,1.4691813698449097,1.3844840302576522,0.0,-0.09077511597585045
2025-05-30,Defense,Fintech,1.5970528569632005,1.3456103099608514,0.2397146628143545,-0.12332304798058523
2025-05-30,Defense,US Infrastructure,1.427304846857402,1.1564723698826433,0.3607696779786128,0.09509761886896695
2025-05-30,Defense,Agribusiness,1.3135345783039878,1.1304305499419045,0.395420109945492,0.29736385502252705
2025-05-30,Defense,Critical Minerals,2.0543955824301112,1.3639871797363272,0.35291017658611734,-0.07810234290388357
2025-05-30,Defense,Water,1.5566717448237573,1.3034985538622215,0.1814953048750695,0.0
2025-05-30,Defense,Timber & Forestry,1.6482682726596505,1.5936185784858434,-0.4672907621171934,-0.5243726565100287
2025-05-30,Fintech,US Infrastructure,1.3923933274815106,1.0579740513167935,0.3016187305156351,0.004062717514014152
2025-05-30,Fintech,Agribusiness,1.4932569344559128,1.2222678982200565,0.12153921666068697,-0.10271030918260987
2025-05-30,Fintech,Critical Minerals,1.7338224288792796,1.1575764549725476,0.4603269353078098,0.18341919758963637
2025-05-30,Fintech,Water,1.2602367290100946,1.1217993080518898,0.37225583107561344,0.13054948264070454
2025-05-30,Fintech,Timber & Forestry,1.2878244654224384,1.0423285364374162,0.3125865185610016,0.022132207957788606
2025-05-30,US Infrastructure,Agribusiness,1.26367103528504,0.9936169800060094,0.4336666133631283,0.1894126981817758
2025-05-30,US Infrastructure,Critical Minerals,1.4566764672498493,1.0441410707333487,0.4927388585487492,0.1530991542403034
2025-05-30,US Infrastructure,Water,0.9269540472958288,0.7377249378220494,0.7886408243217666,0.6077493279264881
2025-05-30,US Infrastructure,Timber & Forestry,1.0780092927965552,1.0548816458134145,0.31895065203205303,0.27055325105229105
2025-05-30,Agribusiness,Critical Minerals,1.5837648014763641,0.9325102929289921,0.6168074365001383,0.34278667547406083
2025-05-30,Agribusiness,Water,1.3896494086930178,0.9836748348650394,0.33010590640343546,0.15439493155808134
2025-05-30,Agribusiness,Timber & Forestry,1.1896864952090462,0.9262248141697246,0.34767103155475715,0.16044547473503742
2025-05-30,Critical Minerals,Water,1.8925458011377212,1.4152266004905634,0.23881603607230195,0.01861924789337586
2025-05-30,Critical Minerals,Timber & Forestry,1.3249912737899143,0.834756476824919,0.5350684178494011,0.4955783382878045
2025-05-30,Water,Timber & Forestry,1.1459711290461547,1.0467757410254583,0.4121617959255172,0.31607969464988905
2025-06-27,Robotics & AI,AI Infrastructure,0.7653738517364376,0.6113189795920868,0.7205720665371492,0.6602123984739966
2025-06-27,Robotics & AI,Clean Energy,0.9206417050905188,0.773830405174924,0.5324937544843903,0.40129302761411967
2025-06-27,Robotics & AI,Cybersecurity,1.4260786794168063,1.3866220947944392,0.0,0.0
2025-06-27,Robotics & AI,Defense,1.5726644145973765,1.4524209473141139,-0.14838589112138742,-0.2148280279088749
2025-06-27,Robotics & AI,Fintech,1.203131386388704,1.1370226252717897,0.24226497582901396,0.14403223644209778
2025-06-27,Robotics & AI,US Infrastructure,1.2645026739636998,0.9753542535256834,0.4093231382159231,0.1949539213299487
2025-06-27,Robotics & AI,Agribusiness,1.4466427082296045,1.197746624103402,0.3402031434413397,0.0
2025-06-27,Robotics & AI,Critical Minerals,1.4241685949877778,0.8606293387750026,0.4748254744382607,0.4014716776561318
2025-06-27,Robotics & AI,Water,1.2468309551903731,1.1750150509488593,0.42977549787737357,0.36623032269957156
2025-06-27,Robotics & AI,Timber & Forestry,1.0087518069280268,0.9501929719021529,0.6326327719776881,0.48507806769223183
2025-06-27,AI Infrastructure,Clean Energy,1.0403930450030288,0.8300747324179284,0.48056240027067987,0.32554790467718764
2025-06-27,AI Infrastructure,Cybersecurity,1.592569116533184,1.1633206268286607,0.2579542989664287,0.2112490981839301
2025-06-27,AI Infrastructure,Defense,1.4900163921732252,1.164068826742883,0.2812907528496695,0.0
2025-06-27,AI Infrastructure,Fintech,1.4183558224389738,0.9727031815924364,0.13995354004847985,0.0
2025-06-27,AI Infrastructure,US Infrastructure,1.696390090291818,1.0983202340788714,0.21956014170911273,0.05768242321221515
2025-06-27,AI Infrastructure,Agribusiness,1.6024468051251635,1.0860584249381964,0.1760644686565843,0.0
2025-06-27,AI Infrastructure,Critical Minerals,1.2817377162209282,0.6650780404482269,0.44195741100699365,0.13750472849487932
2025-06-27,AI Infrastructure,Water,1.716644253181197,1.2183780514349276,0.18069664184940482,0.052447303975885255
2025-06-27,AI Infrastructure,Timber & Forestry,1.709838460488098,1.1827553370927837,0.18599070143291127,-0.04074370968345251
2025-06-27,Clean Energy,Cybersecurity,1.2225668661803841,1.1929069130165686,-0.20198969965611577,-0.24498436768901505
2025-06-27,Clean Energy,Defense,1.6314238880704899,1.4600931664607635,0.039303075883018165,-0.13427590137185552
2025-06-27,Clean Energy,Fintech,1.5095518208525291,1.4401914284520823,-0.18031271992535042,-0.21526271803751804
2025-06-27,Clean Energy,US Infrastructure,1.101995235786787,0.9038531391408342,0.39148489635056055,0.15944905352410305
2025-06-27,Clean Energy,Agribusiness,1.288470184327002,0.8475858701577714,0.7249616408932623,0.4536312632379755
2025-06-27,Clean Energy,Critical Minerals,1.218295361695826,0.9672367445490705,0.3698096531309833,0.1293696882425802
2025-06-27,Clean Energy,Water,1.4138404339386699,1.290389155746274,0.3231400065978438,0.05404222088913232
2025-06-27,Clean Energy,Timber & Forestry,1.0627055625433315,0.9525652382858203,0.24369888871799664,0.11702024991179866
2025-06-27,Cybersecurity,Defense,1.1912317204474776,1.0801986819778406,0.5439901058541209,0.38782300257345614
2025-06-27,Cybersecurity,Fintech,1.2078562980037824,0.8730701225262417,0.5938825742077631,0.32543601709693915
2025-06-27,Cybersecurity,US Infrastructure,1.3301383978338577,1.1465608498134725,0.3517828545032904,0.11576410104601288
2025-06-27,Cybersecurity,Agribusiness,1.4269279292840251,1.366184070553408,0.3468626157145988,0.10464070576302689
2025-06-27,Cybersecurity,Critical Minerals,1.5142553625484803,1.1207799310923026,0.36809229935779697,0.0017841577907781857
2025-06-27,Cybersecurity,Water,1.4391838868076448,1.3630013968383923,0.13145765463244294,0.0
2025-06-27,Cybersecurity,Timber & Forestry,1.4494430240601746,1.425429213138037,-0.015513149636493096,-0.07441842612050667
2025-06-27,Defense,Fintech,1.5270121913702448,1.3314696870125922,0.16460377782608326,-0.09567336866155128
2025-06-27,Defense,US Infrastructure,1.4324751189038325,1.1745621695339905,0.31790219717218376,0.08529211299315238
2025-06-27,Defense,Agribusiness,1.3927456240017908,0.9042847161632325,0.5963450134262556,0.2385034099523306
2025-06-27,Defense,Critical Minerals,1.8943521630890152,1.2578720113988635,0.3605110616315511,0.09553472197546733
2025-06-27,Defense,Water,1.5842131647356452,1.3408830082436103,0.17087651696220868,0.0
2025-06-27,Defense,Timber & Forestry,1.6367003652975898,1.4394901569082612,-0.09666837995575224,-0.3789572299995453
2025-06-27,Fintech,US Infrastructure,1.4828614772731332,0.9994021911960931,0.38296443653119167,0.004676274454537836
2025-06-27,Fintech,Agribusiness,1.4370935667631992,1.3102685153716718,0.18820296596513508,-0.0833590454349001
2025-06-27,Fintech,Critical Minerals,1.754523726931185,1.2415516686363595,0.2756126726835207,0.08309358907271151
2025-06-27,Fintech,Water,1.2386026629284579,1.159447766289533,0.3437228912487627,0.1370060811247226
2025-06-27,Fintech,Timber & Forestry,1.194402527161265,1.096564631926688,0.24147436092899158,0.1784857103807316
2025-06-27,US Infrastructure,Agribusiness,1.2909538233075761,1.0910100567332506,0.3255877004207667,0.1762622575898839
2025-06-27,US Infrastructure,Critical Minerals,1.4054095092679124,1.0718980866138796,0.49593838873892737,0.12312222224283133
2025-06-27,US Infrastructure,Water,0.9486835929637699,0.8329872871094294,0.6729468291478016,0.45577365150415544
2025-06-27,US Infrastructure,Timber & Forestry,1.1511866373031576,1.008496391381665,0.43607671407705706,0.2852878935635619
2025-06-27,Agribusiness,Critical Minerals,1.5865473476343666,1.1953973077605253,0.6260312207346647,0.2504800635592481
2025-06-27,Agribusiness,Water,1.3047687225837792,0.9639189448392006,0.22071788418024255,0.14516230356691864
2025-06-27,Agribusiness,Timber & Forestry,1.277491247403919,0.9090992118288871,0.4659287497813153,0.2262790349488638
2025-06-27,Critical Minerals,Water,1.8335119828681654,1.5007411630281493,0.10185476850255143,-0.07817126139046003
2025-06-27,Critical Minerals,Timber & Forestry,1.2784778611207692,0.9590858500931355,0.5569927982815509,0.3731288748867382
2025-06-27,Water,Timber & Forestry,1.1078147596359358,0.9037834202391527,0.45041824180318907,0.36316217489162217
2025-07-25,Robotics & AI,AI Infrastructure,0.8340207476514385,0.6905369014397692,0.6883907339909721,0.6654599774283407
2025-07-25,Robotics & AI,Clean Energy,1.1546810842185202,0.9464068255464593,0.4373254824723036,0.3810625432021459
2025-07-25,Robotics & AI,Cybersecurity,1.4513925077177716,1.4004596967947835,0.0,0.0
2025-07-25,Robotics & AI,Defense,1.7642239379729396,1.6477862885280705,-0.3299672520666839,-0.3905396751015444
2025-07-25,Robotics & AI,Fintech,1.2241872250602548,1.162117727255677,0.20079773000870557,0.1158708251217755
2025-07-25,Robotics & AI,US Infrastructure,1.3861637636686208,1.2062452206235468,0.15552247128843633,0.07387250018372546
2025-07-25,Robotics & AI,Agribusiness,1.446292384239219,1.1710122957487425,0.3725514324617744,0.0
2025-07-25,Robotics & AI,Critical Minerals,1.2862320808497818,0.7945765883587631,0.521923661663535,0.439711289924856
2025-07-25,Robotics & AI,Water,1.159807957447929,0.8645667507945959,0.6315131868307285,0.3585404859964505
2025-07-25,Robotics & AI,Timber & Forestry,0.9573008777204852,0.8719074494395384,0.6379492382885626,0.5219417983981602
2025-07-25,AI Infrastructure,Clean Energy,1.1167402132029536,0.810745789295263,0.3477190565886084,0.229057456622299
2025-07-25,AI Infrastructure,Cybersecurity,1.6573797917917477,1.1881170307946338,0.2467709737314259,0.17255350145117787
2025-07-25,AI Infrastructure,Defense,1.8635750756287666,1.3830148850368282,0.12352574109599669,0.014283376687433302
2025-07-25,AI Infrastructure,Fintech,1.4734236451658895,0.9174698590985771,0.18773755670221892,0.0
2025-07-25,AI Infrastructure,US Infrastructure,1.848062349359268,1.1555795112706722,0.0,-0.05940200970459289
2025-07-25,AI Infrastructure,Agribusiness,1.696703855252294,1.0666431670414045,0.304412221304682,0.0
2025-07-25,AI Infrastructure,Critical Minerals,1.2523706749209542,0.6583383400305348,0.4756717876530161,0.26715599599124656
2025-07-25,AI Infrastructure,Water,1.8201268280916667,1.114539648508682,0.30361449619353464,0.07908564288330029
2025-07-25,AI Infrastructure,Timber & Forestry,1.6673460779949956,1.0871238060623583,0.23790414057188575,0.002211642532904092
2025-07-25,Clean Energy,Cybersecurity,1.537472511589222,1.3477305932849002,-0.21669270406126895,-0.27846776251151795
2025-07-25,Clean Energy,Defense,1.8329460199678551,1.5928815944655221,0.0,-0.12903183305104812
2025-07-25,Clean Energy,Fintech,1.6949149617728718,1.345193849096288,0.07139002233533404,-0.20433633109952481
2025-07-25,Clean Energy,US Infrastructure,1.346953630726783,1.058734384500094,0.37969915207361365,0.22255783379035737
2025-07-25,Clean Energy,Agribusiness,1.5180867901158541,0.8801646529402476,0.7784173998664448,0.4278319873492111
2025-07-25,Clean Energy,Critical Minerals,1.341192243567789,0.7366571857790402,0.6984835487812123,0.37042562219794567
2025-07-25,Clean Energy,Water,1.4855213527238325,1.305791839610433,0.3746188728783225,0.11213432749959708
2025-07-25,Clean Energy,Timber & Forestry,1.2050524211247668,1.107296942825628,0.3481790307617273,0.14717277040860952
2025-07-25,Cybersecurity,Defense,1.0541923438154044,0.9605376004413387,0.48823012026296964,0.4286221549500986
2025-07-25,Cybersecurity,Fintech,1.213130500613218,0.866127570568356,0.5782475973439943,0.3481876492996301
2025-07-25,Cybersecurity,US Infrastructure,1.3313044121667021,1.1360586241842654,0.34743040577930234,0.11480002436185549
2025-07-25,Cybersecurity,Agribusiness,1.50261524865908,1.3820343791707075,0.13514205225375128,0.04771283444224859
2025-07-25,Cybersecurity,Critical Minerals,1.3755588941995693,1.1547600679959105,0.4147285374397175,0.0
2025-07-25,Cybersecurity,Water,1.3886956175622887,1.3599844975795063,0.0,0.0
2025-07-25,Cybersecurity,Timber & Forestry,1.4533950622486156,1.3950969213112354,-0.0862658193374254,-0.11221397161639457
2025-07-25,Defense,Fintech,1.5766260523413003,1.3158779498197157,0.14271821012450162,-0.02482651360857161
2025-07-25,Defense,US Infrastructure,1.2732650837621244,1.1446379027175397,0.30762273356184683,0.2181415146496574
2025-07-25,Defense,Agribusiness,1.5339621271286856,0.8966703048942118,0.6171473410774585,0.12304822838332186
2025-07-25,Defense,Critical Minerals,1.8637387631459132,1.4753300572908645,0.12037640646874896,0.0
2025-07-25,Defense,Water,1.498056437453272,1.1246682979068094,0.34483857197045586,0.18038819023195898
2025-07-25,Defense,Timber & Forestry,1.6341255062060538,1.5463647887847005,-0.16606127816087554,-0.2600621323607006
2025-07-25,Fintech,US Infrastructure,1.4937358573292545,1.0800168111286688,0.2572919532172629,0.10196254763977508
2025-07-25,Fintech,Agribusiness,1.403347349741843,1.2790926623150947,0.20470606951234763,0.0
2025-07-25,Fintech,Critical Minerals,1.697714333008229,1.2933783503562724,0.2854760240591609,0.0
2025-07-25,Fintech,Water,1.2521503551158073,1.132554833849632,0.2985533211875837,0.17399697006718437
2025-07-25,Fintech,Timber & Forestry,1.2968894864160687,1.1595900128992471,0.21460003237277075,0.15583158141092168
2025-07-25,US Infrastructure,Agribusiness,1.1941635677864062,0.862183573256682,0.552905240734233,0.32572867177724274
2025-07-25,US Infrastructure,Critical Minerals,1.2627398303494166,1.0559480434738133,0.4771555122183021,0.21991320829997668
2025-07-25,US Infrastructure,Water,1.0493139284217285,0.9500186066543614,0.5211557059986137,0.43324195438948543
2025-07-25,US Infrastructure,Timber & Forestry,1.0946424813602955,0.98173551528549,0.4309875762911324,0.39088939364511843
2025-07-25,Agribusiness,Critical Minerals,1.5365317339824365,1.109517704158507,0.6716232505242735,0.20654501533998856
2025-07-25,Agribusiness,Water,1.2338168602641892,0.9799566994435003,0.2964027229142622,0.18666556771800832
2025-07-25,Agribusiness,Timber & Forestry,1.2543758252455965,0.9478538720236035,0.3817502467979239,0.20484975000216404
2025-07-25,Critical Minerals,Water,1.7401926297401107,1.3669435651895558,0.3520338431658922,0.10029176424200073
2025-07-25,Critical Minerals,Timber & Forestry,1.173268934407359,0.9547219922669139,0.5968388644919881,0.39560012394661825
2025-07-25,Water,Timber & Forestry,1.0366873344151468,0.8453644630664336,0.5264010704603861,0.43750930230183066
2025-08-29,Robotics & AI,AI Infrastructure,0.9358824133255065,0.7691040482496241,0.7072833165936518,0.6062899046245207
2025-08-29,Robotics & AI,Clean Energy,1.0524562989493966,0.9895422201750458,0.4498701530830862,0.39459703466815715
2025-08-29,Robotics & AI,Cybersecurity,1.4314729428600617,1.4172184000943167,0.0,0.0
2025-08-29,Robotics & AI,Defense,1.7631851088605377,1.669931434212996,-0.2808931571936995,-0.3951295615936189
2025-08-29,Robotics & AI,Fintech,1.2788017535738063,1.1642152061166444,0.36024629441401035,0.17979757936142218
2025-08-29,Robotics & AI,US Infrastructure,1.3753120194763908,1.199552860685767,0.19728069200066753,0.07771015891199043
2025-08-29,Robotics & AI,Agribusiness,1.484992146032317,1.2174371140566016,0.4184533196616791,-0.06972971052782272
2025-08-29,Robotics & AI,Critical Minerals,1.281867351528894,0.8283927368542024,0.47597270838119315,0.36624629957460464
2025-08-29,Robotics & AI,Water,1.2635543805555902,1.1962590611661377,0.39062009137061526,0.1692585187430883
2025-08-29,Robotics & AI,Timber & Forestry,0.9354178719385942,0.8630883050564402,0.6870167201411294,0.6252204602606535
2025-08-29,AI Infrastructure,Clean Energy,1.158404473608674,1.01684813945166,0.3948958388179433,0.14909429828488074
2025-08-29,AI Infrastructure,Cybersecurity,1.703269572765215,1.1488147333162668,0.32374828306065434,0.2792241851853788
2025-08-29,AI Infrastructure,Defense,2.1876303537241686,1.4674244639084906,-0.15476151398917345,-0.2952529897067698
2025-08-29,AI Infrastructure,Fintech,1.4920747955306974,1.016324849535396,0.20119399094277676,0.0
2025-08-29,AI Infrastructure,US Infrastructure,1.8845620331483406,1.2419620728008973,-0.1167302556534553,-0.18757665844594346
2025-08-29,AI Infrastructure,Agribusiness,1.7433767565970804,1.1930979498355583,0.23936382871880263,0.0
2025-08-29,AI Infrastructure,Critical Minerals,1.2626879997523932,0.7426691121441383,0.4577683658469534,0.23702268458867645
2025-08-29,AI Infrastructure,Water,1.857986536524947,1.31047996010827,0.06887522263282216,-0.1455131528763474
2025-08-29,AI Infrastructure,Timber & Forestry,1.7089851772042117,1.210469763748325,0.1985853710878854,0.05322347056979663
2025-08-29,Clean Energy,Cybersecurity,1.2910636903271102,1.2313104537748958,-0.23229621668559836,-0.35248035177151366
2025-08-29,Clean Energy,Defense,1.621694926452658,1.4679651597487753,-0.15046619865956612,-0.3890964345812937
2025-08-29,Clean Energy,Fintech,1.4493238890376106,1.3008162358472277,0.17604802967075503,0.0
2025-08-29,Clean Energy,US Infrastructure,1.1333642860770523,0.8689750724957453,0.32023908655666833,0.2044345511350389
2025-08-29,Clean Energy,Agribusiness,1.125154644637191,0.6766429083886145,0.9632430302270586,0.45063034951522385
2025-08-29,Clean Energy,Critical Minerals,1.2145199783036236,0.8065658371215434,0.693040859981507,0.3591495907713168
2025-08-29,Clean Energy,Water,1.4951769112114517,1.2308027958085146,0.18315068757713754,0.014258888726256
2025-08-29,Clean Energy,Timber & Forestry,1.0054763972918828,0.7954957057788938,0.495622367873774,0.33687018626517196
2025-08-29,Cybersecurity,Defense,1.361493068009102,1.2414649030695257,0.13171401931169213,0.0
2025-08-29,Cybersecurity,Fintech,1.0663298750627919,0.8484631439951069,0.6001400248013281,0.4679089362536465
2025-08-29,Cybersecurity,US Infrastructure,1.4339741964880852,1.3430735735691632,0.17178373708730232,-0.05375374589585814
2025-08-29,Cybersecurity,Agribusiness,1.4213622312928922,1.397659870136163,0.07224181944951773,-0.03267600412249155
2025-08-29,Cybersecurity,Critical Minerals,1.2750581486046149,1.1417043902337018,0.35944118052545687,0.13232614684780186
2025-08-29,Cybersecurity,Water,1.3625630366632233,1.2341449605619206,0.23994684348562473,0.11154976483461038
2025-08-29,Cybersecurity,Timber & Forestry,1.5409178418561627,1.4874605917961654,-0.16217985777007213,-0.19903370241111756
2025-08-29,Defense,Fintech,1.4790740213273217,1.3017285242443162,0.18652097884389604,-0.08204437017208363
2025-08-29,Defense,US Infrastructure,1.203476781237271,0.9901069839433144,0.45963055338833747,0.2581234758636748
2025-08-29,Defense,Agribusiness,1.353427151712603,0.9552210632177615,0.36310440870647637,0.11530802461246684
2025-08-29,Defense,Critical Minerals,1.7455798676058947,1.4724050691073196,0.30419882617628063,0.0
2025-08-29,Defense,Water,1.2818642431389486,0.8508770259612324,0.5670021183778527,0.3514177185809509
2025-08-29,Defense,Timber & Forestry,1.5279449075252811,1.439572279489474,-0.09949147397906477,-0.16650062866878285
2025-08-29,Fintech,US Infrastructure,1.388939406409957,1.1545316233874212,0.2523223271779005,0.0849101237327273
2025-08-29,Fintech,Agribusiness,1.4502591053722163,1.3069163298759572,0.3833687097822304,0.0829468202038674
2025-08-29,Fintech,Critical Minerals,1.4995101005561688,1.2296241064118312,0.42347866049343613,0.21095797382770998
2025-08-29,Fintech,Water,1.2300110569840137,1.0852538276073387,0.23840511961015087,0.17390940660479604
2025-08-29,Fintech,Timber & Forestry,1.1456374108925753,1.0276089979405905,0.29341511570011375,0.2698771828186317
2025-08-29,US Infrastructure,Agribusiness,1.2743935095013859,0.8078176690768177,0.53040663385242,0.1627690919495942
2025-08-29,US Infrastructure,Critical Minerals,1.2517626243264686,1.1068480341299651,0.4324465308896268,0.10734803404448919
2025-08-29,US Infrastructure,Water,0.9040714793326892,0.7856757060169689,0.6466642629648341,0.5682749822796436
2025-08-29,US Infrastructure,Timber & Forestry,1.1360049172840732,1.0658419215552404,0.4429741563055448,0.2704224639892437
2025-08-29,Agribusiness,Critical Minerals,1.6676066864517263,1.1511160668600846,0.6953819939901823,0.22706855655500238
2025-08-29,Agribusiness,Water,1.2190467345303868,0.8772492659789475,0.3498884904881134,0.1523920698816201
2025-08-29,Agribusiness,Timber & Forestry,1.2140761173636363,0.777180417414145,0.5605041415127818,0.10566488168245311
2025-08-29,Critical Minerals,Water,1.6810105372825555,1.5151255201075677,0.32265613321149234,0.03919058153637643
2025-08-29,Critical Minerals,Timber & Forestry,1.182466636553665,0.9847632744129936,0.5029970242111614,0.4067965803491144
2025-08-29,Water,Timber & Forestry,0.971036916951525,0.7762756392879931,0.5037608711078183,0.36104119471786955
2025-09-26,Robotics & AI,AI Infrastructure,0.8096464469023408,0.7095704954914841,0.7717298212791509,0.6372294957936088
2025-09-26,Robotics & AI,Clean Energy,1.1768013474395067,0.949284013668476,0.531083271274438,0.19497332474380624
2025-09-26,Robotics & AI,Cybersecurity,1.4447990963910735,1.3582950458836067,0.10582135487174277,0.0
2025-09-26,Robotics & AI,Defense,1.6787333308557264,1.548501787945322,-0.15655700770190836,-0.2978024160019437
2025-09-26,Robotics & AI,Fintech,1.3514442345645181,1.1746988381408316,0.3061216768990858,0.20669765921564986
2025-09-26,Robotics & AI,US Infrastructure,1.4382075902401368,1.276663104018056,0.1821785937210836,0.012272276292682759
2025-09-26,Robotics & AI,Agribusiness,1.5002548627983299,1.284564446195832,0.30473744223866384,-0.059678365445329486
2025-09-26,Robotics & AI,Critical Minerals,1.2450287340057191,0.9886473159841234,0.44146033116497596,0.3038610878286385
2025-09-26,Robotics & AI,Water,1.374779584415026,1.3272346002456847,0.41338224812301166,0.20851759813808207
2025-09-26,Robotics & AI,Timber & Forestry,1.059784004218996,0.968909653297413,0.6412793805509961,0.4678882537013661
2025-09-26,AI Infrastructure,Clean Energy,1.3383225168483746,1.0568213861792657,0.3453920762020648,0.1679306698243817
2025-09-26,AI Infrastructure,Cybersecurity,1.7017103090601313,1.1423870014280455,0.3276879344191299,0.1795508268632493
2025-09-26,AI Infrastructure,Defense,2.0047886187447705,1.4494069636496683,-0.07674379073026295,-0.1555514049934193
2025-09-26,AI Infrastructure,Fintech,1.3804467057250942,0.9234180180482495,0.32620768860350885,0.11527871009680732
2025-09-26,AI Infrastructure,US Infrastructure,1.958847078150196,1.1970846264145263,0.0,-0.22057866570616752
2025-09-26,AI Infrastructure,Agribusiness,1.7619200379197466,1.0777329832901483,0.338166262509767,0.0
2025-09-26,AI Infrastructure,Critical Minerals,1.3828978969444121,0.9318341330397475,0.38576053252418624,0.06571742676320763
2025-09-26,AI Infrastructure,Water,1.8425096991236574,1.2406500392956092,0.026235941783985674,-0.08834122928285705
2025-09-26,AI Infrastructure,Timber & Forestry,1.7491097845178019,1.1303592748413303,0.30184097049056957,-0.033699000350816105
2025-09-26,Clean Energy,Cybersecurity,1.2334362479373464,1.1512422031351688,0.0,-0.19249086753713338
2025-09-26,Clean Energy,Defense,1.5476117528635744,1.4024782814056946,0.0,-0.26788910168515695
2025-09-26,Clean Energy,Fintech,1.44678710858146,1.2843872734110378,0.3598671779228372,0.08755583309990192
2025-09-26,Clean Energy,US Infrastructure,1.0628003749006878,0.9948464044753104,0.25850789159220605,0.20454278391487454
2025-09-26,Clean Energy,Agribusiness,1.2216632897565773,0.9620498677300489,0.677707818358096,0.45255515550361275
2025-09-26,Clean Energy,Critical Minerals,0.9460058751629473,0.8032271318482304,0.6600142049840602,0.4133101240037854
2025-09-26,Clean Energy,Water,1.2819669220398646,1.1539130918898879,0.31421516418132467,0.14914922188796803
2025-09-26,Clean Energy,Timber & Forestry,0.9459686891874819,0.8750736209023477,0.4562619853334793,0.267884475648484
2025-09-26,Cybersecurity,Defense,1.2308578537676846,0.9885039799786498,0.4079723079995613,0.1880736582484886
2025-09-26,Cybersecurity,Fintech,1.0957090741542352,0.8386215801435473,0.5760597897264119,0.3678308735625617
2025-09-26,Cybersecurity,US Infrastructure,1.3309624140907907,1.3151992860514943,0.1384672127616876,0.07607873794856052
2025-09-26,Cybersecurity,Agribusiness,1.3961827441188521,1.2251306088581342,0.3745161486902111,0.03237452802479409
2025-09-26,Cybersecurity,Critical Minerals,1.180908002416576,1.1472014569019051,0.45046497007233344,0.2912099722206243
2025-09-26,Cybersecurity,Water,1.272365462573928,1.2054176344317924,0.2808007954402861,0.24938473001401087
2025-09-26,Cybersecurity,Timber & Forestry,1.5330644453414202,1.504787272897702,-0.2283502921683395,-0.24795757873388913
2025-09-26,Defense,Fintech,1.5437172336996812,1.3893619272806632,0.13512142927967014,-0.1415637684959044
2025-09-26,Defense,US Infrastructure,1.2180855895295548,0.8813854563152785,0.4236546449260985,0.16928560353357902
2025-09-26,Defense,Agribusiness,1.2493935975559263,0.871364954393664,0.5032067098760435,0.1046119363077307
2025-09-26,Defense,Critical Minerals,1.597339402841409,1.4128232641521579,0.09133489357308851,0.0
2025-09-26,Defense,Water,1.27534684038712,0.9392399703037555,0.45889274573288935,0.2436777234404368
2025-09-26,Defense,Timber & Forestry,1.4471669389953696,1.4247918447788444,-0.06092647270813704,-0.2662665137229812
2025-09-26,Fintech,US Infrastructure,1.4147394096059165,1.201800190459617,0.14885415690833798,0.0
2025-09-26,Fintech,Agribusiness,1.5393073862100257,1.317791255003349,0.1881627390940433,0.08591033832525811
2025-09-26,Fintech,Critical Minerals,1.4146421921749806,1.2171185349519853,0.4399084210884674,0.23286056637580083
2025-09-26,Fintech,Water,1.241721740407868,1.1306076872936208,0.2783754638574657,0.0
2025-09-26,Fintech,Timber & Forestry,1.3252752389881521,1.0852541854885278,0.30596601871874046,0.160924936061413
2025-09-26,US Infrastructure,Agribusiness,1.374247057203637,0.7068943351261566,0.5574183838114654,0.14817727723844132
2025-09-26,US Infrastructure,Critical Minerals,1.2434176343524164,1.0514442431474489,0.21638524751721505,0.1424061166992425
2025-09-26,US Infrastructure,Water,0.8908994579245063,0.6243170843132345,0.6895386774833542,0.5602352859159532
2025-09-26,US Infrastructure,Timber & Forestry,1.1613582416518757,1.059043230261588,0.4322601987479284,0.282113285225601
2025-09-26,Agribusiness,Critical Minerals,1.4212837554533262,0.9772284186724546,0.848682289264291,0.4286296817327082
2025-09-26,Agribusiness,Water,1.3779351376193063,0.9424662258782645,0.2626474728998435,0.12831682897905294
2025-09-26,Agribusiness,Timber & Forestry,1.1593384631863661,0.8896968572282357,0.42393292703488333,0.1857891379299934
2025-09-26,Critical Minerals,Water,1.5683930266678585,1.298593580384661,0.2829260999223375,0.1356928311117762
2025-09-26,Critical Minerals,Timber & Forestry,1.0333732326747447,0.8531756812234953,0.5309412063470967,0.41324412019914103
2025-09-26,Water,Timber & Forestry,1.1331374207381368,0.9907816190874381,0.46334884852896674,0.3294047617625811
2025-10-31,Robotics & AI,AI Infrastructure,0.8763841751440059,0.7449414296674965,0.7230539530015674,0.48585106850003074
2025-10-31,Robotics & AI,Clean Energy,1.1804870673051877,1.009761470343812,0.3106354051635355,0.13241433320914417
2025-10-31,Robotics & AI,Cybersecurity,1.5700781336908196,1.5059761985301865,-0.1531542969946441,-0.15662430355770193
2025-10-31,Robotics & AI,Defense,1.6550135810746278,1.5663115792703581,-0.0032578448119086893,-0.2699444530961014
2025-10-31,Robotics & AI,Fintech,1.3371421009060966,1.214038377519506,0.37651554551906347,0.16427829874464173
2025-10-31,Robotics & AI,US Infrastructure,1.4571184952924632,1.1034335149140915,0.38017168469190016,-0.02108659997257009
2025-10-31,Robotics & AI,Agribusiness,1.5514925462958784,1.2666159120360403,0.2046329000983038,-0.14306234075486166
2025-10-31,Robotics & AI,Critical Minerals,1.168330546644825,0.9189327300398272,0.5206818508907147,0.386241683819281
2025-10-31,Robotics & AI,Water,1.445398098942762,1.3405540352576086,0.33516233115024463,0.10116743904985019
2025-10-31,Robotics & AI,Timber & Forestry,0.9812459277401085,0.9658801149540196,0.6726884151525429,0.6651427460960516
2025-10-31,AI Infrastructure,Clean Energy,0.9687675750066456,0.8831786264048032,0.6156468406271466,0.3715148589280176
2025-10-31,AI Infrastructure,Cybersecurity,1.7568694643552154,1.1323350660771339,0.2717441945341628,-0.04616303606053748
2025-10-31,AI Infrastructure,Defense,2.078879233072969,1.4897407888341956,-0.2688240699528942,-0.38173733601288884
2025-10-31,AI Infrastructure,Fintech,1.481303206499982,1.158041216072077,0.12671944145785302,-0.09763199652175251
2025-10-31,AI Infrastructure,US Infrastructure,1.845139039427251,1.14631256422528,0.13144036671718654,-0.1327942045377632
2025-10-31,AI Infrastructure,Agribusiness,1.766875539196102,1.0419537758251776,0.46470177348745917,-0.0046860544727472826
2025-10-31,AI Infrastructure,Critical Minerals,1.3038038006875134,1.003599695381853,0.38329450563885276,0.1734416289457074
2025-10-31,AI Infrastructure,Water,1.8783721325966167,1.3729574642062041,-0.0013332059046775016,-0.08425773637101845
2025-10-31,AI Infrastructure,Timber & Forestry,1.6673607566607633,1.2734108500539365,0.25207695281589176,0.15729847455469587
2025-10-31,Clean Energy,Cybersecurity,1.411367669382418,1.065543216641293,0.15080135129946953,-0.5067342829743686
2025-10-31,Clean Energy,Defense,1.7328106315949243,1.5262089243013615,-0.03325927116456907,-0.2703032206816049
2025-10-31,Clean Energy,Fintech,1.5859710219671683,1.3815288961742975,0.15542378454322886,-0.20388802946658544
2025-10-31,Clean Energy,US Infrastructure,1.1615089310625626,1.0103551806745796,0.30983871340548774,0.1493629295171927
2025-10-31,Clean Energy,Agribusiness,1.3399574712955353,0.841759351758283,0.7019213596783019,0.20034772302605536
2025-10-31,Clean Energy,Critical Minerals,1.0630024899640265,0.6840283522671166,0.6841765411438769,0.36501162313800606
2025-10-31,Clean Energy,Water,1.6135447703958943,1.3757530106340905,0.08920414035029699,0.0
2025-10-31,Clean Energy,Timber & Forestry,1.1427408580198053,0.8406471920661758,0.399117149214894,0.17216426379033029
2025-10-31,Cybersecurity,Defense,1.2984494634766157,1.1848514262397867,0.201639170817661,0.1487034764656206
2025-10-31,Cybersecurity,Fintech,1.2175575801534664,0.84725971135268,0.6283790310520198,0.3430634679034178
2025-10-31,Cybersecurity,US Infrastructure,1.3559855542716892,1.3236453871173486,0.16500774414976777,0.07958336649723566
2025-10-31,Cybersecurity,Agribusiness,1.3612020994737686,1.2035724031811774,0.29830536726586077,0.08586377266526102
2025-10-31,Cybersecurity,Critical Minerals,1.1882704804135324,1.132790481237889,0.31576825898864047,0.2132567028446179
2025-10-31,Cybersecurity,Water,1.3643260838127245,1.3170199498731157,0.1556344037690351,0.09170003888009373
2025-10-31,Cybersecurity,Timber & Forestry,1.5618272907557003,1.5092681985043002,-0.15346067146875694,-0.15510457675776312
2025-10-31,Defense,Fintech,1.4775165055817434,1.4026976515824892,0.0,-0.13246958151167978
2025-10-31,Defense,US Infrastructure,1.2082359559328273,1.0214783618391732,0.425391290231839,0.2626628472116053
2025-10-31,Defense,Agribusiness,1.2433265580529491,0.9339057027630782,0.5508598132418623,0.16429495379235495
2025-10-31,Defense,Critical Minerals,1.5923633659291474,1.3913155077940764,0.14712826025283435,0.0
2025-10-31,Defense,Water,1.3154136753387238,1.0639903679604465,0.36963268958816875,0.16181576691771402
2025-10-31,Defense,Timber & Forestry,1.4759308411844614,1.4390606858914108,-0.023243577116980142,-0.2592615624028508
2025-10-31,Fintech,US Infrastructure,1.2833180904173116,1.1517061881453163,0.16041816111326526,0.11462914958963918
2025-10-31,Fintech,Agribusiness,1.4408415450700824,1.2109065059434607,0.10227744552388263,-0.08784466772675185
2025-10-31,Fintech,Critical Minerals,1.5370898046371624,1.2926035383551515,0.30514051945605847,0.17897960849453365
2025-10-31,Fintech,Water,1.15400243315515,1.0605383676176796,0.2735909289459646,0.18579789588972687
2025-10-31,Fintech,Timber & Forestry,1.172439174880463,1.0715556834681919,0.33988537748246045,0.1962367248432586
2025-10-31,US Infrastructure,Agribusiness,1.2500961457445314,0.7916117655392242,0.4767749321152401,0.20484400197640928
2025-10-31,US Infrastructure,Critical Minerals,1.1524260427293513,1.0558552371854506,0.2384274063763293,0.1506342280248083
2025-10-31,US Infrastructure,Water,0.8761919446946544,0.6986335959511738,0.6902890478105245,0.6188587112776542
2025-10-31,US Infrastructure,Timber & Forestry,1.1337922702735106,1.0535719882810428,0.44880810813563565,0.2777758908820314
2025-10-31,Agribusiness,Critical Minerals,1.4286937794542989,1.064375722103808,0.5505913237522626,0.21202834651281752
2025-10-31,Agribusiness,Water,1.3098238212331723,0.8548004095006329,0.42478627089276444,0.24093385220597202
2025-10-31,Agribusiness,Timber & Forestry,1.1819480966806515,0.8996651349443241,0.42898601253490165,0.18536115458649954
2025-10-31,Critical Minerals,Water,1.6183171054883243,1.3236240297510302,0.22623207037678839,0.0
2025-10-31,Critical Minerals,Timber & Forestry,1.0231023728638446,0.8042116614506742,0.6443577472458843,0.6009854160976833
2025-10-31,Water,Timber & Forestry,1.0333283299134604,0.8948833960361989,0.4690948709720408,0.3524976003480982
2025-11-28,Robotics & AI,AI Infrastructure,0.95519120267314,0.5751874306844569,0.7753153528391143,0.5948181388095987
2025-11-28,Robotics & AI,Clean Energy,1.0820768146660005,1.0135027325426629,0.3123038947170913,0.25183234371522356
2025-11-28,Robotics & AI,Cybersecurity,1.5650114341276509,1.5070677523115434,-0.05834069624260941,-0.1465657466858198
2025-11-28,Robotics & AI,Defense,1.738788700451276,1.5003438031978455,-0.1279976839166398,-0.27418091545723045
2025-11-28,Robotics & AI,Fintech,1.2898569741547032,1.0802197876731692,0.4781173557198208,0.24891753647398646
2025-11-28,Robotics & AI,US Infrastructure,1.4017049661081198,1.1448915118867,0.3200761379427385,0.040487843194225964
2025-11-28,Robotics & AI,Agribusiness,1.4494560315526852,1.2526320890731892,0.3514503513733828,-0.02386228791218354
2025-11-28,Robotics & AI,Critical Minerals,1.3203958704851677,0.9787803323296058,0.43787757181805165,0.32912213097941523
2025-11-28,Robotics & AI,Water,1.374576191835574,1.3610724446404827,0.3969268695515395,0.20582920944489702
2025-11-28,Robotics & AI,Timber & Forestry,0.9549057733790064,0.8639861597430436,0.6965625026607498,0.6534330425797272
2025-11-28,AI Infrastructure,Clean Energy,1.1389957999434133,0.9722927225261718,0.4100602376911177,0.35731557325340757
2025-11-28,AI Infrastructure,Cybersecurity,1.7563970119149073,1.1644830097307206,0.11524543574812846,0.08747756731124617
2025-11-28,AI Infrastructure,Defense,2.2363393848487485,1.1947870776048464,-0.05840985760441091,-0.20459431719350388
2025-11-28,AI Infrastructure,Fintech,1.586584175604622,1.0418607870276335,0.3419798926315175,0.09174522569302254
2025-11-28,AI Infrastructure,US Infrastructure,1.9033236717941018,1.164321427641146,0.1697214401247553,-0.15513758973606562
2025-11-28,AI Infrastructure,Agribusiness,1.7242715242971065,1.1155695252317144,0.2874550520925775,-0.00955782980955147
2025-11-28,AI Infrastructure,Critical Minerals,1.2937277513821335,0.9706137452857349,0.2630837907723511,0.18135263484716344
2025-11-28,AI Infrastructure,Water,1.8757417187211542,1.2980366877571294,-0.005178238614177515,-0.16867331765582796
2025-11-28,AI Infrastructure,Timber & Forestry,1.6360735926663574,1.133326937370997,0.2591957583336745,0.17729545371836453
2025-11-28,Clean Energy,Cybersecurity,1.2675819729899878,1.13505965161541,-0.06362711643691453,-0.3467219705310532
2025-11-28,Clean Energy,Defense,1.6378592085899069,1.5560315560960727,-0.13524477967087764,-0.15515195044669744
2025-11-28,Clean Energy,Fintech,1.618460010579882,1.4556294972390036,0.26043107849899877,-0.17903947618684374
2025-11-28,Clean Energy,US Infrastructure,1.1166045307505001,0.9941799001260074,0.3160685850122104,0.07594813981354084
2025-11-28,Clean Energy,Agribusiness,1.1994482710596774,0.8291369937161442,0.7486768319410363,0.4049174688153994
2025-11-28,Clean Energy,Critical Minerals,0.972466956632953,0.8278298694528807,0.5326521956681333,0.41841573710176166
2025-11-28,Clean Energy,Water,1.4098293715691206,1.2657088959234346,0.1893653328901424,0.09978164562629904
2025-11-28,Clean Energy,Timber & Forestry,0.9584642058416944,0.8889769664798456,0.3486610771380461,0.1804303657496428
2025-11-28,Cybersecurity,Defense,1.41934838443808,1.264990691072566,0.22183702565480243,0.04078612178144053
2025-11-28,Cybersecurity,Fintech,1.2000178011403053,1.0381658787684678,0.39501460146856493,0.2390148306095316
2025-11-28,Cybersecurity,US Infrastructure,1.394055854840309,1.3678505762427007,0.0558064201203726,0.0409278148531
2025-11-28,Cybersecurity,Agribusiness,1.3820971172546908,1.2787043305270822,0.1312587743662526,-0.04810716394613708
2025-11-28,Cybersecurity,Critical Minerals,1.3856601527250365,1.1976445603921815,0.2653180393912462,-0.14344214780210396
2025-11-28,Cybersecurity,Water,1.4780989058229808,1.4082416559751862,-0.010642026572630303,-0.0363203321623924
2025-11-28,Cybersecurity,Timber & Forestry,1.5881662605202198,1.550329562536465,-0.15667203371806482,-0.21357475000197562
2025-11-28,Defense,Fintech,1.5210395160513506,1.45234154280744,0.020302276687504017,-0.23923055993865763
2025-11-28,Defense,US Infrastructure,1.254125702292371,1.089459764269308,0.44440421182196765,0.29354866913014377
2025-11-28,Defense,Agribusiness,1.2527154563815195,1.1593692528797717,0.26130649172072645,0.08691277242976939
2025-11-28,Defense,Critical Minerals,1.7314490526876671,1.4074047862040124,0.20765608665557783,0.0
2025-11-28,Defense,Water,1.3835474990358374,0.9831569090146784,0.5063499444275124,0.27851501755404245
2025-11-28,Defense,Timber & Forestry,1.5575515622476395,1.4929983551195252,-0.22040363776664648,-0.2819407020152105
2025-11-28,Fintech,US Infrastructure,1.3287412587899199,1.2120236391546808,0.14802099628648577,0.03292673697763302
2025-11-28,Fintech,Agribusiness,1.4580450485583327,1.267993870412745,0.18602269544305983,0.06694431076720919
2025-11-28,Fintech,Critical Minerals,1.7453545730832836,1.3909580135133126,0.32364611434168367,0.1286918995451202
2025-11-28,Fintech,Water,1.1635789649992605,1.0935007688601097,0.2632102500055634,0.035639600089300894
2025-11-28,Fintech,Timber & Forestry,1.1991623223742498,1.051315900729951,0.37290011154226327,0.22452722679525133
2025-11-28,US Infrastructure,Agribusiness,1.1876428923185107,0.9685894796386737,0.340621087779142,0.19882478074822102
2025-11-28,US Infrastructure,Critical Minerals,1.243414045918637,1.05840858944982,0.2756168646427423,0.15898003353194695
2025-11-28,US Infrastructure,Water,0.8862252207773212,0.5273649069090846,0.7809793323115423,0.6325654710841706
2025-11-28,US Infrastructure,Timber & Forestry,1.1909478746640183,1.1399977370789995,0.1975676689482783,0.17068605904958556
2025-11-28,Agribusiness,Critical Minerals,1.4163142271816238,1.0441929827694751,0.6171703770500061,0.32823924534104865
2025-11-28,Agribusiness,Water,1.067253576764711,0.9271487125615436,0.4211140316673957,0.27474834979199686
2025-11-28,Agribusiness,Timber & Forestry,1.2056689672011232,0.9852200101003484,0.20513654068942974,-0.04322199150471901
2025-11-28,Critical Minerals,Water,1.7102031598195844,1.3054348389236083,0.2655068782525648,0.0
2025-11-28,Critical Minerals,Timber & Forestry,1.1327619741563253,0.8702105524896054,0.4714034993948838,0.36843231542558813
2025-11-28,Water,Timber & Forestry,1.0718094171162356,0.9984882834571891,0.44603553948985164,0.3123343449932534
2025-12-26,Robotics & AI,AI Infrastructure,0.846951205775632,0.5594261571469588,0.674896096462322,0.549767497376568
2025-12-26,Robotics & AI,Clean Energy,1.077102717771673,0.8835499513767947,0.4574977029995505,0.3187292165082083
2025-12-26,Robotics & AI,Cybersecurity,1.586367780664491,1.5226296471506902,-0.12191183602083412,-0.13235615851652766
2025-12-26,Robotics & AI,Defense,1.628648292970628,1.5111950992558707,0.08885888426610784,-0.022384748942266972
2025-12-26,Robotics & AI,Fintech,1.4346375580051232,1.2286612398128527,0.2099290624910179,-0.07776882430400103
2025-12-26,Robotics & AI,US Infrastructure,1.432981597697014,1.093608004648314,0.3335728450165227,0.13346073394171729
2025-12-26,Robotics & AI,Agribusiness,1.2998848652907742,1.0947431446405484,0.5309284256522792,0.20591773509084021
2025-12-26,Robotics & AI,Critical Minerals,1.2925760770566677,0.8681130305729136,0.519799533660658,0.31005535765188696
2025-12-26,Robotics & AI,Water,1.487221641663162,1.4222704059908804,0.378357207803788,0.23897088494753077
2025-12-26,Robotics & AI,Timber & Forestry,1.0612570145333728,1.0108693048998372,0.614656896269271,0.5308754095876935
2025-12-26,AI Infrastructure,Clean Energy,1.2047594648632816,0.9656976989852147,0.39531383951765453,0.2315254837736876
2025-12-26,AI Infrastructure,Cybersecurity,1.7204067667260308,1.172213602840209,0.1269123469308168,0.05671173688986707
2025-12-26,AI Infrastructure,Defense,2.156139768157203,1.3987124241157018,-0.14751920860922232,-0.2720188337955763
2025-12-26,AI Infrastructure,Fintech,1.5509554094796763,1.1152693285938797,0.15992632304609403,0.0
2025-12-26,AI Infrastructure,US Infrastructure,1.8886836742754727,1.14767951880623,0.0,-0.20486754172965377
2025-12-26,AI Infrastructure,Agribusiness,1.7342497957037475,1.1303347940143003,0.4030602139233544,-0.019153482126668578
2025-12-26,AI Infrastructure,Critical Minerals,1.5072580204294104,1.0107879921929128,0.202621777400897,-0.10199102973206187
2025-12-26,AI Infrastructure,Water,1.9304869675574012,1.3487218601513495,0.029951352956298055,-0.16519360012867504
2025-12-26,AI Infrastructure,Timber & Forestry,1.658909641029551,1.1956300813238891,0.21577832052729182,0.08108119196527505
2025-12-26,Clean Energy,Cybersecurity,1.307756645612443,1.0818301706275315,0.1654428620093229,-0.3374263168084006
2025-12-26,Clean Energy,Defense,1.5867203606978428,1.5118188345574988,-0.12319982393641063,-0.1435008533201902
2025-12-26,Clean Energy,Fintech,1.6182120170427132,1.3941275482342939,0.03318706376601405,-0.1776846221419665
2025-12-26,Clean Energy,US Infrastructure,1.1456749594328772,1.0291874981157232,0.31871594315974006,0.11182950599440729
2025-12-26,Clean Energy,Agribusiness,1.2777001408516127,0.8322271112406702,0.7219046008647615,0.39862617123160793
2025-12-26,Clean Energy,Critical Minerals,0.9496504297564493,0.83170146694241,0.6159126219555847,0.40808685494371255
2025-12-26,Clean Energy,Water,1.4884781381644696,1.335261442002478,0.19224981863240975,0.0
2025-12-26,Clean Energy,Timber & Forestry,0.9482290222438415,0.8991490410876684,0.3777519349498659,0.33420886975019265
2025-12-26,Cybersecurity,Defense,1.3860832882231897,1.2393293747095118,0.11879818363561823,0.0
2025-12-26,Cybersecurity,Fintech,1.2896955017657317,1.0316294727019244,0.32812923948639877,0.18841854040846048
2025-12-26,Cybersecurity,US Infrastructure,1.4329846436728717,1.3858159906193082,0.0340569075288434,-0.014039202962338638
2025-12-26,Cybersecurity,Agribusiness,1.3873607508450265,1.3114243238430288,0.18446166657110422,0.07849564240573416
2025-12-26,Cybersecurity,Critical Minerals,1.3827564835906374,1.185339081251048,0.2767000685330427,-0.2149863150195447
2025-12-26,Cybersecurity,Water,1.4065334525368405,1.3801097692669662,0.017258461030341312,-0.005480725784855306
2025-12-26,Cybersecurity,Timber & Forestry,1.5781174071067556,1.5204675220489592,-0.14746989107664657,-0.2265695112916772
2025-12-26,Defense,Fintech,1.4478177703614072,1.3477684007630508,0.0,-0.07652307062260202
2025-12-26,Defense,US Infrastructure,1.1971810688306315,0.9995814195828635,0.4367950763449866,0.26620372424420996
2025-12-26,Defense,Agribusiness,1.220324485845911,1.1279278417216656,0.3194033330712172,0.09070656437035039
2025-12-26,Defense,Critical Minerals,1.6678558080517591,1.3961995875854354,0.0,0.0
2025-12-26,Defense,Water,1.2361218255526825,1.0589842225603494,0.43950928985003523,0.26954828174629397
2025-12-26,Defense,Timber & Forestry,1.4134699034259572,1.373709047526656,-0.21110145689475335,-0.25485036846959513
2025-12-26,Fintech,US Infrastructure,1.3571351356470396,1.1984642801149314,0.17387678068159065,0.03367582350837384
2025-12-26,Fintech,Agribusiness,1.414036804855666,1.1432991636412593,0.368893317885515,0.050182540530378635
2025-12-26,Fintech,Critical Minerals,1.6695550942979176,1.4449661328336167,0.3123418633309304,0.0018430051730383588
2025-12-26,Fintech,Water,1.235411608671777,1.0959745334623452,0.2813939724276293,-0.032651854189194265
2025-12-26,Fintech,Timber & Forestry,1.238284710766033,1.0670651556426451,0.36998407043323295,0.18245659358305039
2025-12-26,US Infrastructure,Agribusiness,1.1599019564488202,0.8520962394693956,0.4002915608518721,0.28618442728261906
2025-12-26,US Infrastructure,Critical Minerals,1.2066813941297547,1.1095171036927864,0.3144867380692742,0.1291204312024597
2025-12-26,US Infrastructure,Water,0.8560516477792992,0.6834153528006294,0.7205804078339412,0.6226778179634445
2025-12-26,US Infrastructure,Timber & Forestry,1.1776081348690983,1.1173866929657794,0.210058265839472,0.16311962485620135
2025-12-26,Agribusiness,Critical Minerals,1.5941125820806716,1.118224979850462,0.5046493042167655,0.2786466088255543
2025-12-26,Agribusiness,Water,1.1238682992404239,0.8888248053982694,0.35996606055299435,0.28163639297177484
2025-12-26,Agribusiness,Timber & Forestry,1.2747397942299514,0.9593849307198302,0.2840694952632511,-0.07523636251963359
2025-12-26,Critical Minerals,Water,1.691038962959522,1.345807404190036,0.2471656152335829,0.0
2025-12-26,Critical Minerals,Timber & Forestry,1.1623044728168845,0.8082434689732545,0.5629116392368879,0.42512572890339295
2025-12-26,Water,Timber & Forestry,1.0075794250470196,0.8822357507131209,0.43903172652874595,0.33611148631358856
2026-01-30,Robotics & AI,AI Infrastructure,0.8865618896279587,0.6815276199643265,0.6437082414821198,0.4238569042143697
2026-01-30,Robotics & AI,Clean Energy,1.0132718650692107,0.7747116434549244,0.634952870585263,0.4094817223978009
2026-01-30,Robotics & AI,Cybersecurity,1.6628873040893681,1.526970504191854,-0.15303778724788622,-0.21386085230665633
2026-01-30,Robotics & AI,Defense,1.4367352932505244,1.3705794484093652,0.0537325041766898,0.0
2026-01-30,Robotics & AI,Fintech,1.4654794072649722,1.3128593399935957,0.1392003648178693,0.0
2026-01-30,Robotics & AI,US Infrastructure,1.3850061109537921,1.0490846826749143,0.35286297313429693,0.1361342519535267
2026-01-30,Robotics & AI,Agribusiness,1.2508016096113392,0.8784761113336592,0.6337338474850837,0.14353962551496824
2026-01-30,Robotics & AI,Critical Minerals,1.2960696047109246,0.8761537287325605,0.5930520960832444,0.3953210691126495
2026-01-30,Robotics & AI,Water,1.5066773050124678,1.3185372102461104,0.4185069795461975,0.33469551336544906
2026-01-30,Robotics & AI,Timber & Forestry,0.9758184524738431,0.8798955176293566,0.6086317355564318,0.4987828067416704
2026-01-30,AI Infrastructure,Clean Energy,1.1435926217207957,0.9228506007614159,0.559254695024704,0.31484825022175905
2026-01-30,AI Infrastructure,Cybersecurity,1.7827556554988506,1.1921986616570566,0.28552391416801626,0.1388810269464476
2026-01-30,AI Infrastructure,Defense,1.6460518955300978,1.2461880591073238,0.18451521319021483,-0.03430642789259887
2026-01-30,AI Infrastructure,Fintech,1.4987006303177706,1.1372227934454202,0.012907898110255528,-0.13455088982621427
2026-01-30,AI Infrastructure,US Infrastructure,1.8021694796868302,1.1627628355658706,0.14682355786261025,-0.12943464284002365
2026-01-30,AI Infrastructure,Agribusiness,1.618305963741452,1.1215651899237862,0.34668238072502783,0.17387554167559788
2026-01-30,AI Infrastructure,Critical Minerals,1.4977913902608833,1.0315455043603536,0.3506419648261153,0.0
2026-01-30,AI Infrastructure,Water,1.749725494740129,1.3368910568212236,0.022810439540901267,-0.03724605413917008
2026-01-30,AI Infrastructure,Timber & Forestry,1.4827287868883698,1.1750783413884685,0.1808306197820586,0.0
2026-01-30,Clean Energy,Cybersecurity,1.302885840424375,1.114057232084836,0.0,-0.3012632886287917
2026-01-30,Clean Energy,Defense,1.5364624411773309,1.2289559122626326,0.13853652204712857,-0.12996543236512476
2026-01-30,Clean Energy,Fintech,1.6886965579471889,1.4901436904589478,0.022785707519243928,-0.1989986165891775
2026-01-30,Clean Energy,US Infrastructure,1.1821509309572948,1.0275972364094415,0.17072394255297554,0.054922562829076815
2026-01-30,Clean Energy,Agribusiness,1.207382020151607,0.7540997606177199,0.7996444839697612,0.39961967341482313
2026-01-30,Clean Energy,Critical Minerals,1.0572641962288183,0.900105296667971,0.5834373113257229,0.355424703539284
2026-01-30,Clean Energy,Water,1.4555759194125089,1.2532742792075073,0.3112257991417521,0.13344250013079823
2026-01-30,Clean Energy,Timber & Forestry,0.9299760723696273,0.8671250559394256,0.38944830544983705,0.3791105498571805
2026-01-30,Cybersecurity,Defense,1.4169623782699745,1.2557513115451335,0.1980573635495417,0.005452000911647012
2026-01-30,Cybersecurity,Fintech,1.3105306054611476,0.946781126245599,0.3931026544088855,0.14789686563331333
2026-01-30,Cybersecurity,US Infrastructure,1.600706283211171,1.5273990490902078,-0.25748750299973056,-0.3082320728246987
2026-01-30,Cybersecurity,Agribusiness,1.3724730674161387,1.2799258910086073,0.20898085641824662,-0.049978971910290416
2026-01-30,Cybersecurity,Critical Minerals,1.4997022203773245,1.163399213801369,0.1651218302839005,-0.08508870334271884
2026-01-30,Cybersecurity,Water,1.4970887711481935,1.4627544258946168,-0.0736588123322214,-0.13047769631134648
2026-01-30,Cybersecurity,Timber & Forestry,1.675485916567478,1.5316317865573712,-0.15290563418817005,-0.26233750808629086
2026-01-30,Defense,Fintech,1.594083025158322,1.3773177733876596,0.0,-0.1125747592214668
2026-01-30,Defense,US Infrastructure,1.1284155356031942,0.9401216625155796,0.6131324340915734,0.33522678106655496
2026-01-30,Defense,Agribusiness,1.198254805987395,0.9769068302504462,0.20392870681970574,0.10805432576035444
2026-01-30,Defense,Critical Minerals,1.761446257763361,1.335467620186853,0.22123042673972015,0.05787541644382133
2026-01-30,Defense,Water,1.2106342546764959,0.949752572269748,0.44960925115088607,0.2913291511765979
2026-01-30,Defense,Timber & Forestry,1.3518705430916549,1.2887289986100305,0.1652400968185407,-0.1023477971002643
2026-01-30,Fintech,US Infrastructure,1.377781822018961,1.2007021580296278,0.1282113032096898,-0.017791704452653902
2026-01-30,Fintech,Agribusiness,1.5285101725817452,1.4216440234000651,0.2492644940658797,-0.033709294094596824
2026-01-30,Fintech,Critical Minerals,1.827941902952293,1.4279854528040323,0.41895357365064556,0.08956830556704384
2026-01-30,Fintech,Water,1.2418881104318,1.1501938176830002,0.15621580904008012,0.0
2026-01-30,Fintech,Timber & Forestry,1.2888864562487414,1.2085064150613472,0.34526216519436786,0.13766448761437605
2026-01-30,US Infrastructure,Agribusiness,1.2603220534413333,0.8750402813375051,0.36556220587484123,0.15686930373173633
2026-01-30,US Infrastructure,Critical Minerals,1.4422732304203993,1.093793277652822,0.3185688503118318,0.13739748677120145
2026-01-30,US Infrastructure,Water,0.983889486680009,0.6156765765993365,0.7029582128276136,0.5767409267495727
2026-01-30,US Infrastructure,Timber & Forestry,1.2518683018608305,1.1250098484515647,0.3551426771946512,0.06713042106574704
2026-01-30,Agribusiness,Critical Minerals,1.6112968831217214,1.1322533616731616,0.5612185337819562,0.10162500633192678
2026-01-30,Agribusiness,Water,1.2078485930674883,0.9562408967887613,0.3878595659650064,0.19589271132899067
2026-01-30,Agribusiness,Timber & Forestry,1.1907622551084485,0.994354491275418,0.17662681428042928,-0.06357557612456202
2026-01-30,Critical Minerals,Water,1.8202404020437981,1.3659459512154437,0.1808995626749746,0.009609690641330947
2026-01-30,Critical Minerals,Timber & Forestry,1.2132959588008065,0.7034457444591053,0.7373149117589846,0.4730842853921472
2026-01-30,Water,Timber & Forestry,1.2026406852245173,1.0818329245072222,0.36661189348000295,0.20332519252949818
2026-02-27,Robotics & AI,AI Infrastructure,1.1226431093894953,0.9586650153936775,0.5245061752182669,0.42762367086560515
2026-02-27,Robotics & AI,Clean Energy,1.089269146577428,0.8898648767653166,0.3722140948812691,0.3273178152425599
2026-02-27,Robotics & AI,Cybersecurity,1.4363822548825782,1.4051659276167252,0.10848492558759079,0.051640881311424774
2026-02-27,Robotics & AI,Defense,1.672009357749739,1.5320135690315602,0.0,-0.0921447058526305
2026-02-27,Robotics & AI,Fintech,1.4204986145561755,1.3742983047246,0.0,-0.12716652978325416
2026-02-27,Robotics & AI,US Infrastructure,1.261170594482252,1.0241849241054246,0.42924313395527824,0.17664726740031095
2026-02-27,Robotics & AI,Agribusiness,1.055332205605706,0.9153405955265352,0.492354725594021,0.3014780280121342
2026-02-27,Robotics & AI,Critical Minerals,1.3172612007001028,0.8412447197751131,0.435666056337182,0.394449742836056
2026-02-27,Robotics & AI,Water,1.1735719278494843,1.0217381822731102,0.5052321499039581,0.4377122375758251
2026-02-27,Robotics & AI,Timber & Forestry,0.7960947838836896,0.6659047227387335,0.7002346030759333,0.5788577939509646
2026-02-27,AI Infrastructure,Clean Energy,1.1309386921178946,0.9036392102873798,0.4975001243691295,0.28810535254029895
2026-02-27,AI Infrastructure,Cybersecurity,1.8612013630485988,1.194061743076025,0.32737843535826455,0.2413586542547559
2026-02-27,AI Infrastructure,Defense,1.78669707601617,1.245422062157898,0.17497534617588317,-0.015923288105865147
2026-02-27,AI Infrastructure,Fintech,1.5479561642826398,1.2622691852455918,0.0,-0.23455523437449685
2026-02-27,AI Infrastructure,US Infrastructure,1.8317589248414996,1.4140333954296083,-0.05217898622170048,-0.32910843828811626
2026-02-27,AI Infrastructure,Agribusiness,1.5845598451805587,1.1477286791354708,0.12869770312969897,-0.13435437184284443
2026-02-27,AI Infrastructure,Critical Minerals,1.3905167727737995,0.9475670549213016,0.4007086356902018,0.0
2026-02-27,AI Infrastructure,Water,1.7047654650049924,1.3109495355063039,0.04226304867025299,-0.15780344778834193
2026-02-27,AI Infrastructure,Timber & Forestry,1.4538509646186564,1.1790523386202598,0.21802974661510124,0.08196578627777602
2026-02-27,Clean Energy,Cybersecurity,1.4000514872235956,1.154490872949423,-0.23017013411099604,-0.38363986274638023
2026-02-27,Clean Energy,Defense,1.5709172615372138,1.2066856002978057,0.4215629959659967,0.23247199636811064
2026-02-27,Clean Energy,Fintech,1.7238554337529155,1.5536302172891803,0.021363680926542783,-0.28943610639736417
2026-02-27,Clean Energy,US Infrastructure,1.3248931395858983,1.1027005291095295,0.0,-0.03840206713589903
2026-02-27,Clean Energy,Agribusiness,1.4221555367123213,1.0347286205907045,0.37990650898187844,0.24175978306558937
2026-02-27,Clean Energy,Critical Minerals,1.142684911765458,0.915009920891838,0.640969052478301,0.30882147899722956
2026-02-27,Clean Energy,Water,1.6060376903375893,1.2925061050448752,0.0,-0.08462133046118349
2026-02-27,Clean Energy,Timber & Forestry,1.128788381385132,0.9585723839013578,0.0885332077453882,0.03656427347331462
2026-02-27,Cybersecurity,Defense,1.6635981791196057,1.5994564691661117,-0.27845934634574315,-0.3551386179896537
2026-02-27,Cybersecurity,Fintech,0.9302461853171311,0.8883835519124493,0.42947866458316003,0.40520533076083
2026-02-27,Cybersecurity,US Infrastructure,1.5581263921500408,1.4659917209522224,-0.04363018535899166,-0.28022989593329667
2026-02-27,Cybersecurity,Agribusiness,1.3125105113840636,1.1743936067249632,0.1685360916999591,-0.003229337037082067
2026-02-27,Cybersecurity,Critical Minerals,1.506515554906979,1.1159941664182136,0.0895097866428783,-0.19073124062185332
2026-02-27,Cybersecurity,Water,1.3206809610113996,1.289386115349047,0.16101549111668198,0.0
2026-02-27,Cybersecurity,Timber & Forestry,1.438976010809454,1.3706265095326258,0.15673937439903352,0.020857741582844057
2026-02-27,Defense,Fintech,1.5488244129498918,1.3356263852072363,0.1777527347103447,-0.05453165517646438
2026-02-27,Defense,US Infrastructure,1.3103609670937053,1.2244454857643472,0.2784857512213261,0.2220823518518706
2026-02-27,Defense,Agribusiness,1.312877116343745,1.1166137695555889,0.17433910371948888,0.0
2026-02-27,Defense,Critical Minerals,1.7553670272754252,1.4240654469647813,0.3813497711971824,0.0
2026-02-27,Defense,Water,1.4580221353902063,1.275683978136005,0.20557110360791342,0.09527608250867174
2026-02-27,Defense,Timber & Forestry,1.4809525364947522,1.3471175737088787,-0.15544330446464463,-0.17607319111239458
2026-02-27,Fintech,US Infrastructure,1.3522367382790477,1.0515694966338363,0.22955586768304465,-0.18379636280034442
2026-02-27,Fintech,Agribusiness,1.529413985149394,1.3608097168980677,0.22172092539476027,-0.15811097096017476
2026-02-27,Fintech,Critical Minerals,1.8133586177772152,1.433547590605406,0.3099480453991415,0.1447985138365783
2026-02-27,Fintech,Water,1.3311590524239594,1.184031300693714,0.10428217465475101,-0.07460550947622983
2026-02-27,Fintech,Timber & Forestry,1.3092459391564981,1.2441389621113974,0.0,0.0
2026-02-27,US Infrastructure,Agribusiness,1.247129470779173,0.8555022504779866,0.39183330372542313,0.17521076849401307
2026-02-27,US Infrastructure,Critical Minerals,1.3685038428871754,1.0908362409803773,0.3941136007443514,0.11059002327729113
2026-02-27,US Infrastructure,Water,1.055741030567472,0.7598476854903145,0.5502337163541071,0.440994506877062
2026-02-27,US Infrastructure,Timber & Forestry,1.307383373099933,1.1411064361138858,0.39264584009605175,0.12973146760673676
2026-02-27,Agribusiness,Critical Minerals,1.529988392059032,1.0477861037470462,0.69982028735437,0.2653789175676409
2026-02-27,Agribusiness,Water,1.175506440049283,0.8549602307346247,0.3733766823471922,0.26386915902927
2026-02-27,Agribusiness,Timber & Forestry,0.9930962054478334,0.6762389714308554,0.5076734337182119,0.19524245007459196
2026-02-27,Critical Minerals,Water,1.7721081904732476,1.293389537597782,0.3206832694596033,0.09502606546919021
2026-02-27,Critical Minerals,Timber & Forestry,1.2158691418754566,0.6591509629178396,0.8278635303966275,0.5529714902603466
2026-02-27,Water,Timber & Forestry,1.3674621206685345,1.2836723853429695,0.33737377662384704,0.17895248329231322
2026-03-27,Robotics & AI,AI Infrastructure,0.834869545595728,0.7219818663058216,0.6701910800340888,0.524942127586288
2026-03-27,Robotics & AI,Clean Energy,0.9770303472205506,0.7817669544465918,0.5354962241139277,0.4888202010129068
2026-03-27,Robotics & AI,Cybersecurity,1.447271218428687,1.2841379463741354,0.24892034139942423,0.12748777257641022
2026-03-27,Robotics & AI,Defense,1.3466138054429075,1.315548859479217,0.19725922265480123,0.1530797171764237
2026-03-27,Robotics & AI,Fintech,1.3941010488670538,1.3144727059296437,0.17889730693384426,0.15502273149397117
2026-03-27,Robotics & AI,US Infrastructure,1.2169363693657473,1.0174974727198884,0.42771344102773073,0.26590824713890127
2026-03-27,Robotics & AI,Agribusiness,1.073884796670038,0.9981824748600091,0.501407424458256,0.2849064621398709
2026-03-27,Robotics & AI,Critical Minerals,1.2041319937508181,1.0191392183518957,0.585436149610356,0.29633675222797995
2026-03-27,Robotics & AI,Water,1.1457803251253305,1.02511187760217,0.5519393919860753,0.3319599935381309
2026-03-27,Robotics & AI,Timber & Forestry,0.6534285569683033,0.5960612065105865,0.7526384184250179,0.6944221110212394
2026-03-27,AI Infrastructure,Clean Energy,0.8353517332631266,0.5451736372980415,0.7841060401863228,0.6078386086408909
2026-03-27,AI Infrastructure,Cybersecurity,1.7508205940456387,1.0611786545035906,0.37040555254515295,0.039426482052882995
2026-03-27,AI Infrastructure,Defense,1.4422170744145655,1.1090102996232196,0.38291290612638773,0.22606151510498743
2026-03-27,AI Infrastructure,Fintech,1.547464667724658,1.261417697255094,0.0,-0.09050752842817883
2026-03-27,AI Infrastructure,US Infrastructure,1.51798628038591,1.2197817053281814,0.1831986064288936,0.020177693947496918
2026-03-27,AI Infrastructure,Agribusiness,1.5248442261646198,1.0297323797927067,0.20782509733658874,0.0
2026-03-27,AI Infrastructure,Critical Minerals,1.3132608405469643,0.7975753593104316,0.5786941698556152,0.08179082113340168
2026-03-27,AI Infrastructure,Water,1.4991079680120107,1.3353188860252831,0.27328667419038416,-0.0446926371990641
2026-03-27,AI Infrastructure,Timber & Forestry,0.8865738573719599,0.7542204063155993,0.684518128214441,0.4315205414764935
2026-03-27,Clean Energy,Cybersecurity,1.4577678643693255,1.172448144132543,-0.12828881454073254,-0.22311710059107134
2026-03-27,Clean Energy,Defense,1.575441955249673,1.224236459619591,0.4667897408130299,0.16889021276130317
2026-03-27,Clean Energy,Fintech,1.8521257563637157,1.4240082168926074,0.026820427554723213,-0.12901584467962404
2026-03-27,Clean Energy,US Infrastructure,1.453706144715336,1.1849860775223597,0.14184509188086672,-0.07466326308104236
2026-03-27,Clean Energy,Agribusiness,1.533575086191731,1.1231959803755356,0.2865160470969454,0.24002626786417836
2026-03-27,Clean Energy,Critical Minerals,0.9996020466478613,0.7879754426898923,0.605121000707568,0.3930147384886754
2026-03-27,Clean Energy,Water,1.5878962315642826,1.3078797924662409,0.11992799753504904,-0.1015752327455885
2026-03-27,Clean Energy,Timber & Forestry,1.0318797413846326,0.803744188186365,0.6452812511533901,0.37618857006287293
2026-03-27,Cybersecurity,Defense,1.5165641034423576,1.3788546050451775,0.0079267281967021,-0.14333721819697395
2026-03-27,Cybersecurity,Fintech,1.0164958025609239,1.004663370870045,0.40968510466325114,0.36632368511406155
2026-03-27,Cybersecurity,US Infrastructure,1.4618334884823674,1.328521302858989,0.2469406677205133,-0.10259575317581515
2026-03-27,Cybersecurity,Agribusiness,1.4379100618908094,1.3271346315442856,0.0,-0.14041867670964264
2026-03-27,Cybersecurity,Critical Minerals,1.4693973841047452,1.0444413161070736,0.24022049194307335,0.007916937236256269
2026-03-27,Cybersecurity,Water,1.628532126667635,1.4004346918684618,0.17177717000527243,-0.058827758955441345
2026-03-27,Cybersecurity,Timber & Forestry,1.564240962519922,1.3847748554256791,0.0,-0.06088395118814297
2026-03-27,Defense,Fintech,1.525175771041513,1.2933046742507772,0.13632804716755204,-0.15539807291615573
2026-03-27,Defense,US Infrastructure,1.2875392548871554,1.1041524814710781,0.317190730276544,0.18160097003293857
2026-03-27,Defense,Agribusiness,1.2835732840495044,0.9527607708178553,0.21491627851919387,0.15410486613414362
2026-03-27,Defense,Critical Minerals,1.7533657261601505,1.2824002254558935,0.23026182770843998,0.21932779676810366
2026-03-27,Defense,Water,1.3598715840805504,1.2426240502112635,0.219617537980951,0.019801991985364285
2026-03-27,Defense,Timber & Forestry,1.197284902918168,1.1476756741149714,0.3792532166124957,0.23577229381224113
2026-03-27,Fintech,US Infrastructure,1.3074785363290407,1.06281352840807,0.2770810261984398,0.0
2026-03-27,Fintech,Agribusiness,1.4996378188660189,1.4019997584890849,0.12057267410681152,0.020390460918546845
2026-03-27,Fintech,Critical Minerals,1.812557868515508,1.3832442002711116,0.20093448008827494,0.10301390235281846
2026-03-27,Fintech,Water,1.2595135856673971,1.122248175421321,0.23161059654111954,-0.053128902742542325
2026-03-27,Fintech,Timber & Forestry,1.3690214081634628,1.1877218137570795,0.1948009203858156,0.0
2026-03-27,US Infrastructure,Agribusiness,1.16649438007379,0.8527932077457872,0.40720855598579103,0.34439836969438403
2026-03-27,US Infrastructure,Critical Minerals,1.4085703281787243,1.1588856131881204,0.13434642401598654,-0.01850129481606451
2026-03-27,US Infrastructure,Water,0.981946643597316,0.7659342493729728,0.5711128947071523,0.41530334648352824
2026-03-27,US Infrastructure,Timber & Forestry,1.1697842125422855,0.9563422866036727,0.35321732148410295,0.2786669814384043
2026-03-27,Agribusiness,Critical Minerals,1.5495347480219785,1.1957170115922287,0.554075664642413,0.2050910718370812
2026-03-27,Agribusiness,Water,1.043657091002785,0.9030977470707193,0.4651534654995663,0.1751165739778771
2026-03-27,Agribusiness,Timber & Forestry,0.8746879659842196,0.8120569169694339,0.5527144296722397,0.5090078109519984
2026-03-27,Critical Minerals,Water,1.711477909015474,1.3994552291835958,0.3232595918763607,0.0
2026-03-27,Critical Minerals,Timber & Forestry,1.159900289915603,0.8178399293701789,0.5337444279218291,0.4416507137562121
2026-03-27,Water,Timber & Forestry,1.318023036732346,1.0967921276258608,0.3082409726130141,0.1529742947536598
2026-04-24,Robotics & AI,AI Infrastructure,0.7710006886644586,0.5030410015329816,0.8054072600538544,0.6129767921268049
2026-04-24,Robotics & AI,Clean Energy,0.8922917364969937,0.7929977950065842,0.5302674803039547,0.49429479240132645
2026-04-24,Robotics & AI,Cybersecurity,1.552215544597495,1.4581116716649138,0.08276626340951565,0.014916376508329651
2026-04-24,Robotics & AI,Defense,1.7155549345299257,1.6068888890592132,-0.10867409160920527,-0.2308803795778664
2026-04-24,Robotics & AI,Fintech,1.411520917277732,1.2382510602337042,0.21859554070308868,0.14551286521189838
2026-04-24,Robotics & AI,US Infrastructure,1.4167710716284352,1.3587688875184298,0.11212407238371382,0.038373848203416924
2026-04-24,Robotics & AI,Agribusiness,1.0187484563519231,0.9677368351865038,0.5519112478547661,0.38187696971507945
2026-04-24,Robotics & AI,Critical Minerals,1.1798609936323405,0.9658768167080772,0.6622468956967599,0.43259375920539217
2026-04-24,Robotics & AI,Water,1.2486158211746359,1.179904878273025,0.4905000899502285,0.14969130271092965
2026-04-24,Robotics & AI,Timber & Forestry,0.955670864544237,0.9048897359944984,0.6381009882787378,0.5465950516838776
2026-04-24,AI Infrastructure,Clean Energy,0.8344758785338827,0.6946544089978626,0.7161116398508363,0.547981424361225
2026-04-24,AI Infrastructure,Cybersecurity,1.6536914361343071,1.3048742056962999,0.059961144800476145,-0.08235729786382542
2026-04-24,AI Infrastructure,Defense,1.6653951970416883,1.559263167277099,0.20069893084068374,-0.04309395974019532
2026-04-24,AI Infrastructure,Fintech,1.4626834163019986,1.2166337888662546,0.16962511684643433,0.0
2026-04-24,AI Infrastructure,US Infrastructure,1.5132112347323816,1.3614408444046457,0.08700570385934128,-0.07458145064049673
2026-04-24,AI Infrastructure,Agribusiness,1.4633694706667582,1.0849430653837233,0.1868289694304691,0.027435673407854067
2026-04-24,AI Infrastructure,Critical Minerals,1.25237287730863,0.9328733024064426,0.2959016297637945,0.05578427803158509
2026-04-24,AI Infrastructure,Water,1.4844196254111113,1.3509818694283,0.33239805432101555,0.0
2026-04-24,AI Infrastructure,Timber & Forestry,1.2768510464700364,1.2160977535702584,0.18763780693506787,0.03899642344896067
2026-04-24,Clean Energy,Cybersecurity,1.4051055683920264,1.2972029297339016,-0.13238446594820477,-0.301602436919336
2026-04-24,Clean Energy,Defense,1.7171427200027274,1.5430447027324408,0.2110312411841358,-0.11677153489900367
2026-04-24,Clean Energy,Fintech,1.5909496337929554,1.3986489808187412,0.10781135517625164,-0.09932688937933767
2026-04-24,Clean Energy,US Infrastructure,1.3188098696266515,0.9477850299645146,0.21715730981168105,-0.09135246795527963
2026-04-24,Clean Energy,Agribusiness,1.3487409261075116,1.012162932386075,0.3810393964063463,0.23959502203399105
2026-04-24,Clean Energy,Critical Minerals,1.1397715247119324,1.1025662626789898,0.294994166388435,0.1941831039316201
2026-04-24,Clean Energy,Water,1.5319085165506712,0.9809504658675966,0.43877118869371906,-0.036130523830348836
2026-04-24,Clean Energy,Timber & Forestry,1.144364419244397,0.8642577618658556,0.19107657360956135,0.06226364197551963
2026-04-24,Cybersecurity,Defense,1.3112448459297972,1.2748083048290209,0.015001266553544054,-0.11169808522017233
2026-04-24,Cybersecurity,Fintech,1.0346242740208715,0.8942569648606096,0.4539566777189087,0.39443093806847473
2026-04-24,Cybersecurity,US Infrastructure,1.4439868619194927,1.4352077035326933,-0.02072860137486294,-0.12407979300512617
2026-04-24,Cybersecurity,Agribusiness,1.4910683780928051,1.379097135129974,0.0,-0.05402298818140769
2026-04-24,Cybersecurity,Critical Minerals,1.6043914867123437,1.1897849174379853,0.124428732772219,-0.0884000206780847
2026-04-24,Cybersecurity,Water,1.5302721070545722,1.2683167159110773,0.20487106196804247,0.10651134411912946
2026-04-24,Cybersecurity,Timber & Forestry,1.4609787887859083,1.268969629882769,0.3538134418832092,0.041317468521382586
2026-04-24,Defense,Fintech,1.4127784263787502,1.2036644498262552,0.14456410024740368,-0.0728763281767602
2026-04-24,Defense,US Infrastructure,1.3382374209244847,1.0185933086803032,0.41673208804436823,0.1585662295437886
2026-04-24,Defense,Agribusiness,1.415867311682809,1.2310845836298037,0.0,-0.12952418403931756
2026-04-24,Defense,Critical Minerals,1.833264963724768,1.343682375269882,0.20697509276181875,0.014212448592190185
2026-04-24,Defense,Water,1.4628663308216088,1.211259931794481,0.2113272917883487,0.0
2026-04-24,Defense,Timber & Forestry,1.4204992664421332,1.263090360960627,0.0,-0.15658333402524804
2026-04-24,Fintech,US Infrastructure,1.3679926443767985,1.1503290857495858,0.11789723362553552,-0.07526113465780859
2026-04-24,Fintech,Agribusiness,1.5182504010576823,1.3793719026618394,0.06938328204255194,-0.004629482397286845
2026-04-24,Fintech,Critical Minerals,1.9218972736319173,1.3092543044080749,0.1812036905106644,0.14245751037130935
2026-04-24,Fintech,Water,1.3317177988194697,1.1353385956568445,0.25995869732833166,0.0021742866161598225
2026-04-24,Fintech,Timber & Forestry,1.3359139648107101,1.2534610598687819,0.19712620334739284,0.060054079067009075
2026-04-24,US Infrastructure,Agribusiness,1.2709101051795593,0.7955975946340729,0.404721554378711,0.18270449579335302
2026-04-24,US Infrastructure,Critical Minerals,1.4745101259584763,1.1086840099542141,0.2397765695195745,0.06849995842488388
2026-04-24,US Infrastructure,Water,0.9218668779621638,0.7185835342922878,0.6016171855072726,0.5303883799965399
2026-04-24,US Infrastructure,Timber & Forestry,1.2348353373639136,1.03631341238372,0.3940366485510823,0.14846558989544842
2026-04-24,Agribusiness,Critical Minerals,1.389363294373477,1.1573523834514552,0.679924434594327,0.24552323892347536
2026-04-24,Agribusiness,Water,1.1068164411395889,0.8691664029059378,0.4264146996656964,0.23424259516323126
2026-04-24,Agribusiness,Timber & Forestry,0.8193801664643244,0.5358043267013435,0.7585517630912755,0.548883454832698
2026-04-24,Critical Minerals,Water,1.789554089909006,1.3716793700505763,0.3027986137087605,0.006395027909888893
2026-04-24,Critical Minerals,Timber & Forestry,1.0632018298377053,0.8837134594685127,0.7380801942734189,0.630714817700857
2026-04-24,Water,Timber & Forestry,1.0799732766183294,1.0614602268066498,0.5521987807442587,0.31042342121478894
2026-05-29,Robotics & AI,AI Infrastructure,0.9378060931502229,0.6837153573408575,0.6190050748711072,0.5245585191123792
2026-05-29,Robotics & AI,Clean Energy,0.973723204710902,0.866673798757422,0.4116049030372585,0.35150401892759187
2026-05-29,Robotics & AI,Cybersecurity,1.3872262552754413,1.1700334145349574,0.3864156963761284,0.23842045600547496
2026-05-29,Robotics & AI,Defense,1.351051898816033,1.2235320212958989,0.23644887340341522,0.09523611612158947
2026-05-29,Robotics & AI,Fintech,1.4154237213704748,1.362396514374515,0.000959386564049821,-0.02050161653006929
2026-05-29,Robotics & AI,US Infrastructure,1.3590793391108718,1.239025063348563,0.2592531435460669,0.10413268323329268
2026-05-29,Robotics & AI,Agribusiness,1.019193954011818,0.9565770636898664,0.576179792695148,0.39783348728388457
2026-05-29,Robotics & AI,Critical Minerals,1.0162517013810592,0.871490160722321,0.5793632972687028,0.5485106261416967
2026-05-29,Robotics & AI,Water,1.2536129465086825,1.1774785651984514,0.46462679547125796,0.24528244308593122
2026-05-29,Robotics & AI,Timber & Forestry,0.5551536175759602,0.48016828671032835,0.8122876812478355,0.7528271808062716
2026-05-29,AI Infrastructure,Clean Energy,0.9874895077353617,0.7383436907458532,0.6805352279027563,0.3828312922489634
2026-05-29,AI Infrastructure,Cybersecurity,1.4252230867696996,1.103393999447478,0.494743804394422,0.2503404275665086
2026-05-29,AI Infrastructure,Defense,1.4662914494383252,1.3915343680614334,0.019953249722689925,-0.021723418925212443
2026-05-29,AI Infrastructure,Fintech,1.4878949163938564,1.2907139798936513,0.1916603954622706,-0.16271610423727428
2026-05-29,AI Infrastructure,US Infrastructure,1.6295800829091032,1.4201261285643914,0.10793426813251566,-0.07334762118580582
2026-05-29,AI Infrastructure,Agribusiness,1.5116882837587124,1.2199269934523642,0.17016157418782765,-0.11249397355372014
2026-05-29,AI Infrastructure,Critical Minerals,1.4167223953288948,1.0056480378465344,0.29468148286321416,0.0
2026-05-29,AI Infrastructure,Water,1.4883614965029797,1.2816721917330645,0.33554156781318667,-0.046636582275572734
2026-05-29,AI Infrastructure,Timber & Forestry,1.067330252657252,0.7900534669121418,0.5809513208060889,0.31523722089793094
2026-05-29,Clean Energy,Cybersecurity,1.2700837003995311,1.1091418278160452,0.16636486585857727,-0.11805870889129336
2026-05-29,Clean Energy,Defense,1.4557723899234731,1.2308273353123564,0.3366320498463926,0.20039881200216544
2026-05-29,Clean Energy,Fintech,1.6125773934013796,1.4271333486120337,0.11438512897547198,-0.12734386798212824
2026-05-29,Clean Energy,US Infrastructure,1.2699267989988914,0.9579987123206307,0.23764747438335232,-0.04122208386448941
2026-05-29,Clean Energy,Agribusiness,1.3491742518335972,1.0700207551461616,0.3372053402675169,0.25035882465966236
2026-05-29,Clean Energy,Critical Minerals,1.1653802266284043,0.8796103256209186,0.46850207939834576,0.18270972140399652
2026-05-29,Clean Energy,Water,1.5963484926597007,1.0511709952859223,0.35278214309507966,-0.1085892020882214
2026-05-29,Clean Energy,Timber & Forestry,1.0052280274091197,0.8662321152717412,0.4237130671290643,0.27578271020501804
2026-05-29,Cybersecurity,Defense,1.434826031278303,1.138887294740671,0.30230787349261706,0.04718133802195571
2026-05-29,Cybersecurity,Fintech,1.2650856376132542,1.1461287941763827,0.03939501959854411,-0.08659069468191138
2026-05-29,Cybersecurity,US Infrastructure,1.455304284137167,1.4231703054458715,-0.010588551230302484,-0.08256668594297484
2026-05-29,Cybersecurity,Agribusiness,1.4620554395408958,1.329745714513061,0.1297955201453802,-0.109681013724311
2026-05-29,Cybersecurity,Critical Minerals,1.2859858747826294,1.1004408161972572,0.2897409349994837,0.08997207843741817
2026-05-29,Cybersecurity,Water,1.394104534377667,1.3369075124018144,0.1848431443222823,0.13251279557722526
2026-05-29,Cybersecurity,Timber & Forestry,1.4421404296339122,1.3231592990664989,0.20757615622070047,0.042805873661801955
2026-05-29,Defense,Fintech,1.3165578578709145,1.0643612526234023,0.13715682559471856,0.07343175345015857
2026-05-29,Defense,US Infrastructure,1.1313740784368007,1.0601824387065673,0.3359219108317264,0.308501229103876
2026-05-29,Defense,Agribusiness,1.3663679184326165,1.1347606872949667,0.17864440171471418,-0.08158427524027019
2026-05-29,Defense,Critical Minerals,1.5858190811726491,1.1850643482194214,0.4299153954932433,0.13688123283302248
2026-05-29,Defense,Water,1.3396895588815487,0.9850196941089935,0.3868716029066709,0.2053546509292298
2026-05-29,Defense,Timber & Forestry,1.2294265759760061,1.188851049982521,0.35201107252903485,0.07087089397617666
2026-05-29,Fintech,US Infrastructure,1.1847850295133013,1.1232026966167423,0.29145290370557303,0.21703257574218376
2026-05-29,Fintech,Agribusiness,1.4631554654855752,1.30851691693437,0.24104160314698678,0.05518081871353846
2026-05-29,Fintech,Critical Minerals,1.7487529234974035,1.4446623515065742,0.24118458525312328,0.07725567594933634
2026-05-29,Fintech,Water,1.248594349430762,1.0171114959127714,0.19014360497698557,0.0405236468381108
2026-05-29,Fintech,Timber & Forestry,1.3362964403254465,1.2355435716413268,0.21352849625979883,0.06940575628961276
2026-05-29,US Infrastructure,Agribusiness,1.2130156551132467,0.7871520380277072,0.43894567016554864,0.24804526907420188
2026-05-29,US Infrastructure,Critical Minerals,1.2818477110245636,1.0722839974437164,0.2905178758945117,0.07557118254994923
2026-05-29,US Infrastructure,Water,0.8335895597849098,0.6964452407832076,0.6985096249583992,0.5457817165986713
2026-05-29,US Infrastructure,Timber & Forestry,1.2455357310549713,1.0912417560514944,0.42638609038631414,0.3376285332133051
2026-05-29,Agribusiness,Critical Minerals,1.4515569980448364,1.049688116547791,0.5476393222750182,0.2850652555580127
2026-05-29,Agribusiness,Water,1.1020681659638725,0.8290424180053905,0.4367120475463707,0.22113496455184983
2026-05-29,Agribusiness,Timber & Forestry,1.0049745154937335,0.8234799022560292,0.5453399709238295,0.49460956820640045
2026-05-29,Critical Minerals,Water,1.6130739539794912,1.411222832333696,0.2758243212162219,-0.011874144445318164
2026-05-29,Critical Minerals,Timber & Forestry,1.025497731265956,0.756464157054609,0.6390516278540095,0.5857377838462168
2026-05-29,Water,Timber & Forestry,1.4177607358743616,1.2802807687917064,0.41377201906400984,0.13219716658017033
2026-06-26,Robotics & AI,AI Infrastructure,0.9861373367294449,0.7958852573495695,0.6207096521839605,0.5097685636940688
2026-06-26,Robotics & AI,Clean Energy,1.0864476082023957,0.780417768524199,0.48185171143324906,0.2945907085778535
2026-06-26,Robotics & AI,Cybersecurity,1.3753468922070777,1.2103672648763606,0.2685778757507102,0.1981834901854729
2026-06-26,Robotics & AI,Defense,1.3857581952344906,1.238837972786934,0.15108081401111495,0.09352442933591523
2026-06-26,Robotics & AI,Fintech,1.4703098150701503,1.3798095277045654,0.05189166822314851,0.014768629707864382
2026-06-26,Robotics & AI,US Infrastructure,1.307308057280262,1.2160434666661148,0.26369712097251247,0.1780282699026446
2026-06-26,Robotics & AI,Agribusiness,0.9360379613472328,0.8995889177051248,0.5731008073316528,0.45941824584928587
2026-06-26,Robotics & AI,Critical Minerals,1.1118358278070612,0.858179541053321,0.3891433358373817,0.30937500656332184
2026-06-26,Robotics & AI,Water,1.3146655433068615,1.2089860782908932,0.34330152685261217,0.2025364934158315
2026-06-26,Robotics & AI,Timber & Forestry,0.8783351583252549,0.702346902403095,0.6504275032683181,0.47212699840580863
2026-06-26,AI Infrastructure,Clean Energy,1.232219920936739,0.8474392430721802,0.35873560002825833,0.11647228652817561
2026-06-26,AI Infrastructure,Cybersecurity,1.4631053514414603,1.0794552257669685,0.49278744578318256,0.2678973239502303
2026-06-26,AI Infrastructure,Defense,1.3993281056886446,1.3020846638673182,0.1835565193960736,0.0
2026-06-26,AI Infrastructure,Fintech,1.5183598966053244,1.3837376835658386,0.02640785863335141,-0.19212146442547173
2026-06-26,AI Infrastructure,US Infrastructure,1.518978319763292,1.3651882476657997,-0.021481831252134483,-0.16887005339759215
2026-06-26,AI Infrastructure,Agribusiness,1.6409522599585087,1.2311604567485293,0.20341020084376454,-0.10731215206907663
2026-06-26,AI Infrastructure,Critical Minerals,1.366416514764049,1.00589270643057,0.16244682879437677,-0.030736491097294975
2026-06-26,AI Infrastructure,Water,1.6468202050764889,1.4516231332348473,-0.04189765969829058,-0.20498196420886491
2026-06-26,AI Infrastructure,Timber & Forestry,1.2065334095835583,0.8880874995685839,0.44505963165793744,0.19216715687815775
2026-06-26,Clean Energy,Cybersecurity,1.2912178031374424,1.1455890898166348,0.045842087340043344,-0.18564402987982787
2026-06-26,Clean Energy,Defense,1.6445231558858864,1.341178657170182,0.3293097437262693,0.05469583181358009
2026-06-26,Clean Energy,Fintech,1.7237679050509422,1.5020624466137442,0.17434818306544944,-0.07546604385123964
2026-06-26,Clean Energy,US Infrastructure,1.334516485469252,1.116691503921954,0.3278521865731472,0.029613036490656986
2026-06-26,Clean Energy,Agribusiness,1.4335321483274905,1.0229572734186234,0.5302586226022156,0.40640608197653166
2026-06-26,Clean Energy,Critical Minerals,0.9642053967572418,0.7419024296998551,0.5942501567457948,0.3080062193480094
2026-06-26,Clean Energy,Water,1.6503677785368809,1.3701691143058274,0.0,-0.0631488810130283
2026-06-26,Clean Energy,Timber & Forestry,1.055868661660998,0.7879978588746588,0.5746318084708277,0.31449361911806184
2026-06-26,Cybersecurity,Defense,1.5134321998238693,1.3999842165120455,-0.03915410151964784,-0.07394426911842597
2026-06-26,Cybersecurity,Fintech,1.389115988505235,1.3385111419456746,0.037967313609314164,-0.12475422636725012
2026-06-26,Cybersecurity,US Infrastructure,1.4740842589912535,1.4549639954208684,-0.010887268530567925,-0.15245920916862343
2026-06-26,Cybersecurity,Agribusiness,1.5345829452416746,1.4342604146739835,0.0,-0.22959133034404003
2026-06-26,Cybersecurity,Critical Minerals,1.3805184999152735,1.1226118745664444,-0.01711933663516036,-0.08143274864424195
2026-06-26,Cybersecurity,Water,1.40297434869007,1.3495630168601342,0.18376376572487466,0.0581915933852687
2026-06-26,Cybersecurity,Timber & Forestry,1.4064420055000308,1.2316618583749577,0.2971913076609415,0.09585108182062764
2026-06-26,Defense,Fintech,1.3075267371415764,1.1126681722682694,0.3327910358211438,0.09258258441779725
2026-06-26,Defense,US Infrastructure,1.2859795527977709,1.072989650534885,0.31906216723476555,0.2942149182512219
2026-06-26,Defense,Agribusiness,1.371005997134726,1.1948937292632342,0.17450366197921963,-0.08517162580923286
2026-06-26,Defense,Critical Minerals,1.6459321795949207,1.380457288924745,0.31590598793331287,0.0976232854487975
2026-06-26,Defense,Water,1.3130606382412746,1.0350102498482825,0.5453368140637053,0.19645909107702123
2026-06-26,Defense,Timber & Forestry,1.4204223974003038,1.274718627550321,0.1061301195256547,-0.004422376596805205
2026-06-26,Fintech,US Infrastructure,1.2248813551722062,1.1382461095492367,0.28361758747677057,0.2520404694802679
2026-06-26,Fintech,Agribusiness,1.5771229623694423,1.3132716594265597,0.28279875690561995,0.02161838628319072
2026-06-26,Fintech,Critical Minerals,1.545778975404089,1.4089169469136387,0.6748030423690445,0.11918237550995223
2026-06-26,Fintech,Water,1.30882232769937,1.0548135839786508,0.17223287407300053,0.03587953546626199
2026-06-26,Fintech,Timber & Forestry,1.4238508570862596,1.2707479527532393,0.2859339272287207,0.10216388731011591
2026-06-26,US Infrastructure,Agribusiness,1.2490881845408608,0.7447986265168645,0.5054288026622649,0.25777336833373066
2026-06-26,US Infrastructure,Critical Minerals,1.3051809613509722,1.0931871714280645,0.14224935624914045,0.03659875695354262
2026-06-26,US Infrastructure,Water,0.8908346947642607,0.7122493383477706,0.6220613435092759,0.4951203685343772
2026-06-26,US Infrastructure,Timber & Forestry,1.4275945320763441,1.3906279426051444,0.17822585312901393,0.07450995327086121
2026-06-26,Agribusiness,Critical Minerals,1.5000435165208157,1.0899973664484504,0.6116927610876444,0.330875792164252
2026-06-26,Agribusiness,Water,1.2390911620564788,0.6921864330557006,0.5497782293113047,0.1710477175527117
2026-06-26,Agribusiness,Timber & Forestry,0.914159981811259,0.6607691685942053,0.6237450998541486,0.42567577899106324
2026-06-26,Critical Minerals,Water,1.6999335906296587,1.446990836091582,0.06922811196694645,-0.08537499713943479
2026-06-26,Critical Minerals,Timber & Forestry,1.003093511797453,0.63904271720897,0.857417329186952,0.608049962008864
2026-06-26,Water,Timber & Forestry,1.4848785654611367,1.4121898986655663,0.13977326208395321,-0.0627987525171982
